-- phpMyAdmin SQL Dump
-- version 5.2.1
-- https://www.phpmyadmin.net/
--
-- Máy chủ: 127.0.0.1
-- Thời gian đã tạo: Th1 16, 2026 lúc 05:17 AM
-- Phiên bản máy phục vụ: 10.4.32-MariaDB
-- Phiên bản PHP: 8.2.12

SET SQL_MODE = "NO_AUTO_VALUE_ON_ZERO";
START TRANSACTION;
SET time_zone = "+00:00";


/*!40101 SET @OLD_CHARACTER_SET_CLIENT=@@CHARACTER_SET_CLIENT */;
/*!40101 SET @OLD_CHARACTER_SET_RESULTS=@@CHARACTER_SET_RESULTS */;
/*!40101 SET @OLD_COLLATION_CONNECTION=@@COLLATION_CONNECTION */;
/*!40101 SET NAMES utf8mb4 */;

--
-- Cơ sở dữ liệu: `doan`
--

-- --------------------------------------------------------

--
-- Cấu trúc bảng cho bảng `chat_history`
--

CREATE TABLE `chat_history` (
  `chat_id` bigint(20) NOT NULL PRIMARY KEY,
  `user_id` int(11) NOT NULL,
  `message_role` enum('user','model') NOT NULL,
  `message_text` text NOT NULL,
  `sources` longtext CHARACTER SET utf8mb4 COLLATE utf8mb4_bin DEFAULT NULL COMMENT 'Nguồn tham khảo từ Google Search' CHECK (json_valid(`sources`)),
  `created_at` timestamp NOT NULL DEFAULT current_timestamp()
) ENGINE=InnoDB DEFAULT CHARSET=utf8mb4 COLLATE=utf8mb4_unicode_ci COMMENT='Lịch sử chat với AI';

-- --------------------------------------------------------

--
-- Cấu trúc bảng cho bảng `dim_aqi_scale`
--

CREATE TABLE `dim_aqi_scale` (
  `aqi_level_id` int(11) NOT NULL PRIMARY KEY,
  `min_aqi` int(11) NOT NULL COMMENT 'Giá trị AQI tối thiểu',
  `max_aqi` int(11) NOT NULL COMMENT 'Giá trị AQI tối đa',
  `level_name` varchar(50) NOT NULL COMMENT 'Tên mức độ (Tốt, Trung bình, Kém, Xấu, Rất xấu, Nguy hại)',
  `level_name_en` varchar(50) DEFAULT NULL COMMENT 'Tên mức độ tiếng Anh',
  `color_code` varchar(7) NOT NULL COMMENT 'Mã màu hex (#00e400, #ffff00, etc.)',
  `health_impact` text DEFAULT NULL COMMENT 'Tác động sức khỏe',
  `recommendation` text DEFAULT NULL COMMENT 'Khuyến nghị',
  `created_at` timestamp NOT NULL DEFAULT current_timestamp()
) ENGINE=InnoDB DEFAULT CHARSET=utf8mb4 COLLATE=utf8mb4_unicode_ci COMMENT='Thang đo chỉ số AQI';

--
-- Đang đổ dữ liệu cho bảng `dim_aqi_scale`
--

INSERT INTO `dim_aqi_scale` (`aqi_level_id`, `min_aqi`, `max_aqi`, `level_name`, `level_name_en`, `color_code`, `health_impact`, `recommendation`, `created_at`) VALUES
(1, 0, 50, 'Tốt', 'Good', '#00e400', 'Chất lượng không khí tốt, không ảnh hưởng đến sức khỏe', 'Mọi người có thể hoạt động bình thường ngoài trời', '2025-12-10 04:04:58'),
(2, 51, 100, 'Trung bình', 'Moderate', '#ffff00', 'Chất lượng không khí chấp nhận được, một số người nhạy cảm có thể bị ảnh hưởng nhẹ', 'Người nhạy cảm nên hạn chế hoạt động ngoài trời', '2025-12-10 04:04:58'),
(3, 101, 150, 'Kém', 'Unhealthy for Sensitive Groups', '#ff7e00', 'Người nhạy cảm có thể gặp vấn đề về hô hấp', 'Trẻ em, người già, người có bệnh hô hấp nên hạn chế ra ngoài', '2025-12-10 04:04:58'),
(4, 151, 200, 'Xấu', 'Unhealthy', '#ff0000', 'Mọi người có thể bị ảnh hưởng, người nhạy cảm bị ảnh hưởng nghiêm trọng', 'Mọi người nên hạn chế ra ngoài, đeo khẩu trang', '2025-12-10 04:04:58'),
(5, 201, 300, 'Rất xấu', 'Very Unhealthy', '#8f3f97', 'Cảnh báo sức khỏe khẩn cấp, toàn bộ dân số có thể bị ảnh hưởng', 'Tránh ra ngoài, đóng cửa, sử dụng máy lọc không khí', '2025-12-10 04:04:58'),
(6, 301, 500, 'Nguy hại', 'Hazardous', '#7e0023', 'Cảnh báo sức khỏe: mọi người có thể bị ảnh hưởng nghiêm trọng', 'Ở trong nhà, đóng tất cả cửa, sử dụng máy lọc không khí', '2025-12-10 04:04:58');

-- --------------------------------------------------------

--
-- Cấu trúc bảng cho bảng `dim_districts`
--

CREATE TABLE `dim_districts` (
  `district_id` int(11) NOT NULL PRIMARY KEY,
  `name` varchar(100) NOT NULL COMMENT 'Tên quận/huyện',
  `latitude` decimal(10,7) NOT NULL COMMENT 'Vĩ độ',
  `longitude` decimal(10,7) NOT NULL COMMENT 'Kinh độ',
  `created_at` timestamp NOT NULL DEFAULT current_timestamp(),
  `updated_at` timestamp NOT NULL DEFAULT current_timestamp() ON UPDATE current_timestamp()
) ENGINE=InnoDB DEFAULT CHARSET=utf8mb4 COLLATE=utf8mb4_unicode_ci COMMENT='Danh mục Quận/Huyện Hà Nội';

--
-- Đang đổ dữ liệu cho bảng `dim_districts`
--

INSERT INTO `dim_districts` (`district_id`, `name`, `latitude`, `longitude`, `created_at`, `updated_at`) VALUES
(1, 'Ba Đình', 21.0364000, 105.8363000, '2025-12-10 04:04:58', '2025-12-10 04:04:58'),
(2, 'Hoàn Kiếm', 21.0291000, 105.8522000, '2025-12-10 04:04:58', '2025-12-10 04:04:58'),
(3, 'Đống Đa', 21.0150000, 105.8290000, '2025-12-10 04:04:58', '2025-12-10 04:04:58'),
(4, 'Hai Bà Trưng', 21.0096000, 105.8574000, '2025-12-10 04:04:58', '2025-12-10 04:04:58'),
(5, 'Cầu Giấy', 21.0300000, 105.7930000, '2025-12-10 04:04:58', '2025-12-10 04:04:58'),
(6, 'Thanh Xuân', 20.9990000, 105.8070000, '2025-12-10 04:04:58', '2025-12-10 04:04:58'),
(7, 'Hoàng Mai', 20.9730000, 105.8530000, '2025-12-10 04:04:58', '2025-12-10 04:04:58'),
(8, 'Long Biên', 21.0560000, 105.8800000, '2025-12-10 04:04:58', '2025-12-10 04:04:58'),
(9, 'Nam Từ Liêm', 21.0320000, 105.7570000, '2025-12-10 04:04:58', '2025-12-10 04:04:58'),
(10, 'Bắc Từ Liêm', 21.0700000, 105.7570000, '2025-12-10 04:04:58', '2025-12-10 04:04:58'),
(11, 'Tây Hồ', 21.0720000, 105.8250000, '2025-12-10 04:04:58', '2025-12-10 04:04:58'),
(12, 'Hà Đông', 20.9670000, 105.7570000, '2025-12-10 04:04:58', '2025-12-10 04:04:58'),
(13, 'Sơn Tây', 21.1370000, 105.5050000, '2025-12-10 04:04:58', '2025-12-10 04:04:58'),
(14, 'Ba Vì', 21.1170000, 105.3670000, '2025-12-10 04:04:58', '2025-12-10 04:04:58'),
(15, 'Chương Mỹ', 20.9500000, 105.6500000, '2025-12-10 04:04:58', '2025-12-10 04:04:58'),
(16, 'Đan Phượng', 21.1000000, 105.6830000, '2025-12-10 04:04:58', '2025-12-10 04:04:58'),
(17, 'Đông Anh', 21.1400000, 105.8400000, '2025-12-10 04:04:58', '2025-12-10 04:04:58'),
(18, 'Gia Lâm', 21.0170000, 105.9330000, '2025-12-10 04:04:58', '2025-12-10 04:04:58'),
(19, 'Hoài Đức', 21.0330000, 105.7000000, '2025-12-10 04:04:58', '2025-12-10 04:04:58'),
(20, 'Mê Linh', 21.1830000, 105.7170000, '2025-12-10 04:04:58', '2025-12-10 04:04:58'),
(21, 'Mỹ Đức', 20.8670000, 105.7330000, '2025-12-10 04:04:58', '2025-12-10 04:04:58'),
(22, 'Phúc Thọ', 21.1000000, 105.5500000, '2025-12-10 04:04:58', '2025-12-10 04:04:58'),
(23, 'Phú Xuyên', 20.7330000, 105.8830000, '2025-12-10 04:04:58', '2025-12-10 04:04:58'),
(24, 'Quốc Oai', 20.9830000, 105.6170000, '2025-12-10 04:04:58', '2025-12-10 04:04:58'),
(25, 'Thạch Thất', 21.0330000, 105.5500000, '2025-12-10 04:04:58', '2025-12-10 04:04:58'),
(26, 'Thanh Oai', 20.8670000, 105.7670000, '2025-12-10 04:04:58', '2025-12-10 04:04:58'),
(27, 'Thanh Trì', 20.9330000, 105.8500000, '2025-12-10 04:04:58', '2025-12-10 04:04:58'),
(28, 'Thường Tín', 20.8670000, 105.8830000, '2025-12-10 04:04:58', '2025-12-10 04:04:58'),
(29, 'Ứng Hòa', 20.7330000, 105.8000000, '2025-12-10 04:04:58', '2025-12-10 04:04:58'),
(30, 'Sóc Sơn', 21.2500000, 105.8330000, '2025-12-10 04:04:58', '2025-12-10 04:04:58');

-- --------------------------------------------------------

--
-- Cấu trúc bảng cho bảng `dim_pollution_types`
--

CREATE TABLE `dim_pollution_types` (
  `type_id` int(11) NOT NULL PRIMARY KEY,
  `type_code` varchar(50) NOT NULL COMMENT 'Mã loại (burning, construction, traffic, industrial, other)',
  `type_name` varchar(100) NOT NULL COMMENT 'Tên loại ô nhiễm',
  `description` text DEFAULT NULL,
  `icon` varchar(50) DEFAULT NULL COMMENT 'Icon class name'
) ENGINE=InnoDB DEFAULT CHARSET=utf8mb4 COLLATE=utf8mb4_unicode_ci COMMENT='Danh mục loại ô nhiễm';

--
-- Đang đổ dữ liệu cho bảng `dim_pollution_types`
--

INSERT INTO `dim_pollution_types` (`type_id`, `type_code`, `type_name`, `description`, `icon`) VALUES
(1, 'burning', 'Đốt rác', 'Đốt rác thải, rơm rạ, chất thải', 'flame'),
(2, 'construction', 'Xây dựng', 'Bụi từ công trình xây dựng', 'hammer'),
(3, 'traffic', 'Giao thông', 'Khí thải từ phương tiện giao thông', 'car'),
(4, 'industrial', 'Công nghiệp', 'Khí thải từ nhà máy, khu công nghiệp', 'factory'),
(5, 'other', 'Khác', 'Các loại ô nhiễm khác', 'alert-circle');

-- --------------------------------------------------------

--
-- Cấu trúc bảng cho bảng `fact_air_quality`
--

CREATE TABLE `fact_air_quality` (
  `record_id` bigint(20) NOT NULL PRIMARY KEY,
  `district_id` int(11) NOT NULL,
  `datetime` datetime NOT NULL COMMENT 'Thời gian đo',
  `pm25` decimal(8,2) NOT NULL COMMENT 'Nồng độ PM2.5 (µg/m³)',
  `pm10` decimal(8,2) NOT NULL COMMENT 'Nồng độ PM10 (µg/m³)',
  `temperature` decimal(5,2) NOT NULL COMMENT 'Nhiệt độ (°C)',
  `humidity` decimal(5,2) NOT NULL COMMENT 'Độ ẩm (%)',
  `aqi` int(11) NOT NULL COMMENT 'Chỉ số AQI',
  `aqi_level_id` int(11) NOT NULL COMMENT 'Mức độ AQI (FK)',
  `wind_speed` decimal(5,2) DEFAULT NULL COMMENT 'Tốc độ gió (m/s)',
  `wind_direction` int(11) DEFAULT NULL COMMENT 'Hướng gió (độ)',
  `pressure` decimal(7,2) DEFAULT NULL COMMENT 'Áp suất (hPa)',
  `source` varchar(50) DEFAULT 'station' COMMENT 'Nguồn dữ liệu: station, api, manual',
  `created_at` timestamp NOT NULL DEFAULT current_timestamp()
) ENGINE=InnoDB DEFAULT CHARSET=utf8mb4 COLLATE=utf8mb4_unicode_ci COMMENT='Dữ liệu chất lượng không khí thời gian thực';

--
-- Đang đổ dữ liệu cho bảng `fact_air_quality`
--

INSERT INTO `fact_air_quality` (`record_id`, `district_id`, `datetime`, `pm25`, `pm10`, `temperature`, `humidity`, `aqi`, `aqi_level_id`, `wind_speed`, `wind_direction`, `pressure`, `source`, `created_at`) VALUES
(1, 14, '2025-12-12 23:00:00', 91.30, 92.00, 19.60, 97.00, 169, 4, NULL, NULL, NULL, 'csv', '2025-12-12 08:22:37'),
(2, 1, '2025-12-12 23:00:00', 40.70, 42.10, 20.10, 96.00, 113, 3, NULL, NULL, NULL, 'csv', '2025-12-12 08:22:37'),
(3, 10, '2025-12-12 23:00:00', 47.80, 48.50, 19.90, 96.00, 131, 3, NULL, NULL, NULL, 'csv', '2025-12-12 08:22:37'),
(4, 15, '2025-12-12 23:00:00', 38.90, 39.20, 19.10, 98.00, 109, 3, NULL, NULL, NULL, 'csv', '2025-12-12 08:22:37'),
(5, 5, '2025-12-12 23:00:00', 47.80, 48.50, 20.10, 96.00, 131, 3, NULL, NULL, NULL, 'csv', '2025-12-12 08:22:37'),
(6, 18, '2025-12-12 23:00:00', 40.70, 42.10, 20.10, 96.00, 113, 3, NULL, NULL, NULL, 'csv', '2025-12-12 08:22:37'),
(7, 4, '2025-12-12 23:00:00', 40.70, 42.10, 20.00, 96.00, 113, 3, NULL, NULL, NULL, 'csv', '2025-12-12 08:22:37'),
(8, 19, '2025-12-12 23:00:00', 47.80, 48.50, 20.10, 96.00, 131, 3, NULL, NULL, NULL, 'csv', '2025-12-12 08:22:37'),
(9, 2, '2025-12-12 23:00:00', 40.70, 42.10, 20.10, 96.00, 113, 3, NULL, NULL, NULL, 'csv', '2025-12-12 08:22:37'),
(10, 7, '2025-12-12 23:00:00', 32.20, 33.30, 20.10, 96.00, 93, 2, NULL, NULL, NULL, 'csv', '2025-12-12 08:22:37'),
(11, 12, '2025-12-12 23:00:00', 38.90, 39.20, 20.10, 96.00, 109, 3, NULL, NULL, NULL, 'csv', '2025-12-12 08:22:37'),
(12, 8, '2025-12-12 23:00:00', 40.70, 42.10, 20.10, 96.00, 113, 3, NULL, NULL, NULL, 'csv', '2025-12-12 08:22:37'),
(13, 20, '2025-12-12 23:00:00', 47.80, 48.50, 19.90, 96.00, 131, 3, NULL, NULL, NULL, 'csv', '2025-12-12 08:22:37'),
(14, 21, '2025-12-12 23:00:00', 38.90, 39.20, 19.90, 96.00, 109, 3, NULL, NULL, NULL, 'csv', '2025-12-12 08:22:37'),
(15, 9, '2025-12-12 23:00:00', 47.80, 48.50, 20.10, 96.00, 131, 3, NULL, NULL, NULL, 'csv', '2025-12-12 08:22:37'),
(16, 23, '2025-12-12 23:00:00', 32.20, 33.30, 20.20, 96.00, 93, 2, NULL, NULL, NULL, 'csv', '2025-12-12 08:22:37'),
(17, 22, '2025-12-12 23:00:00', 47.80, 48.50, 19.50, 96.00, 131, 3, NULL, NULL, NULL, 'csv', '2025-12-12 08:22:37'),
(18, 24, '2025-12-12 23:00:00', 38.90, 39.20, 19.10, 98.00, 109, 3, NULL, NULL, NULL, 'csv', '2025-12-12 08:22:37'),
(19, 30, '2025-12-12 23:00:00', 40.70, 42.10, 20.00, 96.00, 113, 3, NULL, NULL, NULL, 'csv', '2025-12-12 08:22:37'),
(20, 13, '2025-12-12 23:00:00', 47.80, 48.50, 19.40, 96.00, 131, 3, NULL, NULL, NULL, 'csv', '2025-12-12 08:22:37'),
(21, 26, '2025-12-12 23:00:00', 38.90, 39.20, 19.90, 96.00, 109, 3, NULL, NULL, NULL, 'csv', '2025-12-12 08:22:37'),
(22, 27, '2025-12-12 23:00:00', 32.20, 33.30, 20.30, 96.00, 93, 2, NULL, NULL, NULL, 'csv', '2025-12-12 08:22:37'),
(23, 6, '2025-12-12 23:00:00', 32.20, 33.30, 20.10, 96.00, 93, 2, NULL, NULL, NULL, 'csv', '2025-12-12 08:22:37'),
(24, 28, '2025-12-12 23:00:00', 32.20, 33.30, 20.30, 96.00, 93, 2, NULL, NULL, NULL, 'csv', '2025-12-12 08:22:37'),
(25, 25, '2025-12-12 23:00:00', 47.80, 48.50, 19.80, 99.00, 131, 3, NULL, NULL, NULL, 'csv', '2025-12-12 08:22:37'),
(26, 11, '2025-12-12 23:00:00', 40.70, 42.10, 20.20, 96.00, 113, 3, NULL, NULL, NULL, 'csv', '2025-12-12 08:22:37'),
(27, 16, '2025-12-12 23:00:00', 47.80, 48.50, 20.00, 96.00, 131, 3, NULL, NULL, NULL, 'csv', '2025-12-12 08:22:38'),
(28, 17, '2025-12-12 23:00:00', 40.70, 42.10, 20.20, 96.00, 113, 3, NULL, NULL, NULL, 'csv', '2025-12-12 08:22:38'),
(29, 3, '2025-12-12 23:00:00', 40.70, 42.10, 20.00, 96.00, 113, 3, NULL, NULL, NULL, 'csv', '2025-12-12 08:22:38'),
(30, 29, '2025-12-12 23:00:00', 38.90, 39.20, 20.30, 95.00, 109, 3, NULL, NULL, NULL, 'csv', '2025-12-12 08:22:38'),
(31, 14, '2025-12-15 23:00:00', 93.80, 94.30, 15.60, 97.00, 170, 4, NULL, NULL, NULL, 'csv', '2025-12-15 02:17:38'),
(32, 1, '2025-12-15 23:00:00', 89.60, 90.30, 15.80, 93.00, 168, 4, NULL, NULL, NULL, 'csv', '2025-12-15 02:17:38'),
(33, 10, '2025-12-15 23:00:00', 107.10, 107.60, 15.90, 93.00, 177, 4, NULL, NULL, NULL, 'csv', '2025-12-15 02:17:38'),
(34, 15, '2025-12-15 23:00:00', 98.70, 99.20, 14.20, 97.00, 173, 4, NULL, NULL, NULL, 'csv', '2025-12-15 02:17:38'),
(35, 5, '2025-12-15 23:00:00', 107.10, 107.60, 15.80, 93.00, 177, 4, NULL, NULL, NULL, 'csv', '2025-12-15 02:17:38'),
(36, 18, '2025-12-15 23:00:00', 89.60, 90.30, 15.90, 93.00, 168, 4, NULL, NULL, NULL, 'csv', '2025-12-15 02:17:38'),
(37, 4, '2025-12-15 23:00:00', 89.60, 90.30, 15.80, 93.00, 168, 4, NULL, NULL, NULL, 'csv', '2025-12-15 02:17:38'),
(38, 19, '2025-12-15 23:00:00', 107.10, 107.60, 15.90, 93.00, 177, 4, NULL, NULL, NULL, 'csv', '2025-12-15 02:17:38'),
(39, 2, '2025-12-15 23:00:00', 89.60, 90.30, 15.80, 93.00, 168, 4, NULL, NULL, NULL, 'csv', '2025-12-15 02:17:38'),
(40, 7, '2025-12-15 23:00:00', 106.20, 106.90, 15.90, 93.00, 177, 4, NULL, NULL, NULL, 'csv', '2025-12-15 02:17:38'),
(41, 12, '2025-12-15 23:00:00', 98.70, 99.20, 15.90, 93.00, 173, 4, NULL, NULL, NULL, 'csv', '2025-12-15 02:17:38'),
(42, 8, '2025-12-15 23:00:00', 89.60, 90.30, 15.80, 93.00, 168, 4, NULL, NULL, NULL, 'csv', '2025-12-15 02:17:38'),
(43, 20, '2025-12-15 23:00:00', 107.10, 107.60, 15.90, 93.00, 177, 4, NULL, NULL, NULL, 'csv', '2025-12-15 02:17:38'),
(44, 21, '2025-12-15 23:00:00', 98.70, 99.20, 16.00, 91.00, 173, 4, NULL, NULL, NULL, 'csv', '2025-12-15 02:17:38'),
(45, 9, '2025-12-15 23:00:00', 107.10, 107.60, 15.90, 93.00, 177, 4, NULL, NULL, NULL, 'csv', '2025-12-15 02:17:38'),
(46, 23, '2025-12-15 23:00:00', 106.20, 106.90, 15.70, 95.00, 177, 4, NULL, NULL, NULL, 'csv', '2025-12-15 02:17:38'),
(47, 22, '2025-12-15 23:00:00', 107.10, 107.60, 15.30, 97.00, 177, 4, NULL, NULL, NULL, 'csv', '2025-12-15 02:17:38'),
(48, 24, '2025-12-15 23:00:00', 98.70, 99.20, 14.20, 97.00, 173, 4, NULL, NULL, NULL, 'csv', '2025-12-15 02:17:38'),
(49, 30, '2025-12-15 23:00:00', 89.60, 90.30, 15.20, 91.00, 168, 4, NULL, NULL, NULL, 'csv', '2025-12-15 02:17:38'),
(50, 13, '2025-12-15 23:00:00', 107.10, 107.60, 15.20, 97.00, 177, 4, NULL, NULL, NULL, 'csv', '2025-12-15 02:17:38'),
(51, 26, '2025-12-15 23:00:00', 98.70, 99.20, 16.10, 91.00, 173, 4, NULL, NULL, NULL, 'csv', '2025-12-15 02:17:38'),
(52, 27, '2025-12-15 23:00:00', 106.20, 106.90, 15.70, 94.00, 177, 4, NULL, NULL, NULL, 'csv', '2025-12-15 02:17:38'),
(53, 6, '2025-12-15 23:00:00', 106.20, 106.90, 15.90, 93.00, 177, 4, NULL, NULL, NULL, 'csv', '2025-12-15 02:17:38'),
(54, 28, '2025-12-15 23:00:00', 106.20, 106.90, 15.70, 94.00, 177, 4, NULL, NULL, NULL, 'csv', '2025-12-15 02:17:38'),
(55, 25, '2025-12-15 23:00:00', 107.10, 107.60, 15.20, 96.00, 177, 4, NULL, NULL, NULL, 'csv', '2025-12-15 02:17:38'),
(56, 11, '2025-12-15 23:00:00', 89.60, 90.30, 15.80, 90.00, 168, 4, NULL, NULL, NULL, 'csv', '2025-12-15 02:17:38'),
(57, 16, '2025-12-15 23:00:00', 107.10, 107.60, 16.00, 93.00, 177, 4, NULL, NULL, NULL, 'csv', '2025-12-15 02:17:38'),
(58, 17, '2025-12-15 23:00:00', 89.60, 90.30, 15.80, 90.00, 168, 4, NULL, NULL, NULL, 'csv', '2025-12-15 02:17:38'),
(59, 3, '2025-12-15 23:00:00', 89.60, 90.30, 15.80, 93.00, 168, 4, NULL, NULL, NULL, 'csv', '2025-12-15 02:17:38'),
(60, 29, '2025-12-15 23:00:00', 98.70, 99.20, 15.70, 93.00, 173, 4, NULL, NULL, NULL, 'csv', '2025-12-15 02:17:38'),
(61, 14, '2025-12-16 23:00:00', 53.10, 53.40, 18.40, 94.00, 144, 3, NULL, NULL, NULL, 'csv', '2025-12-16 17:01:04'),
(62, 1, '2025-12-16 23:00:00', 44.50, 44.70, 18.70, 93.00, 123, 3, NULL, NULL, NULL, 'csv', '2025-12-16 17:01:04'),
(63, 10, '2025-12-16 23:00:00', 67.50, 68.00, 18.50, 93.00, 157, 4, NULL, NULL, NULL, 'csv', '2025-12-16 17:01:04'),
(64, 15, '2025-12-16 23:00:00', 69.60, 70.10, 17.50, 97.00, 158, 4, NULL, NULL, NULL, 'csv', '2025-12-16 17:01:04'),
(65, 5, '2025-12-16 23:00:00', 67.50, 68.00, 18.70, 93.00, 157, 4, NULL, NULL, NULL, 'csv', '2025-12-16 17:01:04'),
(66, 18, '2025-12-16 23:00:00', 44.50, 44.70, 18.70, 93.00, 123, 3, NULL, NULL, NULL, 'csv', '2025-12-16 17:01:04'),
(67, 4, '2025-12-16 23:00:00', 44.50, 44.70, 18.60, 93.00, 123, 3, NULL, NULL, NULL, 'csv', '2025-12-16 17:01:04'),
(68, 19, '2025-12-16 23:00:00', 67.50, 68.00, 18.70, 93.00, 157, 4, NULL, NULL, NULL, 'csv', '2025-12-16 17:01:04'),
(69, 2, '2025-12-16 23:00:00', 44.50, 44.70, 18.70, 93.00, 123, 3, NULL, NULL, NULL, 'csv', '2025-12-16 17:01:04'),
(70, 7, '2025-12-16 23:00:00', 62.40, 62.60, 18.70, 93.00, 154, 4, NULL, NULL, NULL, 'csv', '2025-12-16 17:01:04'),
(71, 12, '2025-12-16 23:00:00', 69.60, 70.10, 18.70, 93.00, 158, 4, NULL, NULL, NULL, 'csv', '2025-12-16 17:01:04'),
(72, 8, '2025-12-16 23:00:00', 44.50, 44.70, 18.70, 93.00, 123, 3, NULL, NULL, NULL, 'csv', '2025-12-16 17:01:04'),
(73, 20, '2025-12-16 23:00:00', 67.50, 68.00, 18.50, 93.00, 157, 4, NULL, NULL, NULL, 'csv', '2025-12-16 17:01:04'),
(74, 21, '2025-12-16 23:00:00', 69.60, 70.10, 18.30, 94.00, 158, 4, NULL, NULL, NULL, 'csv', '2025-12-16 17:01:04'),
(75, 9, '2025-12-16 23:00:00', 67.50, 68.00, 18.70, 93.00, 157, 4, NULL, NULL, NULL, 'csv', '2025-12-16 17:01:04'),
(76, 23, '2025-12-16 23:00:00', 62.40, 62.60, 18.60, 93.00, 154, 4, NULL, NULL, NULL, 'csv', '2025-12-16 17:01:04'),
(77, 22, '2025-12-16 23:00:00', 67.50, 68.00, 18.20, 93.00, 157, 4, NULL, NULL, NULL, 'csv', '2025-12-16 17:01:04'),
(78, 24, '2025-12-16 23:00:00', 69.60, 70.10, 17.50, 97.00, 158, 4, NULL, NULL, NULL, 'csv', '2025-12-16 17:01:04'),
(79, 30, '2025-12-16 23:00:00', 44.50, 44.70, 18.10, 91.00, 123, 3, NULL, NULL, NULL, 'csv', '2025-12-16 17:01:04'),
(80, 13, '2025-12-16 23:00:00', 67.50, 68.00, 18.10, 93.00, 157, 4, NULL, NULL, NULL, 'csv', '2025-12-16 17:01:04'),
(81, 26, '2025-12-16 23:00:00', 69.60, 70.10, 18.40, 94.00, 158, 4, NULL, NULL, NULL, 'csv', '2025-12-16 17:01:04'),
(82, 27, '2025-12-16 23:00:00', 62.40, 62.60, 18.70, 93.00, 154, 4, NULL, NULL, NULL, 'csv', '2025-12-16 17:01:04'),
(83, 6, '2025-12-16 23:00:00', 62.40, 62.60, 18.70, 93.00, 154, 4, NULL, NULL, NULL, 'csv', '2025-12-16 17:01:04'),
(84, 28, '2025-12-16 23:00:00', 62.40, 62.60, 18.70, 93.00, 154, 4, NULL, NULL, NULL, 'csv', '2025-12-16 17:01:04'),
(85, 25, '2025-12-16 23:00:00', 67.50, 68.00, 18.30, 96.00, 157, 4, NULL, NULL, NULL, 'csv', '2025-12-16 17:01:04'),
(86, 11, '2025-12-16 23:00:00', 44.50, 44.70, 18.50, 91.00, 123, 3, NULL, NULL, NULL, 'csv', '2025-12-16 17:01:04'),
(87, 16, '2025-12-16 23:00:00', 67.50, 68.00, 18.60, 93.00, 157, 4, NULL, NULL, NULL, 'csv', '2025-12-16 17:01:04'),
(88, 17, '2025-12-16 23:00:00', 44.50, 44.70, 18.50, 91.00, 123, 3, NULL, NULL, NULL, 'csv', '2025-12-16 17:01:04'),
(89, 3, '2025-12-16 23:00:00', 44.50, 44.70, 18.60, 93.00, 123, 3, NULL, NULL, NULL, 'csv', '2025-12-16 17:01:04'),
(90, 29, '2025-12-16 23:00:00', 69.60, 70.10, 18.50, 93.00, 158, 4, NULL, NULL, NULL, 'csv', '2025-12-16 17:01:04'),
(91, 14, '2025-12-16 23:00:00', 53.10, 53.40, 18.40, 94.00, 144, 3, NULL, NULL, NULL, 'csv', '2025-12-17 07:31:29'),
(92, 1, '2025-12-16 23:00:00', 44.50, 44.70, 18.70, 93.00, 123, 3, NULL, NULL, NULL, 'csv', '2025-12-17 07:31:29'),
(93, 10, '2025-12-16 23:00:00', 67.50, 68.00, 18.50, 93.00, 157, 4, NULL, NULL, NULL, 'csv', '2025-12-17 07:31:29'),
(94, 15, '2025-12-16 23:00:00', 69.60, 70.10, 17.50, 97.00, 158, 4, NULL, NULL, NULL, 'csv', '2025-12-17 07:31:29'),
(95, 5, '2025-12-16 23:00:00', 67.50, 68.00, 18.70, 93.00, 157, 4, NULL, NULL, NULL, 'csv', '2025-12-17 07:31:29'),
(96, 18, '2025-12-16 23:00:00', 44.50, 44.70, 18.70, 93.00, 123, 3, NULL, NULL, NULL, 'csv', '2025-12-17 07:31:29'),
(97, 4, '2025-12-16 23:00:00', 44.50, 44.70, 18.60, 93.00, 123, 3, NULL, NULL, NULL, 'csv', '2025-12-17 07:31:29'),
(98, 19, '2025-12-16 23:00:00', 67.50, 68.00, 18.70, 93.00, 157, 4, NULL, NULL, NULL, 'csv', '2025-12-17 07:31:29'),
(99, 2, '2025-12-16 23:00:00', 44.50, 44.70, 18.70, 93.00, 123, 3, NULL, NULL, NULL, 'csv', '2025-12-17 07:31:29'),
(100, 7, '2025-12-16 23:00:00', 62.40, 62.60, 18.70, 93.00, 154, 4, NULL, NULL, NULL, 'csv', '2025-12-17 07:31:29'),
(101, 12, '2025-12-16 23:00:00', 69.60, 70.10, 18.70, 93.00, 158, 4, NULL, NULL, NULL, 'csv', '2025-12-17 07:31:29'),
(102, 8, '2025-12-16 23:00:00', 44.50, 44.70, 18.70, 93.00, 123, 3, NULL, NULL, NULL, 'csv', '2025-12-17 07:31:29'),
(103, 20, '2025-12-16 23:00:00', 67.50, 68.00, 18.50, 93.00, 157, 4, NULL, NULL, NULL, 'csv', '2025-12-17 07:31:29'),
(104, 21, '2025-12-16 23:00:00', 69.60, 70.10, 18.30, 94.00, 158, 4, NULL, NULL, NULL, 'csv', '2025-12-17 07:31:29'),
(105, 9, '2025-12-16 23:00:00', 67.50, 68.00, 18.70, 93.00, 157, 4, NULL, NULL, NULL, 'csv', '2025-12-17 07:31:29'),
(106, 23, '2025-12-16 23:00:00', 62.40, 62.60, 18.60, 93.00, 154, 4, NULL, NULL, NULL, 'csv', '2025-12-17 07:31:29'),
(107, 22, '2025-12-16 23:00:00', 67.50, 68.00, 18.20, 93.00, 157, 4, NULL, NULL, NULL, 'csv', '2025-12-17 07:31:29'),
(108, 24, '2025-12-16 23:00:00', 69.60, 70.10, 17.50, 97.00, 158, 4, NULL, NULL, NULL, 'csv', '2025-12-17 07:31:29'),
(109, 30, '2025-12-16 23:00:00', 44.50, 44.70, 18.10, 91.00, 123, 3, NULL, NULL, NULL, 'csv', '2025-12-17 07:31:29'),
(110, 13, '2025-12-16 23:00:00', 67.50, 68.00, 18.10, 93.00, 157, 4, NULL, NULL, NULL, 'csv', '2025-12-17 07:31:29'),
(111, 26, '2025-12-16 23:00:00', 69.60, 70.10, 18.40, 94.00, 158, 4, NULL, NULL, NULL, 'csv', '2025-12-17 07:31:29'),
(112, 27, '2025-12-16 23:00:00', 62.40, 62.60, 18.70, 93.00, 154, 4, NULL, NULL, NULL, 'csv', '2025-12-17 07:31:29'),
(113, 6, '2025-12-16 23:00:00', 62.40, 62.60, 18.70, 93.00, 154, 4, NULL, NULL, NULL, 'csv', '2025-12-17 07:31:29'),
(114, 28, '2025-12-16 23:00:00', 62.40, 62.60, 18.70, 93.00, 154, 4, NULL, NULL, NULL, 'csv', '2025-12-17 07:31:29'),
(115, 25, '2025-12-16 23:00:00', 67.50, 68.00, 18.30, 96.00, 157, 4, NULL, NULL, NULL, 'csv', '2025-12-17 07:31:29'),
(116, 11, '2025-12-16 23:00:00', 44.50, 44.70, 18.50, 91.00, 123, 3, NULL, NULL, NULL, 'csv', '2025-12-17 07:31:29'),
(117, 16, '2025-12-16 23:00:00', 67.50, 68.00, 18.60, 93.00, 157, 4, NULL, NULL, NULL, 'csv', '2025-12-17 07:31:29'),
(118, 17, '2025-12-16 23:00:00', 44.50, 44.70, 18.50, 91.00, 123, 3, NULL, NULL, NULL, 'csv', '2025-12-17 07:31:29'),
(119, 3, '2025-12-16 23:00:00', 44.50, 44.70, 18.60, 93.00, 123, 3, NULL, NULL, NULL, 'csv', '2025-12-17 07:31:29'),
(120, 29, '2025-12-16 23:00:00', 69.60, 70.10, 18.50, 93.00, 158, 4, NULL, NULL, NULL, 'csv', '2025-12-17 07:31:29'),
(121, 14, '2025-12-16 23:00:00', 53.10, 53.40, 18.40, 94.00, 144, 3, NULL, NULL, NULL, 'csv', '2025-12-17 08:01:00'),
(122, 1, '2025-12-16 23:00:00', 44.50, 44.70, 18.70, 93.00, 123, 3, NULL, NULL, NULL, 'csv', '2025-12-17 08:01:00'),
(123, 10, '2025-12-16 23:00:00', 67.50, 68.00, 18.50, 93.00, 157, 4, NULL, NULL, NULL, 'csv', '2025-12-17 08:01:00'),
(124, 15, '2025-12-16 23:00:00', 69.60, 70.10, 17.50, 97.00, 158, 4, NULL, NULL, NULL, 'csv', '2025-12-17 08:01:00'),
(125, 5, '2025-12-16 23:00:00', 67.50, 68.00, 18.70, 93.00, 157, 4, NULL, NULL, NULL, 'csv', '2025-12-17 08:01:00'),
(126, 18, '2025-12-16 23:00:00', 44.50, 44.70, 18.70, 93.00, 123, 3, NULL, NULL, NULL, 'csv', '2025-12-17 08:01:00'),
(127, 4, '2025-12-16 23:00:00', 44.50, 44.70, 18.60, 93.00, 123, 3, NULL, NULL, NULL, 'csv', '2025-12-17 08:01:00'),
(128, 19, '2025-12-16 23:00:00', 67.50, 68.00, 18.70, 93.00, 157, 4, NULL, NULL, NULL, 'csv', '2025-12-17 08:01:00'),
(129, 2, '2025-12-16 23:00:00', 44.50, 44.70, 18.70, 93.00, 123, 3, NULL, NULL, NULL, 'csv', '2025-12-17 08:01:00'),
(130, 7, '2025-12-16 23:00:00', 62.40, 62.60, 18.70, 93.00, 154, 4, NULL, NULL, NULL, 'csv', '2025-12-17 08:01:00'),
(131, 12, '2025-12-16 23:00:00', 69.60, 70.10, 18.70, 93.00, 158, 4, NULL, NULL, NULL, 'csv', '2025-12-17 08:01:00'),
(132, 8, '2025-12-16 23:00:00', 44.50, 44.70, 18.70, 93.00, 123, 3, NULL, NULL, NULL, 'csv', '2025-12-17 08:01:00'),
(133, 20, '2025-12-16 23:00:00', 67.50, 68.00, 18.50, 93.00, 157, 4, NULL, NULL, NULL, 'csv', '2025-12-17 08:01:00'),
(134, 21, '2025-12-16 23:00:00', 69.60, 70.10, 18.30, 94.00, 158, 4, NULL, NULL, NULL, 'csv', '2025-12-17 08:01:00'),
(135, 9, '2025-12-16 23:00:00', 67.50, 68.00, 18.70, 93.00, 157, 4, NULL, NULL, NULL, 'csv', '2025-12-17 08:01:00'),
(136, 23, '2025-12-16 23:00:00', 62.40, 62.60, 18.60, 93.00, 154, 4, NULL, NULL, NULL, 'csv', '2025-12-17 08:01:00'),
(137, 22, '2025-12-16 23:00:00', 67.50, 68.00, 18.20, 93.00, 157, 4, NULL, NULL, NULL, 'csv', '2025-12-17 08:01:00'),
(138, 24, '2025-12-16 23:00:00', 69.60, 70.10, 17.50, 97.00, 158, 4, NULL, NULL, NULL, 'csv', '2025-12-17 08:01:00'),
(139, 30, '2025-12-16 23:00:00', 44.50, 44.70, 18.10, 91.00, 123, 3, NULL, NULL, NULL, 'csv', '2025-12-17 08:01:00'),
(140, 13, '2025-12-16 23:00:00', 67.50, 68.00, 18.10, 93.00, 157, 4, NULL, NULL, NULL, 'csv', '2025-12-17 08:01:00'),
(141, 26, '2025-12-16 23:00:00', 69.60, 70.10, 18.40, 94.00, 158, 4, NULL, NULL, NULL, 'csv', '2025-12-17 08:01:00'),
(142, 27, '2025-12-16 23:00:00', 62.40, 62.60, 18.70, 93.00, 154, 4, NULL, NULL, NULL, 'csv', '2025-12-17 08:01:00'),
(143, 6, '2025-12-16 23:00:00', 62.40, 62.60, 18.70, 93.00, 154, 4, NULL, NULL, NULL, 'csv', '2025-12-17 08:01:00'),
(144, 28, '2025-12-16 23:00:00', 62.40, 62.60, 18.70, 93.00, 154, 4, NULL, NULL, NULL, 'csv', '2025-12-17 08:01:00'),
(145, 25, '2025-12-16 23:00:00', 67.50, 68.00, 18.30, 96.00, 157, 4, NULL, NULL, NULL, 'csv', '2025-12-17 08:01:00'),
(146, 11, '2025-12-16 23:00:00', 44.50, 44.70, 18.50, 91.00, 123, 3, NULL, NULL, NULL, 'csv', '2025-12-17 08:01:00'),
(147, 16, '2025-12-16 23:00:00', 67.50, 68.00, 18.60, 93.00, 157, 4, NULL, NULL, NULL, 'csv', '2025-12-17 08:01:00'),
(148, 17, '2025-12-16 23:00:00', 44.50, 44.70, 18.50, 91.00, 123, 3, NULL, NULL, NULL, 'csv', '2025-12-17 08:01:00'),
(149, 3, '2025-12-16 23:00:00', 44.50, 44.70, 18.60, 93.00, 123, 3, NULL, NULL, NULL, 'csv', '2025-12-17 08:01:00'),
(150, 29, '2025-12-16 23:00:00', 69.60, 70.10, 18.50, 93.00, 158, 4, NULL, NULL, NULL, 'csv', '2025-12-17 08:01:00'),
(151, 14, '2025-12-17 23:00:00', 39.20, 39.30, 18.30, 94.00, 110, 3, NULL, NULL, NULL, 'csv', '2025-12-17 08:04:33'),
(152, 1, '2025-12-17 23:00:00', 55.30, 55.30, 18.40, 87.00, 149, 3, NULL, NULL, NULL, 'csv', '2025-12-17 08:04:33'),
(153, 10, '2025-12-17 23:00:00', 52.90, 53.00, 18.30, 92.00, 143, 3, NULL, NULL, NULL, 'csv', '2025-12-17 08:04:33'),
(154, 15, '2025-12-17 23:00:00', 50.20, 50.30, 16.60, 96.00, 137, 3, NULL, NULL, NULL, 'csv', '2025-12-17 08:04:33'),
(155, 5, '2025-12-17 23:00:00', 52.90, 53.00, 18.40, 87.00, 143, 3, NULL, NULL, NULL, 'csv', '2025-12-17 08:04:33'),
(156, 18, '2025-12-17 23:00:00', 55.30, 55.30, 18.40, 87.00, 149, 3, NULL, NULL, NULL, 'csv', '2025-12-17 08:04:33'),
(157, 4, '2025-12-17 23:00:00', 55.30, 55.30, 18.30, 87.00, 149, 3, NULL, NULL, NULL, 'csv', '2025-12-17 08:04:33'),
(158, 19, '2025-12-17 23:00:00', 52.90, 53.00, 18.40, 87.00, 143, 3, NULL, NULL, NULL, 'csv', '2025-12-17 08:04:33'),
(159, 2, '2025-12-17 23:00:00', 55.30, 55.30, 18.40, 87.00, 149, 3, NULL, NULL, NULL, 'csv', '2025-12-17 08:04:33'),
(160, 7, '2025-12-17 23:00:00', 62.60, 62.90, 18.40, 87.00, 154, 4, NULL, NULL, NULL, 'csv', '2025-12-17 08:04:33'),
(161, 12, '2025-12-17 23:00:00', 50.20, 50.30, 18.40, 87.00, 137, 3, NULL, NULL, NULL, 'csv', '2025-12-17 08:04:33'),
(162, 8, '2025-12-17 23:00:00', 55.30, 55.30, 18.40, 87.00, 149, 3, NULL, NULL, NULL, 'csv', '2025-12-17 08:04:33'),
(163, 20, '2025-12-17 23:00:00', 52.90, 53.00, 18.30, 92.00, 143, 3, NULL, NULL, NULL, 'csv', '2025-12-17 08:04:33'),
(164, 21, '2025-12-17 23:00:00', 50.20, 50.30, 17.60, 91.00, 137, 3, NULL, NULL, NULL, 'csv', '2025-12-17 08:04:33'),
(165, 9, '2025-12-17 23:00:00', 52.90, 53.00, 18.40, 87.00, 143, 3, NULL, NULL, NULL, 'csv', '2025-12-17 08:04:33'),
(166, 23, '2025-12-17 23:00:00', 62.60, 62.90, 18.50, 87.00, 154, 4, NULL, NULL, NULL, 'csv', '2025-12-17 08:04:33'),
(167, 22, '2025-12-17 23:00:00', 52.90, 53.00, 18.20, 92.00, 143, 3, NULL, NULL, NULL, 'csv', '2025-12-17 08:04:33'),
(168, 24, '2025-12-17 23:00:00', 50.20, 50.30, 16.60, 96.00, 137, 3, NULL, NULL, NULL, 'csv', '2025-12-17 08:04:33'),
(169, 30, '2025-12-17 23:00:00', 55.30, 55.30, 18.60, 84.00, 149, 3, NULL, NULL, NULL, 'csv', '2025-12-17 08:04:33'),
(170, 13, '2025-12-17 23:00:00', 52.90, 53.00, 18.10, 92.00, 143, 3, NULL, NULL, NULL, 'csv', '2025-12-17 08:04:33'),
(171, 26, '2025-12-17 23:00:00', 50.20, 50.30, 17.60, 91.00, 137, 3, NULL, NULL, NULL, 'csv', '2025-12-17 08:04:33'),
(172, 27, '2025-12-17 23:00:00', 62.60, 62.90, 18.60, 87.00, 154, 4, NULL, NULL, NULL, 'csv', '2025-12-17 08:04:33'),
(173, 6, '2025-12-17 23:00:00', 62.60, 62.90, 18.40, 87.00, 154, 4, NULL, NULL, NULL, 'csv', '2025-12-17 08:04:33'),
(174, 28, '2025-12-17 23:00:00', 62.60, 62.90, 18.60, 87.00, 154, 4, NULL, NULL, NULL, 'csv', '2025-12-17 08:04:33'),
(175, 25, '2025-12-17 23:00:00', 52.90, 53.00, 17.70, 95.00, 143, 3, NULL, NULL, NULL, 'csv', '2025-12-17 08:04:33'),
(176, 11, '2025-12-17 23:00:00', 55.30, 55.30, 18.70, 86.00, 149, 3, NULL, NULL, NULL, 'csv', '2025-12-17 08:04:33'),
(177, 16, '2025-12-17 23:00:00', 52.90, 53.00, 18.30, 92.00, 143, 3, NULL, NULL, NULL, 'csv', '2025-12-17 08:04:33'),
(178, 17, '2025-12-17 23:00:00', 55.30, 55.30, 18.70, 86.00, 149, 3, NULL, NULL, NULL, 'csv', '2025-12-17 08:04:33'),
(179, 3, '2025-12-17 23:00:00', 55.30, 55.30, 18.40, 87.00, 149, 3, NULL, NULL, NULL, 'csv', '2025-12-17 08:04:33'),
(180, 29, '2025-12-17 23:00:00', 50.20, 50.30, 18.20, 87.00, 137, 3, NULL, NULL, NULL, 'csv', '2025-12-17 08:04:33'),
(181, 14, '2025-12-22 23:00:00', 40.20, 41.00, 19.60, 95.00, 112, 3, NULL, NULL, NULL, 'csv', '2025-12-22 02:13:19'),
(182, 1, '2025-12-22 23:00:00', 33.80, 35.30, 20.00, 95.00, 96, 2, NULL, NULL, NULL, 'csv', '2025-12-22 02:13:19'),
(183, 10, '2025-12-22 23:00:00', 45.20, 46.30, 20.00, 95.00, 124, 3, NULL, NULL, NULL, 'csv', '2025-12-22 02:13:19'),
(184, 15, '2025-12-22 23:00:00', 55.60, 57.20, 19.20, 97.00, 151, 4, NULL, NULL, NULL, 'csv', '2025-12-22 02:13:19'),
(185, 5, '2025-12-22 23:00:00', 45.20, 46.30, 20.00, 95.00, 124, 3, NULL, NULL, NULL, 'csv', '2025-12-22 02:13:19'),
(186, 18, '2025-12-22 23:00:00', 33.80, 35.30, 20.10, 95.00, 96, 2, NULL, NULL, NULL, 'csv', '2025-12-22 02:13:19'),
(187, 4, '2025-12-22 23:00:00', 33.80, 35.30, 20.00, 95.00, 96, 2, NULL, NULL, NULL, 'csv', '2025-12-22 02:13:19'),
(188, 19, '2025-12-22 23:00:00', 45.20, 46.30, 20.10, 95.00, 124, 3, NULL, NULL, NULL, 'csv', '2025-12-22 02:13:19'),
(189, 2, '2025-12-22 23:00:00', 33.80, 35.30, 20.00, 95.00, 96, 2, NULL, NULL, NULL, 'csv', '2025-12-22 02:13:19'),
(190, 7, '2025-12-22 23:00:00', 52.00, 54.40, 20.10, 95.00, 141, 3, NULL, NULL, NULL, 'csv', '2025-12-22 02:13:19'),
(191, 12, '2025-12-22 23:00:00', 55.60, 57.20, 20.10, 95.00, 151, 4, NULL, NULL, NULL, 'csv', '2025-12-22 02:13:19'),
(192, 8, '2025-12-22 23:00:00', 33.80, 35.30, 20.00, 95.00, 96, 2, NULL, NULL, NULL, 'csv', '2025-12-22 02:13:19'),
(193, 20, '2025-12-22 23:00:00', 45.20, 46.30, 20.00, 95.00, 124, 3, NULL, NULL, NULL, 'csv', '2025-12-22 02:13:19'),
(194, 21, '2025-12-22 23:00:00', 55.60, 57.20, 19.80, 96.00, 151, 4, NULL, NULL, NULL, 'csv', '2025-12-22 02:13:19'),
(195, 9, '2025-12-22 23:00:00', 45.20, 46.30, 20.10, 95.00, 124, 3, NULL, NULL, NULL, 'csv', '2025-12-22 02:13:19'),
(196, 23, '2025-12-22 23:00:00', 52.00, 54.40, 19.90, 96.00, 141, 3, NULL, NULL, NULL, 'csv', '2025-12-22 02:13:19'),
(197, 22, '2025-12-22 23:00:00', 45.20, 46.30, 19.80, 94.00, 124, 3, NULL, NULL, NULL, 'csv', '2025-12-22 02:13:19'),
(198, 24, '2025-12-22 23:00:00', 55.60, 57.20, 19.20, 97.00, 151, 4, NULL, NULL, NULL, 'csv', '2025-12-22 02:13:19'),
(199, 30, '2025-12-22 23:00:00', 33.80, 35.30, 19.80, 93.00, 96, 2, NULL, NULL, NULL, 'csv', '2025-12-22 02:13:19'),
(200, 13, '2025-12-22 23:00:00', 45.20, 46.30, 19.70, 94.00, 124, 3, NULL, NULL, NULL, 'csv', '2025-12-22 02:13:19'),
(201, 26, '2025-12-22 23:00:00', 55.60, 57.20, 19.80, 96.00, 151, 4, NULL, NULL, NULL, 'csv', '2025-12-22 02:13:19'),
(202, 27, '2025-12-22 23:00:00', 52.00, 54.40, 20.10, 95.00, 141, 3, NULL, NULL, NULL, 'csv', '2025-12-22 02:13:19'),
(203, 6, '2025-12-22 23:00:00', 52.00, 54.40, 20.10, 95.00, 141, 3, NULL, NULL, NULL, 'csv', '2025-12-22 02:13:19'),
(204, 28, '2025-12-22 23:00:00', 52.00, 54.40, 20.10, 95.00, 141, 3, NULL, NULL, NULL, 'csv', '2025-12-22 02:13:19'),
(205, 25, '2025-12-22 23:00:00', 45.20, 46.30, 20.00, 93.00, 124, 3, NULL, NULL, NULL, 'csv', '2025-12-22 02:13:19'),
(206, 11, '2025-12-22 23:00:00', 33.80, 35.30, 20.10, 93.00, 96, 2, NULL, NULL, NULL, 'csv', '2025-12-22 02:13:19'),
(207, 16, '2025-12-22 23:00:00', 45.20, 46.30, 20.00, 95.00, 124, 3, NULL, NULL, NULL, 'csv', '2025-12-22 02:13:19'),
(208, 17, '2025-12-22 23:00:00', 33.80, 35.30, 20.10, 93.00, 96, 2, NULL, NULL, NULL, 'csv', '2025-12-22 02:13:19'),
(209, 3, '2025-12-22 23:00:00', 33.80, 35.30, 20.00, 95.00, 96, 2, NULL, NULL, NULL, 'csv', '2025-12-22 02:13:19'),
(210, 29, '2025-12-22 23:00:00', 55.60, 57.20, 19.60, 97.00, 151, 4, NULL, NULL, NULL, 'csv', '2025-12-22 02:13:19'),
(211, 14, '2025-12-27 23:00:00', 100.60, 101.00, 14.80, 84.00, 174, 4, NULL, NULL, NULL, 'csv', '2025-12-27 14:02:32'),
(212, 1, '2025-12-27 23:00:00', 106.60, 106.90, 14.70, 79.00, 177, 4, NULL, NULL, NULL, 'csv', '2025-12-27 14:02:32'),
(213, 10, '2025-12-27 23:00:00', 141.10, 141.60, 15.10, 82.00, 195, 4, NULL, NULL, NULL, 'csv', '2025-12-27 14:02:32'),
(214, 15, '2025-12-27 23:00:00', 132.20, 132.70, 13.90, 81.00, 190, 4, NULL, NULL, NULL, 'csv', '2025-12-27 14:02:32'),
(215, 5, '2025-12-27 23:00:00', 141.10, 141.60, 14.70, 79.00, 195, 4, NULL, NULL, NULL, 'csv', '2025-12-27 14:02:32'),
(216, 18, '2025-12-27 23:00:00', 106.60, 106.90, 14.80, 79.00, 177, 4, NULL, NULL, NULL, 'csv', '2025-12-27 14:02:32'),
(217, 4, '2025-12-27 23:00:00', 106.60, 106.90, 14.70, 79.00, 177, 4, NULL, NULL, NULL, 'csv', '2025-12-27 14:02:32'),
(218, 19, '2025-12-27 23:00:00', 141.10, 141.60, 14.80, 79.00, 195, 4, NULL, NULL, NULL, 'csv', '2025-12-27 14:02:32'),
(219, 2, '2025-12-27 23:00:00', 106.60, 106.90, 14.70, 79.00, 177, 4, NULL, NULL, NULL, 'csv', '2025-12-27 14:02:32'),
(220, 7, '2025-12-27 23:00:00', 146.70, 147.10, 14.80, 79.00, 198, 4, NULL, NULL, NULL, 'csv', '2025-12-27 14:02:32'),
(221, 12, '2025-12-27 23:00:00', 132.20, 132.70, 14.80, 79.00, 190, 4, NULL, NULL, NULL, 'csv', '2025-12-27 14:02:32'),
(222, 8, '2025-12-27 23:00:00', 106.60, 106.90, 14.70, 79.00, 177, 4, NULL, NULL, NULL, 'csv', '2025-12-27 14:02:32'),
(223, 20, '2025-12-27 23:00:00', 141.10, 141.60, 15.10, 82.00, 195, 4, NULL, NULL, NULL, 'csv', '2025-12-27 14:02:32'),
(224, 21, '2025-12-27 23:00:00', 132.20, 132.70, 14.50, 77.00, 190, 4, NULL, NULL, NULL, 'csv', '2025-12-27 14:02:32'),
(225, 9, '2025-12-27 23:00:00', 141.10, 141.60, 14.80, 79.00, 195, 4, NULL, NULL, NULL, 'csv', '2025-12-27 14:02:32'),
(226, 23, '2025-12-27 23:00:00', 146.70, 147.10, 14.60, 78.00, 198, 4, NULL, NULL, NULL, 'csv', '2025-12-27 14:02:32'),
(227, 22, '2025-12-27 23:00:00', 141.10, 141.60, 14.80, 84.00, 195, 4, NULL, NULL, NULL, 'csv', '2025-12-27 14:02:32'),
(228, 24, '2025-12-27 23:00:00', 132.20, 132.70, 13.90, 81.00, 190, 4, NULL, NULL, NULL, 'csv', '2025-12-27 14:02:32'),
(229, 30, '2025-12-27 23:00:00', 106.60, 106.90, 15.00, 77.00, 177, 4, NULL, NULL, NULL, 'csv', '2025-12-27 14:02:32'),
(230, 13, '2025-12-27 23:00:00', 141.10, 141.60, 14.70, 84.00, 195, 4, NULL, NULL, NULL, 'csv', '2025-12-27 14:02:32'),
(231, 26, '2025-12-27 23:00:00', 132.20, 132.70, 14.50, 77.00, 190, 4, NULL, NULL, NULL, 'csv', '2025-12-27 14:02:32'),
(232, 27, '2025-12-27 23:00:00', 146.70, 147.10, 14.90, 78.00, 198, 4, NULL, NULL, NULL, 'csv', '2025-12-27 14:02:32'),
(233, 6, '2025-12-27 23:00:00', 146.70, 147.10, 14.80, 79.00, 198, 4, NULL, NULL, NULL, 'csv', '2025-12-27 14:02:32'),
(234, 28, '2025-12-27 23:00:00', 146.70, 147.10, 14.90, 78.00, 198, 4, NULL, NULL, NULL, 'csv', '2025-12-27 14:02:32'),
(235, 25, '2025-12-27 23:00:00', 141.10, 141.60, 14.80, 83.00, 195, 4, NULL, NULL, NULL, 'csv', '2025-12-27 14:02:32'),
(236, 11, '2025-12-27 23:00:00', 106.60, 106.90, 15.10, 79.00, 177, 4, NULL, NULL, NULL, 'csv', '2025-12-27 14:02:32'),
(237, 16, '2025-12-27 23:00:00', 141.10, 141.60, 15.20, 82.00, 195, 4, NULL, NULL, NULL, 'csv', '2025-12-27 14:02:32'),
(238, 17, '2025-12-27 23:00:00', 106.60, 106.90, 15.10, 79.00, 177, 4, NULL, NULL, NULL, 'csv', '2025-12-27 14:02:32'),
(239, 3, '2025-12-27 23:00:00', 106.60, 106.90, 14.70, 79.00, 177, 4, NULL, NULL, NULL, 'csv', '2025-12-27 14:02:32'),
(240, 29, '2025-12-27 23:00:00', 132.20, 132.70, 14.40, 75.00, 190, 4, NULL, NULL, NULL, 'csv', '2025-12-27 14:02:32'),
(241, 14, '2026-01-05 23:00:00', 33.20, 33.40, 13.80, 81.00, 95, 2, NULL, NULL, NULL, 'csv', '2026-01-05 13:12:17'),
(242, 1, '2026-01-05 23:00:00', 24.20, 24.30, 13.80, 74.00, 76, 2, NULL, NULL, NULL, 'csv', '2026-01-05 13:12:17'),
(243, 10, '2026-01-05 23:00:00', 39.70, 39.80, 14.30, 77.00, 111, 3, NULL, NULL, NULL, 'csv', '2026-01-05 13:12:17'),
(244, 15, '2026-01-05 23:00:00', 36.30, 36.40, 13.00, 79.00, 102, 3, NULL, NULL, NULL, 'csv', '2026-01-05 13:12:17'),
(245, 5, '2026-01-05 23:00:00', 39.70, 39.80, 13.80, 74.00, 111, 3, NULL, NULL, NULL, 'csv', '2026-01-05 13:12:17'),
(246, 18, '2026-01-05 23:00:00', 24.20, 24.30, 13.80, 74.00, 76, 2, NULL, NULL, NULL, 'csv', '2026-01-05 13:12:17'),
(247, 4, '2026-01-05 23:00:00', 24.20, 24.30, 13.70, 74.00, 76, 2, NULL, NULL, NULL, 'csv', '2026-01-05 13:12:17'),
(248, 19, '2026-01-05 23:00:00', 39.70, 39.80, 13.80, 74.00, 111, 3, NULL, NULL, NULL, 'csv', '2026-01-05 13:12:17'),
(249, 2, '2026-01-05 23:00:00', 24.20, 24.30, 13.80, 74.00, 76, 2, NULL, NULL, NULL, 'csv', '2026-01-05 13:12:17'),
(250, 7, '2026-01-05 23:00:00', 28.00, 28.00, 13.80, 74.00, 84, 2, NULL, NULL, NULL, 'csv', '2026-01-05 13:12:17'),
(251, 12, '2026-01-05 23:00:00', 36.30, 36.40, 13.80, 74.00, 102, 3, NULL, NULL, NULL, 'csv', '2026-01-05 13:12:17'),
(252, 8, '2026-01-05 23:00:00', 24.20, 24.30, 13.80, 74.00, 76, 2, NULL, NULL, NULL, 'csv', '2026-01-05 13:12:17'),
(253, 20, '2026-01-05 23:00:00', 39.70, 39.80, 14.30, 77.00, 111, 3, NULL, NULL, NULL, 'csv', '2026-01-05 13:12:17'),
(254, 21, '2026-01-05 23:00:00', 36.30, 36.40, 13.60, 75.00, 102, 3, NULL, NULL, NULL, 'csv', '2026-01-05 13:12:17'),
(255, 9, '2026-01-05 23:00:00', 39.70, 39.80, 13.80, 74.00, 111, 3, NULL, NULL, NULL, 'csv', '2026-01-05 13:12:17'),
(256, 23, '2026-01-05 23:00:00', 28.00, 28.00, 13.60, 74.00, 84, 2, NULL, NULL, NULL, 'csv', '2026-01-05 13:12:17'),
(257, 22, '2026-01-05 23:00:00', 39.70, 39.80, 13.60, 80.00, 111, 3, NULL, NULL, NULL, 'csv', '2026-01-05 13:12:17'),
(258, 24, '2026-01-05 23:00:00', 36.30, 36.40, 13.00, 79.00, 102, 3, NULL, NULL, NULL, 'csv', '2026-01-05 13:12:17'),
(259, 30, '2026-01-05 23:00:00', 24.20, 24.30, 13.50, 72.00, 76, 2, NULL, NULL, NULL, 'csv', '2026-01-05 13:12:17'),
(260, 13, '2026-01-05 23:00:00', 39.70, 39.80, 13.50, 80.00, 111, 3, NULL, NULL, NULL, 'csv', '2026-01-05 13:12:17'),
(261, 26, '2026-01-05 23:00:00', 36.30, 36.40, 13.70, 75.00, 102, 3, NULL, NULL, NULL, 'csv', '2026-01-05 13:12:17'),
(262, 27, '2026-01-05 23:00:00', 28.00, 28.00, 13.70, 72.00, 84, 2, NULL, NULL, NULL, 'csv', '2026-01-05 13:12:17'),
(263, 6, '2026-01-05 23:00:00', 28.00, 28.00, 13.80, 74.00, 84, 2, NULL, NULL, NULL, 'csv', '2026-01-05 13:12:17'),
(264, 28, '2026-01-05 23:00:00', 28.00, 28.00, 13.70, 72.00, 84, 2, NULL, NULL, NULL, 'csv', '2026-01-05 13:12:17'),
(265, 25, '2026-01-05 23:00:00', 39.70, 39.80, 13.90, 79.00, 111, 3, NULL, NULL, NULL, 'csv', '2026-01-05 13:12:17'),
(266, 11, '2026-01-05 23:00:00', 24.20, 24.30, 13.60, 73.00, 76, 2, NULL, NULL, NULL, 'csv', '2026-01-05 13:12:17'),
(267, 16, '2026-01-05 23:00:00', 39.70, 39.80, 14.30, 77.00, 111, 3, NULL, NULL, NULL, 'csv', '2026-01-05 13:12:17'),
(268, 17, '2026-01-05 23:00:00', 24.20, 24.30, 13.60, 73.00, 76, 2, NULL, NULL, NULL, 'csv', '2026-01-05 13:12:17'),
(269, 3, '2026-01-05 23:00:00', 24.20, 24.30, 13.80, 74.00, 76, 2, NULL, NULL, NULL, 'csv', '2026-01-05 13:12:17'),
(270, 29, '2026-01-05 23:00:00', 36.30, 36.40, 13.50, 72.00, 102, 3, NULL, NULL, NULL, 'csv', '2026-01-05 13:12:17'),
(271, 14, '2026-01-05 23:00:00', 33.20, 33.40, 13.80, 81.00, 95, 2, NULL, NULL, NULL, 'csv', '2026-01-06 09:28:47'),
(272, 1, '2026-01-05 23:00:00', 24.20, 24.30, 13.80, 74.00, 76, 2, NULL, NULL, NULL, 'csv', '2026-01-06 09:28:47'),
(273, 10, '2026-01-05 23:00:00', 39.70, 39.80, 14.30, 77.00, 111, 3, NULL, NULL, NULL, 'csv', '2026-01-06 09:28:47'),
(274, 15, '2026-01-05 23:00:00', 36.30, 36.40, 13.00, 79.00, 102, 3, NULL, NULL, NULL, 'csv', '2026-01-06 09:28:47'),
(275, 5, '2026-01-05 23:00:00', 39.70, 39.80, 13.80, 74.00, 111, 3, NULL, NULL, NULL, 'csv', '2026-01-06 09:28:47'),
(276, 18, '2026-01-05 23:00:00', 24.20, 24.30, 13.80, 74.00, 76, 2, NULL, NULL, NULL, 'csv', '2026-01-06 09:28:47'),
(277, 4, '2026-01-05 23:00:00', 24.20, 24.30, 13.70, 74.00, 76, 2, NULL, NULL, NULL, 'csv', '2026-01-06 09:28:47'),
(278, 19, '2026-01-05 23:00:00', 39.70, 39.80, 13.80, 74.00, 111, 3, NULL, NULL, NULL, 'csv', '2026-01-06 09:28:47'),
(279, 2, '2026-01-05 23:00:00', 24.20, 24.30, 13.80, 74.00, 76, 2, NULL, NULL, NULL, 'csv', '2026-01-06 09:28:47'),
(280, 7, '2026-01-05 23:00:00', 28.00, 28.00, 13.80, 74.00, 84, 2, NULL, NULL, NULL, 'csv', '2026-01-06 09:28:47'),
(281, 12, '2026-01-05 23:00:00', 36.30, 36.40, 13.80, 74.00, 102, 3, NULL, NULL, NULL, 'csv', '2026-01-06 09:28:47'),
(282, 8, '2026-01-05 23:00:00', 24.20, 24.30, 13.80, 74.00, 76, 2, NULL, NULL, NULL, 'csv', '2026-01-06 09:28:47'),
(283, 20, '2026-01-05 23:00:00', 39.70, 39.80, 14.30, 77.00, 111, 3, NULL, NULL, NULL, 'csv', '2026-01-06 09:28:47'),
(284, 21, '2026-01-05 23:00:00', 36.30, 36.40, 13.60, 75.00, 102, 3, NULL, NULL, NULL, 'csv', '2026-01-06 09:28:47'),
(285, 9, '2026-01-05 23:00:00', 39.70, 39.80, 13.80, 74.00, 111, 3, NULL, NULL, NULL, 'csv', '2026-01-06 09:28:47'),
(286, 23, '2026-01-05 23:00:00', 28.00, 28.00, 13.60, 74.00, 84, 2, NULL, NULL, NULL, 'csv', '2026-01-06 09:28:47'),
(287, 22, '2026-01-05 23:00:00', 39.70, 39.80, 13.60, 80.00, 111, 3, NULL, NULL, NULL, 'csv', '2026-01-06 09:28:47'),
(288, 24, '2026-01-05 23:00:00', 36.30, 36.40, 13.00, 79.00, 102, 3, NULL, NULL, NULL, 'csv', '2026-01-06 09:28:47'),
(289, 30, '2026-01-05 23:00:00', 24.20, 24.30, 13.50, 72.00, 76, 2, NULL, NULL, NULL, 'csv', '2026-01-06 09:28:47'),
(290, 13, '2026-01-05 23:00:00', 39.70, 39.80, 13.50, 80.00, 111, 3, NULL, NULL, NULL, 'csv', '2026-01-06 09:28:47'),
(291, 26, '2026-01-05 23:00:00', 36.30, 36.40, 13.70, 75.00, 102, 3, NULL, NULL, NULL, 'csv', '2026-01-06 09:28:47'),
(292, 27, '2026-01-05 23:00:00', 28.00, 28.00, 13.70, 72.00, 84, 2, NULL, NULL, NULL, 'csv', '2026-01-06 09:28:47'),
(293, 6, '2026-01-05 23:00:00', 28.00, 28.00, 13.80, 74.00, 84, 2, NULL, NULL, NULL, 'csv', '2026-01-06 09:28:47'),
(294, 28, '2026-01-05 23:00:00', 28.00, 28.00, 13.70, 72.00, 84, 2, NULL, NULL, NULL, 'csv', '2026-01-06 09:28:47'),
(295, 25, '2026-01-05 23:00:00', 39.70, 39.80, 13.90, 79.00, 111, 3, NULL, NULL, NULL, 'csv', '2026-01-06 09:28:47'),
(296, 11, '2026-01-05 23:00:00', 24.20, 24.30, 13.60, 73.00, 76, 2, NULL, NULL, NULL, 'csv', '2026-01-06 09:28:47'),
(297, 16, '2026-01-05 23:00:00', 39.70, 39.80, 14.30, 77.00, 111, 3, NULL, NULL, NULL, 'csv', '2026-01-06 09:28:47'),
(298, 17, '2026-01-05 23:00:00', 24.20, 24.30, 13.60, 73.00, 76, 2, NULL, NULL, NULL, 'csv', '2026-01-06 09:28:47'),
(299, 3, '2026-01-05 23:00:00', 24.20, 24.30, 13.80, 74.00, 76, 2, NULL, NULL, NULL, 'csv', '2026-01-06 09:28:47'),
(300, 29, '2026-01-05 23:00:00', 36.30, 36.40, 13.50, 72.00, 102, 3, NULL, NULL, NULL, 'csv', '2026-01-06 09:28:47'),
(301, 14, '2026-01-06 23:00:00', 44.70, 44.80, 12.10, 88.00, 123, 3, NULL, NULL, NULL, 'csv', '2026-01-06 09:35:54'),
(302, 1, '2026-01-06 23:00:00', 48.80, 49.00, 11.80, 81.00, 133, 3, NULL, NULL, NULL, 'csv', '2026-01-06 09:35:54'),
(303, 10, '2026-01-06 23:00:00', 65.40, 65.40, 12.10, 85.00, 156, 4, NULL, NULL, NULL, 'csv', '2026-01-06 09:35:54'),
(304, 15, '2026-01-06 23:00:00', 42.60, 42.70, 10.60, 86.00, 118, 3, NULL, NULL, NULL, 'csv', '2026-01-06 09:35:54'),
(305, 5, '2026-01-06 23:00:00', 65.40, 65.40, 11.80, 81.00, 156, 4, NULL, NULL, NULL, 'csv', '2026-01-06 09:35:54'),
(306, 18, '2026-01-06 23:00:00', 48.80, 49.00, 11.80, 81.00, 133, 3, NULL, NULL, NULL, 'csv', '2026-01-06 09:35:54'),
(307, 4, '2026-01-06 23:00:00', 48.80, 49.00, 11.70, 81.00, 133, 3, NULL, NULL, NULL, 'csv', '2026-01-06 09:35:54'),
(308, 19, '2026-01-06 23:00:00', 65.40, 65.40, 11.80, 81.00, 156, 4, NULL, NULL, NULL, 'csv', '2026-01-06 09:35:54'),
(309, 2, '2026-01-06 23:00:00', 48.80, 49.00, 11.80, 81.00, 133, 3, NULL, NULL, NULL, 'csv', '2026-01-06 09:35:54'),
(310, 7, '2026-01-06 23:00:00', 47.30, 47.50, 11.80, 81.00, 130, 3, NULL, NULL, NULL, 'csv', '2026-01-06 09:35:54'),
(311, 12, '2026-01-06 23:00:00', 42.60, 42.70, 11.80, 81.00, 118, 3, NULL, NULL, NULL, 'csv', '2026-01-06 09:35:54'),
(312, 8, '2026-01-06 23:00:00', 48.80, 49.00, 11.80, 81.00, 133, 3, NULL, NULL, NULL, 'csv', '2026-01-06 09:35:54'),
(313, 20, '2026-01-06 23:00:00', 65.40, 65.40, 12.10, 85.00, 156, 4, NULL, NULL, NULL, 'csv', '2026-01-06 09:35:54'),
(314, 21, '2026-01-06 23:00:00', 42.60, 42.70, 11.40, 82.00, 118, 3, NULL, NULL, NULL, 'csv', '2026-01-06 09:35:54'),
(315, 9, '2026-01-06 23:00:00', 65.40, 65.40, 11.80, 81.00, 156, 4, NULL, NULL, NULL, 'csv', '2026-01-06 09:35:54'),
(316, 23, '2026-01-06 23:00:00', 47.30, 47.50, 11.80, 80.00, 130, 3, NULL, NULL, NULL, 'csv', '2026-01-06 09:35:54'),
(317, 22, '2026-01-06 23:00:00', 65.40, 65.40, 12.40, 84.00, 156, 4, NULL, NULL, NULL, 'csv', '2026-01-06 09:35:54'),
(318, 24, '2026-01-06 23:00:00', 42.60, 42.70, 10.60, 86.00, 118, 3, NULL, NULL, NULL, 'csv', '2026-01-06 09:35:54'),
(319, 30, '2026-01-06 23:00:00', 48.80, 49.00, 11.80, 85.00, 133, 3, NULL, NULL, NULL, 'csv', '2026-01-06 09:35:54'),
(320, 13, '2026-01-06 23:00:00', 65.40, 65.40, 12.30, 84.00, 156, 4, NULL, NULL, NULL, 'csv', '2026-01-06 09:35:54'),
(321, 26, '2026-01-06 23:00:00', 42.60, 42.70, 11.40, 82.00, 118, 3, NULL, NULL, NULL, 'csv', '2026-01-06 09:35:54'),
(322, 27, '2026-01-06 23:00:00', 47.30, 47.50, 11.90, 82.00, 130, 3, NULL, NULL, NULL, 'csv', '2026-01-06 09:35:54'),
(323, 6, '2026-01-06 23:00:00', 47.30, 47.50, 11.80, 81.00, 130, 3, NULL, NULL, NULL, 'csv', '2026-01-06 09:35:54'),
(324, 28, '2026-01-06 23:00:00', 47.30, 47.50, 11.90, 82.00, 130, 3, NULL, NULL, NULL, 'csv', '2026-01-06 09:35:54'),
(325, 25, '2026-01-06 23:00:00', 65.40, 65.40, 11.60, 90.00, 156, 4, NULL, NULL, NULL, 'csv', '2026-01-06 09:35:54'),
(326, 11, '2026-01-06 23:00:00', 48.80, 49.00, 11.80, 87.00, 133, 3, NULL, NULL, NULL, 'csv', '2026-01-06 09:35:54'),
(327, 16, '2026-01-06 23:00:00', 65.40, 65.40, 12.10, 85.00, 156, 4, NULL, NULL, NULL, 'csv', '2026-01-06 09:35:54'),
(328, 17, '2026-01-06 23:00:00', 48.80, 49.00, 11.80, 87.00, 133, 3, NULL, NULL, NULL, 'csv', '2026-01-06 09:35:54'),
(329, 3, '2026-01-06 23:00:00', 48.80, 49.00, 11.80, 81.00, 133, 3, NULL, NULL, NULL, 'csv', '2026-01-06 09:35:54'),
(330, 29, '2026-01-06 23:00:00', 42.60, 42.70, 11.70, 77.00, 118, 3, NULL, NULL, NULL, 'csv', '2026-01-06 09:35:54'),
(331, 14, '2026-01-14 23:00:00', 125.70, 126.70, 16.90, 95.00, 187, 4, NULL, NULL, NULL, 'csv', '2026-01-14 11:54:13'),
(332, 1, '2026-01-14 23:00:00', 74.30, 75.20, 17.20, 95.00, 160, 4, NULL, NULL, NULL, 'csv', '2026-01-14 11:54:13'),
(333, 10, '2026-01-14 23:00:00', 87.10, 88.00, 17.40, 94.00, 167, 4, NULL, NULL, NULL, 'csv', '2026-01-14 11:54:13'),
(334, 15, '2026-01-14 23:00:00', 116.40, 117.80, 15.70, 96.00, 182, 4, NULL, NULL, NULL, 'csv', '2026-01-14 11:54:13'),
(335, 5, '2026-01-14 23:00:00', 87.10, 88.00, 17.20, 95.00, 167, 4, NULL, NULL, NULL, 'csv', '2026-01-14 11:54:13'),
(336, 18, '2026-01-14 23:00:00', 74.30, 75.20, 17.20, 95.00, 160, 4, NULL, NULL, NULL, 'csv', '2026-01-14 11:54:13'),
(337, 4, '2026-01-14 23:00:00', 74.30, 75.20, 17.10, 95.00, 160, 4, NULL, NULL, NULL, 'csv', '2026-01-14 11:54:13'),
(338, 19, '2026-01-14 23:00:00', 87.10, 88.00, 17.20, 95.00, 167, 4, NULL, NULL, NULL, 'csv', '2026-01-14 11:54:13'),
(339, 2, '2026-01-14 23:00:00', 74.30, 75.20, 17.20, 95.00, 160, 4, NULL, NULL, NULL, 'csv', '2026-01-14 11:54:13'),
(340, 7, '2026-01-14 23:00:00', 107.30, 108.30, 17.20, 95.00, 177, 4, NULL, NULL, NULL, 'csv', '2026-01-14 11:54:13'),
(341, 12, '2026-01-14 23:00:00', 116.40, 117.80, 17.20, 95.00, 182, 4, NULL, NULL, NULL, 'csv', '2026-01-14 11:54:13'),
(342, 8, '2026-01-14 23:00:00', 74.30, 75.20, 17.20, 95.00, 160, 4, NULL, NULL, NULL, 'csv', '2026-01-14 11:54:13'),
(343, 20, '2026-01-14 23:00:00', 87.10, 88.00, 17.40, 94.00, 167, 4, NULL, NULL, NULL, 'csv', '2026-01-14 11:54:13'),
(344, 21, '2026-01-14 23:00:00', 116.40, 117.80, 16.60, 94.00, 182, 4, NULL, NULL, NULL, 'csv', '2026-01-14 11:54:13'),
(345, 9, '2026-01-14 23:00:00', 87.10, 88.00, 17.20, 95.00, 167, 4, NULL, NULL, NULL, 'csv', '2026-01-14 11:54:13'),
(346, 23, '2026-01-14 23:00:00', 107.30, 108.30, 16.90, 96.00, 177, 4, NULL, NULL, NULL, 'csv', '2026-01-14 11:54:13'),
(347, 22, '2026-01-14 23:00:00', 87.10, 88.00, 16.80, 97.00, 167, 4, NULL, NULL, NULL, 'csv', '2026-01-14 11:54:13'),
(348, 24, '2026-01-14 23:00:00', 116.40, 117.80, 15.70, 96.00, 182, 4, NULL, NULL, NULL, 'csv', '2026-01-14 11:54:13'),
(349, 30, '2026-01-14 23:00:00', 74.30, 75.20, 17.60, 91.00, 160, 4, NULL, NULL, NULL, 'csv', '2026-01-14 11:54:13'),
(350, 13, '2026-01-14 23:00:00', 87.10, 88.00, 16.70, 97.00, 167, 4, NULL, NULL, NULL, 'csv', '2026-01-14 11:54:13'),
(351, 26, '2026-01-14 23:00:00', 116.40, 117.80, 16.70, 94.00, 182, 4, NULL, NULL, NULL, 'csv', '2026-01-14 11:54:13'),
(352, 27, '2026-01-14 23:00:00', 107.30, 108.30, 17.30, 95.00, 177, 4, NULL, NULL, NULL, 'csv', '2026-01-14 11:54:13'),
(353, 6, '2026-01-14 23:00:00', 107.30, 108.30, 17.20, 95.00, 177, 4, NULL, NULL, NULL, 'csv', '2026-01-14 11:54:13'),
(354, 28, '2026-01-14 23:00:00', 107.30, 108.30, 17.30, 95.00, 177, 4, NULL, NULL, NULL, 'csv', '2026-01-14 11:54:13'),
(355, 25, '2026-01-14 23:00:00', 87.10, 88.00, 16.30, 94.00, 167, 4, NULL, NULL, NULL, 'csv', '2026-01-14 11:54:13'),
(356, 11, '2026-01-14 23:00:00', 74.30, 75.20, 17.60, 93.00, 160, 4, NULL, NULL, NULL, 'csv', '2026-01-14 11:54:13'),
(357, 16, '2026-01-14 23:00:00', 87.10, 88.00, 17.50, 94.00, 167, 4, NULL, NULL, NULL, 'csv', '2026-01-14 11:54:13'),
(358, 17, '2026-01-14 23:00:00', 74.30, 75.20, 17.60, 93.00, 160, 4, NULL, NULL, NULL, 'csv', '2026-01-14 11:54:13'),
(359, 3, '2026-01-14 23:00:00', 74.30, 75.20, 17.10, 95.00, 160, 4, NULL, NULL, NULL, 'csv', '2026-01-14 11:54:13'),
(360, 29, '2026-01-14 23:00:00', 116.40, 117.80, 16.20, 95.00, 182, 4, NULL, NULL, NULL, 'csv', '2026-01-14 11:54:13'),
(361, 14, '2026-01-15 23:00:00', 114.10, 115.50, 16.90, 99.00, 181, 4, NULL, NULL, NULL, 'csv', '2026-01-15 10:07:31'),
(362, 1, '2026-01-15 23:00:00', 70.50, 71.70, 17.80, 97.00, 158, 4, NULL, NULL, NULL, 'csv', '2026-01-15 10:07:31'),
(363, 10, '2026-01-15 23:00:00', 95.00, 96.40, 17.70, 98.00, 171, 4, NULL, NULL, NULL, 'csv', '2026-01-15 10:07:31'),
(364, 15, '2026-01-15 23:00:00', 93.40, 95.00, 16.40, 100.00, 170, 4, NULL, NULL, NULL, 'csv', '2026-01-15 10:07:31'),
(365, 5, '2026-01-15 23:00:00', 95.00, 96.40, 17.80, 97.00, 171, 4, NULL, NULL, NULL, 'csv', '2026-01-15 10:07:31'),
(366, 18, '2026-01-15 23:00:00', 70.50, 71.70, 17.80, 97.00, 158, 4, NULL, NULL, NULL, 'csv', '2026-01-15 10:07:31'),
(367, 4, '2026-01-15 23:00:00', 70.50, 71.70, 17.70, 97.00, 158, 4, NULL, NULL, NULL, 'csv', '2026-01-15 10:07:31'),
(368, 19, '2026-01-15 23:00:00', 95.00, 96.40, 17.80, 97.00, 171, 4, NULL, NULL, NULL, 'csv', '2026-01-15 10:07:31'),
(369, 2, '2026-01-15 23:00:00', 70.50, 71.70, 17.80, 97.00, 158, 4, NULL, NULL, NULL, 'csv', '2026-01-15 10:07:31'),
(370, 7, '2026-01-15 23:00:00', 74.70, 76.60, 17.80, 97.00, 160, 4, NULL, NULL, NULL, 'csv', '2026-01-15 10:07:31'),
(371, 12, '2026-01-15 23:00:00', 93.40, 95.00, 17.80, 97.00, 170, 4, NULL, NULL, NULL, 'csv', '2026-01-15 10:07:31'),
(372, 8, '2026-01-15 23:00:00', 70.50, 71.70, 17.80, 97.00, 158, 4, NULL, NULL, NULL, 'csv', '2026-01-15 10:07:31'),
(373, 20, '2026-01-15 23:00:00', 95.00, 96.40, 17.70, 98.00, 171, 4, NULL, NULL, NULL, 'csv', '2026-01-15 10:07:31'),
(374, 21, '2026-01-15 23:00:00', 93.40, 95.00, 17.10, 98.00, 170, 4, NULL, NULL, NULL, 'csv', '2026-01-15 10:07:31'),
(375, 9, '2026-01-15 23:00:00', 95.00, 96.40, 17.80, 97.00, 171, 4, NULL, NULL, NULL, 'csv', '2026-01-15 10:07:31'),
(376, 23, '2026-01-15 23:00:00', 74.70, 76.60, 18.00, 97.00, 160, 4, NULL, NULL, NULL, 'csv', '2026-01-15 10:07:31'),
(377, 22, '2026-01-15 23:00:00', 95.00, 96.40, 17.30, 99.00, 171, 4, NULL, NULL, NULL, 'csv', '2026-01-15 10:07:31'),
(378, 24, '2026-01-15 23:00:00', 93.40, 95.00, 16.40, 100.00, 170, 4, NULL, NULL, NULL, 'csv', '2026-01-15 10:07:31'),
(379, 30, '2026-01-15 23:00:00', 70.50, 71.70, 18.10, 97.00, 158, 4, NULL, NULL, NULL, 'csv', '2026-01-15 10:07:31'),
(380, 13, '2026-01-15 23:00:00', 95.00, 96.40, 17.20, 99.00, 171, 4, NULL, NULL, NULL, 'csv', '2026-01-15 10:07:31'),
(381, 26, '2026-01-15 23:00:00', 93.40, 95.00, 17.20, 98.00, 170, 4, NULL, NULL, NULL, 'csv', '2026-01-15 10:07:31'),
(382, 27, '2026-01-15 23:00:00', 74.70, 76.60, 18.10, 97.00, 160, 4, NULL, NULL, NULL, 'csv', '2026-01-15 10:07:31'),
(383, 6, '2026-01-15 23:00:00', 74.70, 76.60, 17.80, 97.00, 160, 4, NULL, NULL, NULL, 'csv', '2026-01-15 10:07:31'),
(384, 28, '2026-01-15 23:00:00', 74.70, 76.60, 18.10, 97.00, 160, 4, NULL, NULL, NULL, 'csv', '2026-01-15 10:07:31'),
(385, 25, '2026-01-15 23:00:00', 95.00, 96.40, 16.70, 100.00, 171, 4, NULL, NULL, NULL, 'csv', '2026-01-15 10:07:31'),
(386, 11, '2026-01-15 23:00:00', 70.50, 71.70, 18.20, 98.00, 158, 4, NULL, NULL, NULL, 'csv', '2026-01-15 10:07:31'),
(387, 16, '2026-01-15 23:00:00', 95.00, 96.40, 17.80, 98.00, 171, 4, NULL, NULL, NULL, 'csv', '2026-01-15 10:07:31'),
(388, 17, '2026-01-15 23:00:00', 70.50, 71.70, 18.20, 98.00, 158, 4, NULL, NULL, NULL, 'csv', '2026-01-15 10:07:31'),
(389, 3, '2026-01-15 23:00:00', 70.50, 71.70, 17.80, 97.00, 158, 4, NULL, NULL, NULL, 'csv', '2026-01-15 10:07:31'),
(390, 29, '2026-01-15 23:00:00', 93.40, 95.00, 17.70, 96.00, 170, 4, NULL, NULL, NULL, 'csv', '2026-01-15 10:07:31');

-- --------------------------------------------------------

--
-- Cấu trúc bảng cho bảng `fact_forecast`
--

CREATE TABLE `fact_forecast` (
  `forecast_id` bigint(20) NOT NULL PRIMARY KEY,
  `district_id` int(11) NOT NULL,
  `forecast_datetime` datetime NOT NULL COMMENT 'Thời gian dự báo',
  `pm25_forecast` decimal(8,2) NOT NULL,
  `pm10_forecast` decimal(8,2) DEFAULT NULL,
  `aqi_forecast` int(11) NOT NULL,
  `aqi_level_id` int(11) NOT NULL,
  `temperature_forecast` decimal(5,2) DEFAULT NULL,
  `humidity_forecast` decimal(5,2) DEFAULT NULL,
  `confidence` decimal(5,2) DEFAULT NULL COMMENT 'Độ tin cậy dự báo (%)',
  `source` varchar(50) DEFAULT 'api' COMMENT 'Nguồn: api, model',
  `created_at` timestamp NOT NULL DEFAULT current_timestamp()
) ENGINE=InnoDB DEFAULT CHARSET=utf8mb4 COLLATE=utf8mb4_unicode_ci COMMENT='Dữ liệu dự báo chất lượng không khí';

--
-- Đang đổ dữ liệu cho bảng `fact_forecast`
--

INSERT INTO `fact_forecast` (`forecast_id`, `district_id`, `forecast_datetime`, `pm25_forecast`, `pm10_forecast`, `aqi_forecast`, `aqi_level_id`, `temperature_forecast`, `humidity_forecast`, `confidence`, `source`, `created_at`) VALUES
(1, 1, '2025-12-12 12:00:00', 94.30, NULL, 171, 4, NULL, NULL, NULL, 'csv', '2025-12-12 08:22:29'),
(2, 1, '2025-12-13 12:00:00', 13.30, NULL, 53, 2, NULL, NULL, NULL, 'csv', '2025-12-12 08:22:29'),
(3, 1, '2025-12-14 12:00:00', 95.20, NULL, 171, 4, NULL, NULL, NULL, 'csv', '2025-12-12 08:22:29'),
(4, 1, '2025-12-15 12:00:00', 114.30, NULL, 181, 4, NULL, NULL, NULL, 'csv', '2025-12-12 08:22:29'),
(5, 1, '2025-12-16 12:00:00', 74.70, NULL, 160, 4, NULL, NULL, NULL, 'csv', '2025-12-12 08:22:29'),
(6, 2, '2025-12-12 12:00:00', 94.30, NULL, 171, 4, NULL, NULL, NULL, 'csv', '2025-12-12 08:22:29'),
(7, 2, '2025-12-13 12:00:00', 13.30, NULL, 53, 2, NULL, NULL, NULL, 'csv', '2025-12-12 08:22:29'),
(8, 2, '2025-12-14 12:00:00', 95.20, NULL, 171, 4, NULL, NULL, NULL, 'csv', '2025-12-12 08:22:29'),
(9, 2, '2025-12-15 12:00:00', 114.30, NULL, 181, 4, NULL, NULL, NULL, 'csv', '2025-12-12 08:22:29'),
(10, 2, '2025-12-16 12:00:00', 74.70, NULL, 160, 4, NULL, NULL, NULL, 'csv', '2025-12-12 08:22:29'),
(11, 3, '2025-12-12 12:00:00', 94.30, NULL, 171, 4, NULL, NULL, NULL, 'csv', '2025-12-12 08:22:29'),
(12, 3, '2025-12-13 12:00:00', 13.30, NULL, 53, 2, NULL, NULL, NULL, 'csv', '2025-12-12 08:22:29'),
(13, 3, '2025-12-14 12:00:00', 95.20, NULL, 171, 4, NULL, NULL, NULL, 'csv', '2025-12-12 08:22:29'),
(14, 3, '2025-12-15 12:00:00', 114.30, NULL, 181, 4, NULL, NULL, NULL, 'csv', '2025-12-12 08:22:29'),
(15, 3, '2025-12-16 12:00:00', 74.70, NULL, 160, 4, NULL, NULL, NULL, 'csv', '2025-12-12 08:22:29'),
(16, 4, '2025-12-12 12:00:00', 94.30, NULL, 171, 4, NULL, NULL, NULL, 'csv', '2025-12-12 08:22:29'),
(17, 4, '2025-12-13 12:00:00', 13.30, NULL, 53, 2, NULL, NULL, NULL, 'csv', '2025-12-12 08:22:29'),
(18, 4, '2025-12-14 12:00:00', 95.20, NULL, 171, 4, NULL, NULL, NULL, 'csv', '2025-12-12 08:22:29'),
(19, 4, '2025-12-15 12:00:00', 114.30, NULL, 181, 4, NULL, NULL, NULL, 'csv', '2025-12-12 08:22:29'),
(20, 4, '2025-12-16 12:00:00', 74.70, NULL, 160, 4, NULL, NULL, NULL, 'csv', '2025-12-12 08:22:29'),
(21, 5, '2025-12-12 12:00:00', 122.90, NULL, 185, 4, NULL, NULL, NULL, 'csv', '2025-12-12 08:22:29'),
(22, 5, '2025-12-13 12:00:00', 19.50, NULL, 66, 2, NULL, NULL, NULL, 'csv', '2025-12-12 08:22:29'),
(23, 5, '2025-12-14 12:00:00', 84.10, NULL, 165, 4, NULL, NULL, NULL, 'csv', '2025-12-12 08:22:29'),
(24, 5, '2025-12-15 12:00:00', 102.90, NULL, 175, 4, NULL, NULL, NULL, 'csv', '2025-12-12 08:22:29'),
(25, 5, '2025-12-16 12:00:00', 82.70, NULL, 165, 4, NULL, NULL, NULL, 'csv', '2025-12-12 08:22:29'),
(26, 6, '2025-12-12 12:00:00', 61.00, NULL, 153, 4, NULL, NULL, NULL, 'csv', '2025-12-12 08:22:29'),
(27, 6, '2025-12-13 12:00:00', 14.20, NULL, 55, 2, NULL, NULL, NULL, 'csv', '2025-12-12 08:22:29'),
(28, 6, '2025-12-14 12:00:00', 102.20, NULL, 175, 4, NULL, NULL, NULL, 'csv', '2025-12-12 08:22:29'),
(29, 6, '2025-12-15 12:00:00', 105.90, NULL, 177, 4, NULL, NULL, NULL, 'csv', '2025-12-12 08:22:29'),
(30, 6, '2025-12-16 12:00:00', 68.00, NULL, 157, 4, NULL, NULL, NULL, 'csv', '2025-12-12 08:22:29'),
(31, 7, '2025-12-12 12:00:00', 61.00, NULL, 153, 4, NULL, NULL, NULL, 'csv', '2025-12-12 08:22:29'),
(32, 7, '2025-12-13 12:00:00', 14.20, NULL, 55, 2, NULL, NULL, NULL, 'csv', '2025-12-12 08:22:29'),
(33, 7, '2025-12-14 12:00:00', 102.20, NULL, 175, 4, NULL, NULL, NULL, 'csv', '2025-12-12 08:22:29'),
(34, 7, '2025-12-15 12:00:00', 105.90, NULL, 177, 4, NULL, NULL, NULL, 'csv', '2025-12-12 08:22:29'),
(35, 7, '2025-12-16 12:00:00', 68.00, NULL, 157, 4, NULL, NULL, NULL, 'csv', '2025-12-12 08:22:29'),
(36, 8, '2025-12-12 12:00:00', 94.30, NULL, 171, 4, NULL, NULL, NULL, 'csv', '2025-12-12 08:22:29'),
(37, 8, '2025-12-13 12:00:00', 13.30, NULL, 53, 2, NULL, NULL, NULL, 'csv', '2025-12-12 08:22:29'),
(38, 8, '2025-12-14 12:00:00', 95.20, NULL, 171, 4, NULL, NULL, NULL, 'csv', '2025-12-12 08:22:29'),
(39, 8, '2025-12-15 12:00:00', 114.30, NULL, 181, 4, NULL, NULL, NULL, 'csv', '2025-12-12 08:22:29'),
(40, 8, '2025-12-16 12:00:00', 74.70, NULL, 160, 4, NULL, NULL, NULL, 'csv', '2025-12-12 08:22:29'),
(41, 9, '2025-12-12 12:00:00', 122.90, NULL, 185, 4, NULL, NULL, NULL, 'csv', '2025-12-12 08:22:29'),
(42, 9, '2025-12-13 12:00:00', 19.50, NULL, 66, 2, NULL, NULL, NULL, 'csv', '2025-12-12 08:22:29'),
(43, 9, '2025-12-14 12:00:00', 84.10, NULL, 165, 4, NULL, NULL, NULL, 'csv', '2025-12-12 08:22:29'),
(44, 9, '2025-12-15 12:00:00', 102.90, NULL, 175, 4, NULL, NULL, NULL, 'csv', '2025-12-12 08:22:29'),
(45, 9, '2025-12-16 12:00:00', 82.70, NULL, 165, 4, NULL, NULL, NULL, 'csv', '2025-12-12 08:22:29'),
(46, 10, '2025-12-12 12:00:00', 122.90, NULL, 185, 4, NULL, NULL, NULL, 'csv', '2025-12-12 08:22:29'),
(47, 10, '2025-12-13 12:00:00', 19.50, NULL, 66, 2, NULL, NULL, NULL, 'csv', '2025-12-12 08:22:29'),
(48, 10, '2025-12-14 12:00:00', 84.10, NULL, 165, 4, NULL, NULL, NULL, 'csv', '2025-12-12 08:22:29'),
(49, 10, '2025-12-15 12:00:00', 102.90, NULL, 175, 4, NULL, NULL, NULL, 'csv', '2025-12-12 08:22:29'),
(50, 10, '2025-12-16 12:00:00', 82.70, NULL, 165, 4, NULL, NULL, NULL, 'csv', '2025-12-12 08:22:29'),
(51, 11, '2025-12-12 12:00:00', 94.30, NULL, 171, 4, NULL, NULL, NULL, 'csv', '2025-12-12 08:22:29'),
(52, 11, '2025-12-13 12:00:00', 13.30, NULL, 53, 2, NULL, NULL, NULL, 'csv', '2025-12-12 08:22:29'),
(53, 11, '2025-12-14 12:00:00', 95.20, NULL, 171, 4, NULL, NULL, NULL, 'csv', '2025-12-12 08:22:29'),
(54, 11, '2025-12-15 12:00:00', 114.30, NULL, 181, 4, NULL, NULL, NULL, 'csv', '2025-12-12 08:22:29'),
(55, 11, '2025-12-16 12:00:00', 74.70, NULL, 160, 4, NULL, NULL, NULL, 'csv', '2025-12-12 08:22:29'),
(56, 12, '2025-12-12 12:00:00', 70.80, NULL, 158, 4, NULL, NULL, NULL, 'csv', '2025-12-12 08:22:29'),
(57, 12, '2025-12-13 12:00:00', 16.20, NULL, 59, 2, NULL, NULL, NULL, 'csv', '2025-12-12 08:22:29'),
(58, 12, '2025-12-14 12:00:00', 72.60, NULL, 159, 4, NULL, NULL, NULL, 'csv', '2025-12-12 08:22:29'),
(59, 12, '2025-12-15 12:00:00', 82.70, NULL, 165, 4, NULL, NULL, NULL, 'csv', '2025-12-12 08:22:29'),
(60, 12, '2025-12-16 12:00:00', 74.50, NULL, 160, 4, NULL, NULL, NULL, 'csv', '2025-12-12 08:22:29'),
(61, 13, '2025-12-12 12:00:00', 122.90, NULL, 185, 4, NULL, NULL, NULL, 'csv', '2025-12-12 08:22:29'),
(62, 13, '2025-12-13 12:00:00', 19.50, NULL, 66, 2, NULL, NULL, NULL, 'csv', '2025-12-12 08:22:29'),
(63, 13, '2025-12-14 12:00:00', 84.10, NULL, 165, 4, NULL, NULL, NULL, 'csv', '2025-12-12 08:22:29'),
(64, 13, '2025-12-15 12:00:00', 102.90, NULL, 175, 4, NULL, NULL, NULL, 'csv', '2025-12-12 08:22:29'),
(65, 13, '2025-12-16 12:00:00', 82.70, NULL, 165, 4, NULL, NULL, NULL, 'csv', '2025-12-12 08:22:29'),
(66, 14, '2025-12-12 12:00:00', 107.30, NULL, 177, 4, NULL, NULL, NULL, 'csv', '2025-12-12 08:22:29'),
(67, 14, '2025-12-13 12:00:00', 16.00, NULL, 59, 2, NULL, NULL, NULL, 'csv', '2025-12-12 08:22:29'),
(68, 14, '2025-12-14 12:00:00', 50.80, NULL, 138, 3, NULL, NULL, NULL, 'csv', '2025-12-12 08:22:29'),
(69, 14, '2025-12-15 12:00:00', 74.50, NULL, 160, 4, NULL, NULL, NULL, 'csv', '2025-12-12 08:22:29'),
(70, 14, '2025-12-16 12:00:00', 84.50, NULL, 165, 4, NULL, NULL, NULL, 'csv', '2025-12-12 08:22:29'),
(71, 15, '2025-12-12 12:00:00', 70.80, NULL, 158, 4, NULL, NULL, NULL, 'csv', '2025-12-12 08:22:29'),
(72, 15, '2025-12-13 12:00:00', 16.20, NULL, 59, 2, NULL, NULL, NULL, 'csv', '2025-12-12 08:22:29'),
(73, 15, '2025-12-14 12:00:00', 72.60, NULL, 159, 4, NULL, NULL, NULL, 'csv', '2025-12-12 08:22:29'),
(74, 15, '2025-12-15 12:00:00', 82.70, NULL, 165, 4, NULL, NULL, NULL, 'csv', '2025-12-12 08:22:29'),
(75, 15, '2025-12-16 12:00:00', 74.50, NULL, 160, 4, NULL, NULL, NULL, 'csv', '2025-12-12 08:22:29'),
(76, 16, '2025-12-12 12:00:00', 122.90, NULL, 185, 4, NULL, NULL, NULL, 'csv', '2025-12-12 08:22:29'),
(77, 16, '2025-12-13 12:00:00', 19.50, NULL, 66, 2, NULL, NULL, NULL, 'csv', '2025-12-12 08:22:29'),
(78, 16, '2025-12-14 12:00:00', 84.10, NULL, 165, 4, NULL, NULL, NULL, 'csv', '2025-12-12 08:22:29'),
(79, 16, '2025-12-15 12:00:00', 102.90, NULL, 175, 4, NULL, NULL, NULL, 'csv', '2025-12-12 08:22:29'),
(80, 16, '2025-12-16 12:00:00', 82.70, NULL, 165, 4, NULL, NULL, NULL, 'csv', '2025-12-12 08:22:29'),
(81, 17, '2025-12-12 12:00:00', 94.30, NULL, 171, 4, NULL, NULL, NULL, 'csv', '2025-12-12 08:22:29'),
(82, 17, '2025-12-13 12:00:00', 13.30, NULL, 53, 2, NULL, NULL, NULL, 'csv', '2025-12-12 08:22:29'),
(83, 17, '2025-12-14 12:00:00', 95.20, NULL, 171, 4, NULL, NULL, NULL, 'csv', '2025-12-12 08:22:29'),
(84, 17, '2025-12-15 12:00:00', 114.30, NULL, 181, 4, NULL, NULL, NULL, 'csv', '2025-12-12 08:22:29'),
(85, 17, '2025-12-16 12:00:00', 74.70, NULL, 160, 4, NULL, NULL, NULL, 'csv', '2025-12-12 08:22:29'),
(86, 18, '2025-12-12 12:00:00', 94.30, NULL, 171, 4, NULL, NULL, NULL, 'csv', '2025-12-12 08:22:29'),
(87, 18, '2025-12-13 12:00:00', 13.30, NULL, 53, 2, NULL, NULL, NULL, 'csv', '2025-12-12 08:22:29'),
(88, 18, '2025-12-14 12:00:00', 95.20, NULL, 171, 4, NULL, NULL, NULL, 'csv', '2025-12-12 08:22:29'),
(89, 18, '2025-12-15 12:00:00', 114.30, NULL, 181, 4, NULL, NULL, NULL, 'csv', '2025-12-12 08:22:29'),
(90, 18, '2025-12-16 12:00:00', 74.70, NULL, 160, 4, NULL, NULL, NULL, 'csv', '2025-12-12 08:22:29'),
(91, 19, '2025-12-12 12:00:00', 122.90, NULL, 185, 4, NULL, NULL, NULL, 'csv', '2025-12-12 08:22:29'),
(92, 19, '2025-12-13 12:00:00', 19.50, NULL, 66, 2, NULL, NULL, NULL, 'csv', '2025-12-12 08:22:29'),
(93, 19, '2025-12-14 12:00:00', 84.10, NULL, 165, 4, NULL, NULL, NULL, 'csv', '2025-12-12 08:22:29'),
(94, 19, '2025-12-15 12:00:00', 102.90, NULL, 175, 4, NULL, NULL, NULL, 'csv', '2025-12-12 08:22:29'),
(95, 19, '2025-12-16 12:00:00', 82.70, NULL, 165, 4, NULL, NULL, NULL, 'csv', '2025-12-12 08:22:29'),
(96, 20, '2025-12-12 12:00:00', 122.90, NULL, 185, 4, NULL, NULL, NULL, 'csv', '2025-12-12 08:22:29'),
(97, 20, '2025-12-13 12:00:00', 19.50, NULL, 66, 2, NULL, NULL, NULL, 'csv', '2025-12-12 08:22:29'),
(98, 20, '2025-12-14 12:00:00', 84.10, NULL, 165, 4, NULL, NULL, NULL, 'csv', '2025-12-12 08:22:29'),
(99, 20, '2025-12-15 12:00:00', 102.90, NULL, 175, 4, NULL, NULL, NULL, 'csv', '2025-12-12 08:22:29'),
(100, 20, '2025-12-16 12:00:00', 82.70, NULL, 165, 4, NULL, NULL, NULL, 'csv', '2025-12-12 08:22:29'),
(101, 21, '2025-12-12 12:00:00', 70.80, NULL, 158, 4, NULL, NULL, NULL, 'csv', '2025-12-12 08:22:29'),
(102, 21, '2025-12-13 12:00:00', 16.20, NULL, 59, 2, NULL, NULL, NULL, 'csv', '2025-12-12 08:22:29'),
(103, 21, '2025-12-14 12:00:00', 72.60, NULL, 159, 4, NULL, NULL, NULL, 'csv', '2025-12-12 08:22:29'),
(104, 21, '2025-12-15 12:00:00', 82.70, NULL, 165, 4, NULL, NULL, NULL, 'csv', '2025-12-12 08:22:29'),
(105, 21, '2025-12-16 12:00:00', 74.50, NULL, 160, 4, NULL, NULL, NULL, 'csv', '2025-12-12 08:22:29'),
(106, 22, '2025-12-12 12:00:00', 122.90, NULL, 185, 4, NULL, NULL, NULL, 'csv', '2025-12-12 08:22:29'),
(107, 22, '2025-12-13 12:00:00', 19.50, NULL, 66, 2, NULL, NULL, NULL, 'csv', '2025-12-12 08:22:29'),
(108, 22, '2025-12-14 12:00:00', 84.10, NULL, 165, 4, NULL, NULL, NULL, 'csv', '2025-12-12 08:22:29'),
(109, 22, '2025-12-15 12:00:00', 102.90, NULL, 175, 4, NULL, NULL, NULL, 'csv', '2025-12-12 08:22:29'),
(110, 22, '2025-12-16 12:00:00', 82.70, NULL, 165, 4, NULL, NULL, NULL, 'csv', '2025-12-12 08:22:29'),
(111, 23, '2025-12-12 12:00:00', 61.00, NULL, 153, 4, NULL, NULL, NULL, 'csv', '2025-12-12 08:22:29'),
(112, 23, '2025-12-13 12:00:00', 14.20, NULL, 55, 2, NULL, NULL, NULL, 'csv', '2025-12-12 08:22:29'),
(113, 23, '2025-12-14 12:00:00', 102.20, NULL, 175, 4, NULL, NULL, NULL, 'csv', '2025-12-12 08:22:29'),
(114, 23, '2025-12-15 12:00:00', 105.90, NULL, 177, 4, NULL, NULL, NULL, 'csv', '2025-12-12 08:22:29'),
(115, 23, '2025-12-16 12:00:00', 68.00, NULL, 157, 4, NULL, NULL, NULL, 'csv', '2025-12-12 08:22:29'),
(116, 24, '2025-12-12 12:00:00', 70.80, NULL, 158, 4, NULL, NULL, NULL, 'csv', '2025-12-12 08:22:29'),
(117, 24, '2025-12-13 12:00:00', 16.20, NULL, 59, 2, NULL, NULL, NULL, 'csv', '2025-12-12 08:22:29'),
(118, 24, '2025-12-14 12:00:00', 72.60, NULL, 159, 4, NULL, NULL, NULL, 'csv', '2025-12-12 08:22:29'),
(119, 24, '2025-12-15 12:00:00', 82.70, NULL, 165, 4, NULL, NULL, NULL, 'csv', '2025-12-12 08:22:29'),
(120, 24, '2025-12-16 12:00:00', 74.50, NULL, 160, 4, NULL, NULL, NULL, 'csv', '2025-12-12 08:22:29'),
(121, 25, '2025-12-12 12:00:00', 122.90, NULL, 185, 4, NULL, NULL, NULL, 'csv', '2025-12-12 08:22:29'),
(122, 25, '2025-12-13 12:00:00', 19.50, NULL, 66, 2, NULL, NULL, NULL, 'csv', '2025-12-12 08:22:29'),
(123, 25, '2025-12-14 12:00:00', 84.10, NULL, 165, 4, NULL, NULL, NULL, 'csv', '2025-12-12 08:22:29'),
(124, 25, '2025-12-15 12:00:00', 102.90, NULL, 175, 4, NULL, NULL, NULL, 'csv', '2025-12-12 08:22:29'),
(125, 25, '2025-12-16 12:00:00', 82.70, NULL, 165, 4, NULL, NULL, NULL, 'csv', '2025-12-12 08:22:29'),
(126, 26, '2025-12-12 12:00:00', 70.80, NULL, 158, 4, NULL, NULL, NULL, 'csv', '2025-12-12 08:22:29'),
(127, 26, '2025-12-13 12:00:00', 16.20, NULL, 59, 2, NULL, NULL, NULL, 'csv', '2025-12-12 08:22:29'),
(128, 26, '2025-12-14 12:00:00', 72.60, NULL, 159, 4, NULL, NULL, NULL, 'csv', '2025-12-12 08:22:29'),
(129, 26, '2025-12-15 12:00:00', 82.70, NULL, 165, 4, NULL, NULL, NULL, 'csv', '2025-12-12 08:22:29'),
(130, 26, '2025-12-16 12:00:00', 74.50, NULL, 160, 4, NULL, NULL, NULL, 'csv', '2025-12-12 08:22:29'),
(131, 27, '2025-12-12 12:00:00', 61.00, NULL, 153, 4, NULL, NULL, NULL, 'csv', '2025-12-12 08:22:29'),
(132, 27, '2025-12-13 12:00:00', 14.20, NULL, 55, 2, NULL, NULL, NULL, 'csv', '2025-12-12 08:22:29'),
(133, 27, '2025-12-14 12:00:00', 102.20, NULL, 175, 4, NULL, NULL, NULL, 'csv', '2025-12-12 08:22:29'),
(134, 27, '2025-12-15 12:00:00', 105.90, NULL, 177, 4, NULL, NULL, NULL, 'csv', '2025-12-12 08:22:29'),
(135, 27, '2025-12-16 12:00:00', 68.00, NULL, 157, 4, NULL, NULL, NULL, 'csv', '2025-12-12 08:22:29'),
(136, 28, '2025-12-12 12:00:00', 61.00, NULL, 153, 4, NULL, NULL, NULL, 'csv', '2025-12-12 08:22:29'),
(137, 28, '2025-12-13 12:00:00', 14.20, NULL, 55, 2, NULL, NULL, NULL, 'csv', '2025-12-12 08:22:29'),
(138, 28, '2025-12-14 12:00:00', 102.20, NULL, 175, 4, NULL, NULL, NULL, 'csv', '2025-12-12 08:22:29'),
(139, 28, '2025-12-15 12:00:00', 105.90, NULL, 177, 4, NULL, NULL, NULL, 'csv', '2025-12-12 08:22:29'),
(140, 28, '2025-12-16 12:00:00', 68.00, NULL, 157, 4, NULL, NULL, NULL, 'csv', '2025-12-12 08:22:29'),
(141, 29, '2025-12-12 12:00:00', 70.80, NULL, 158, 4, NULL, NULL, NULL, 'csv', '2025-12-12 08:22:29'),
(142, 29, '2025-12-13 12:00:00', 16.20, NULL, 59, 2, NULL, NULL, NULL, 'csv', '2025-12-12 08:22:29'),
(143, 29, '2025-12-14 12:00:00', 72.60, NULL, 159, 4, NULL, NULL, NULL, 'csv', '2025-12-12 08:22:29'),
(144, 29, '2025-12-15 12:00:00', 82.70, NULL, 165, 4, NULL, NULL, NULL, 'csv', '2025-12-12 08:22:29'),
(145, 29, '2025-12-16 12:00:00', 74.50, NULL, 160, 4, NULL, NULL, NULL, 'csv', '2025-12-12 08:22:29'),
(146, 30, '2025-12-12 12:00:00', 94.30, NULL, 171, 4, NULL, NULL, NULL, 'csv', '2025-12-12 08:22:29'),
(147, 30, '2025-12-13 12:00:00', 13.30, NULL, 53, 2, NULL, NULL, NULL, 'csv', '2025-12-12 08:22:29'),
(148, 30, '2025-12-14 12:00:00', 95.20, NULL, 171, 4, NULL, NULL, NULL, 'csv', '2025-12-12 08:22:29'),
(149, 30, '2025-12-15 12:00:00', 114.30, NULL, 181, 4, NULL, NULL, NULL, 'csv', '2025-12-12 08:22:29'),
(150, 30, '2025-12-16 12:00:00', 74.70, NULL, 160, 4, NULL, NULL, NULL, 'csv', '2025-12-12 08:22:29'),
(151, 1, '2025-12-15 12:00:00', 95.20, NULL, 171, 4, NULL, NULL, NULL, 'csv', '2025-12-15 02:17:30'),
(152, 1, '2025-12-16 12:00:00', 107.10, NULL, 177, 4, NULL, NULL, NULL, 'csv', '2025-12-15 02:17:30'),
(153, 1, '2025-12-17 12:00:00', 90.30, NULL, 168, 4, NULL, NULL, NULL, 'csv', '2025-12-15 02:17:30'),
(154, 1, '2025-12-18 12:00:00', 75.20, NULL, 161, 4, NULL, NULL, NULL, 'csv', '2025-12-15 02:17:30'),
(155, 1, '2025-12-19 12:00:00', 109.20, NULL, 178, 4, NULL, NULL, NULL, 'csv', '2025-12-15 02:17:30'),
(156, 2, '2025-12-15 12:00:00', 95.20, NULL, 171, 4, NULL, NULL, NULL, 'csv', '2025-12-15 02:17:30'),
(157, 2, '2025-12-16 12:00:00', 107.10, NULL, 177, 4, NULL, NULL, NULL, 'csv', '2025-12-15 02:17:30'),
(158, 2, '2025-12-17 12:00:00', 90.30, NULL, 168, 4, NULL, NULL, NULL, 'csv', '2025-12-15 02:17:30'),
(159, 2, '2025-12-18 12:00:00', 75.20, NULL, 161, 4, NULL, NULL, NULL, 'csv', '2025-12-15 02:17:30'),
(160, 2, '2025-12-19 12:00:00', 109.20, NULL, 178, 4, NULL, NULL, NULL, 'csv', '2025-12-15 02:17:30'),
(161, 3, '2025-12-15 12:00:00', 95.20, NULL, 171, 4, NULL, NULL, NULL, 'csv', '2025-12-15 02:17:30'),
(162, 3, '2025-12-16 12:00:00', 107.10, NULL, 177, 4, NULL, NULL, NULL, 'csv', '2025-12-15 02:17:30'),
(163, 3, '2025-12-17 12:00:00', 90.30, NULL, 168, 4, NULL, NULL, NULL, 'csv', '2025-12-15 02:17:30'),
(164, 3, '2025-12-18 12:00:00', 75.20, NULL, 161, 4, NULL, NULL, NULL, 'csv', '2025-12-15 02:17:30'),
(165, 3, '2025-12-19 12:00:00', 109.20, NULL, 178, 4, NULL, NULL, NULL, 'csv', '2025-12-15 02:17:30'),
(166, 4, '2025-12-15 12:00:00', 95.20, NULL, 171, 4, NULL, NULL, NULL, 'csv', '2025-12-15 02:17:30'),
(167, 4, '2025-12-16 12:00:00', 107.10, NULL, 177, 4, NULL, NULL, NULL, 'csv', '2025-12-15 02:17:30'),
(168, 4, '2025-12-17 12:00:00', 90.30, NULL, 168, 4, NULL, NULL, NULL, 'csv', '2025-12-15 02:17:30'),
(169, 4, '2025-12-18 12:00:00', 75.20, NULL, 161, 4, NULL, NULL, NULL, 'csv', '2025-12-15 02:17:30'),
(170, 4, '2025-12-19 12:00:00', 109.20, NULL, 178, 4, NULL, NULL, NULL, 'csv', '2025-12-15 02:17:30'),
(171, 5, '2025-12-15 12:00:00', 88.00, NULL, 167, 4, NULL, NULL, NULL, 'csv', '2025-12-15 02:17:30'),
(172, 5, '2025-12-16 12:00:00', 99.00, NULL, 173, 4, NULL, NULL, NULL, 'csv', '2025-12-15 02:17:30'),
(173, 5, '2025-12-17 12:00:00', 91.30, NULL, 169, 4, NULL, NULL, NULL, 'csv', '2025-12-15 02:17:30'),
(174, 5, '2025-12-18 12:00:00', 98.30, NULL, 173, 4, NULL, NULL, NULL, 'csv', '2025-12-15 02:17:30'),
(175, 5, '2025-12-19 12:00:00', 102.00, NULL, 175, 4, NULL, NULL, NULL, 'csv', '2025-12-15 02:17:30'),
(176, 6, '2025-12-15 12:00:00', 73.60, NULL, 160, 4, NULL, NULL, NULL, 'csv', '2025-12-15 02:17:30'),
(177, 6, '2025-12-16 12:00:00', 95.00, NULL, 171, 4, NULL, NULL, NULL, 'csv', '2025-12-15 02:17:30'),
(178, 6, '2025-12-17 12:00:00', 92.40, NULL, 170, 4, NULL, NULL, NULL, 'csv', '2025-12-15 02:17:30'),
(179, 6, '2025-12-18 12:00:00', 82.90, NULL, 165, 4, NULL, NULL, NULL, 'csv', '2025-12-15 02:17:30'),
(180, 6, '2025-12-19 12:00:00', 92.20, NULL, 169, 4, NULL, NULL, NULL, 'csv', '2025-12-15 02:17:30'),
(181, 7, '2025-12-15 12:00:00', 73.60, NULL, 160, 4, NULL, NULL, NULL, 'csv', '2025-12-15 02:17:30'),
(182, 7, '2025-12-16 12:00:00', 95.00, NULL, 171, 4, NULL, NULL, NULL, 'csv', '2025-12-15 02:17:30'),
(183, 7, '2025-12-17 12:00:00', 92.40, NULL, 170, 4, NULL, NULL, NULL, 'csv', '2025-12-15 02:17:31'),
(184, 7, '2025-12-18 12:00:00', 82.90, NULL, 165, 4, NULL, NULL, NULL, 'csv', '2025-12-15 02:17:31'),
(185, 7, '2025-12-19 12:00:00', 92.20, NULL, 169, 4, NULL, NULL, NULL, 'csv', '2025-12-15 02:17:31'),
(186, 8, '2025-12-15 12:00:00', 95.20, NULL, 171, 4, NULL, NULL, NULL, 'csv', '2025-12-15 02:17:31'),
(187, 8, '2025-12-16 12:00:00', 107.10, NULL, 177, 4, NULL, NULL, NULL, 'csv', '2025-12-15 02:17:31'),
(188, 8, '2025-12-17 12:00:00', 90.30, NULL, 168, 4, NULL, NULL, NULL, 'csv', '2025-12-15 02:17:31'),
(189, 8, '2025-12-18 12:00:00', 75.20, NULL, 161, 4, NULL, NULL, NULL, 'csv', '2025-12-15 02:17:31'),
(190, 8, '2025-12-19 12:00:00', 109.20, NULL, 178, 4, NULL, NULL, NULL, 'csv', '2025-12-15 02:17:31'),
(191, 9, '2025-12-15 12:00:00', 88.00, NULL, 167, 4, NULL, NULL, NULL, 'csv', '2025-12-15 02:17:31'),
(192, 9, '2025-12-16 12:00:00', 99.00, NULL, 173, 4, NULL, NULL, NULL, 'csv', '2025-12-15 02:17:31'),
(193, 9, '2025-12-17 12:00:00', 91.30, NULL, 169, 4, NULL, NULL, NULL, 'csv', '2025-12-15 02:17:31'),
(194, 9, '2025-12-18 12:00:00', 98.30, NULL, 173, 4, NULL, NULL, NULL, 'csv', '2025-12-15 02:17:31'),
(195, 9, '2025-12-19 12:00:00', 102.00, NULL, 175, 4, NULL, NULL, NULL, 'csv', '2025-12-15 02:17:31'),
(196, 10, '2025-12-15 12:00:00', 88.00, NULL, 167, 4, NULL, NULL, NULL, 'csv', '2025-12-15 02:17:31'),
(197, 10, '2025-12-16 12:00:00', 99.00, NULL, 173, 4, NULL, NULL, NULL, 'csv', '2025-12-15 02:17:31'),
(198, 10, '2025-12-17 12:00:00', 91.30, NULL, 169, 4, NULL, NULL, NULL, 'csv', '2025-12-15 02:17:31'),
(199, 10, '2025-12-18 12:00:00', 98.30, NULL, 173, 4, NULL, NULL, NULL, 'csv', '2025-12-15 02:17:31'),
(200, 10, '2025-12-19 12:00:00', 102.00, NULL, 175, 4, NULL, NULL, NULL, 'csv', '2025-12-15 02:17:31'),
(201, 11, '2025-12-15 12:00:00', 95.20, NULL, 171, 4, NULL, NULL, NULL, 'csv', '2025-12-15 02:17:31'),
(202, 11, '2025-12-16 12:00:00', 107.10, NULL, 177, 4, NULL, NULL, NULL, 'csv', '2025-12-15 02:17:31'),
(203, 11, '2025-12-17 12:00:00', 90.30, NULL, 168, 4, NULL, NULL, NULL, 'csv', '2025-12-15 02:17:31'),
(204, 11, '2025-12-18 12:00:00', 75.20, NULL, 161, 4, NULL, NULL, NULL, 'csv', '2025-12-15 02:17:31'),
(205, 11, '2025-12-19 12:00:00', 109.20, NULL, 178, 4, NULL, NULL, NULL, 'csv', '2025-12-15 02:17:31'),
(206, 12, '2025-12-15 12:00:00', 63.10, NULL, 154, 4, NULL, NULL, NULL, 'csv', '2025-12-15 02:17:31'),
(207, 12, '2025-12-16 12:00:00', 93.80, NULL, 170, 4, NULL, NULL, NULL, 'csv', '2025-12-15 02:17:31'),
(208, 12, '2025-12-17 12:00:00', 76.80, NULL, 161, 4, NULL, NULL, NULL, 'csv', '2025-12-15 02:17:31'),
(209, 12, '2025-12-18 12:00:00', 95.50, NULL, 171, 4, NULL, NULL, NULL, 'csv', '2025-12-15 02:17:31'),
(210, 12, '2025-12-19 12:00:00', 88.70, NULL, 168, 4, NULL, NULL, NULL, 'csv', '2025-12-15 02:17:31'),
(211, 13, '2025-12-15 12:00:00', 88.00, NULL, 167, 4, NULL, NULL, NULL, 'csv', '2025-12-15 02:17:31'),
(212, 13, '2025-12-16 12:00:00', 99.00, NULL, 173, 4, NULL, NULL, NULL, 'csv', '2025-12-15 02:17:31'),
(213, 13, '2025-12-17 12:00:00', 91.30, NULL, 169, 4, NULL, NULL, NULL, 'csv', '2025-12-15 02:17:31'),
(214, 13, '2025-12-18 12:00:00', 98.30, NULL, 173, 4, NULL, NULL, NULL, 'csv', '2025-12-15 02:17:31'),
(215, 13, '2025-12-19 12:00:00', 102.00, NULL, 175, 4, NULL, NULL, NULL, 'csv', '2025-12-15 02:17:31'),
(216, 14, '2025-12-15 12:00:00', 65.20, NULL, 156, 4, NULL, NULL, NULL, 'csv', '2025-12-15 02:17:31'),
(217, 14, '2025-12-16 12:00:00', 78.00, NULL, 162, 4, NULL, NULL, NULL, 'csv', '2025-12-15 02:17:31'),
(218, 14, '2025-12-17 12:00:00', 70.10, NULL, 158, 4, NULL, NULL, NULL, 'csv', '2025-12-15 02:17:31'),
(219, 14, '2025-12-18 12:00:00', 84.80, NULL, 166, 4, NULL, NULL, NULL, 'csv', '2025-12-15 02:17:31'),
(220, 14, '2025-12-19 12:00:00', 82.20, NULL, 164, 4, NULL, NULL, NULL, 'csv', '2025-12-15 02:17:31'),
(221, 15, '2025-12-15 12:00:00', 63.10, NULL, 154, 4, NULL, NULL, NULL, 'csv', '2025-12-15 02:17:31'),
(222, 15, '2025-12-16 12:00:00', 93.80, NULL, 170, 4, NULL, NULL, NULL, 'csv', '2025-12-15 02:17:31'),
(223, 15, '2025-12-17 12:00:00', 76.80, NULL, 161, 4, NULL, NULL, NULL, 'csv', '2025-12-15 02:17:31'),
(224, 15, '2025-12-18 12:00:00', 95.50, NULL, 171, 4, NULL, NULL, NULL, 'csv', '2025-12-15 02:17:31'),
(225, 15, '2025-12-19 12:00:00', 88.70, NULL, 168, 4, NULL, NULL, NULL, 'csv', '2025-12-15 02:17:31'),
(226, 16, '2025-12-15 12:00:00', 88.00, NULL, 167, 4, NULL, NULL, NULL, 'csv', '2025-12-15 02:17:31'),
(227, 16, '2025-12-16 12:00:00', 99.00, NULL, 173, 4, NULL, NULL, NULL, 'csv', '2025-12-15 02:17:31'),
(228, 16, '2025-12-17 12:00:00', 91.30, NULL, 169, 4, NULL, NULL, NULL, 'csv', '2025-12-15 02:17:31'),
(229, 16, '2025-12-18 12:00:00', 98.30, NULL, 173, 4, NULL, NULL, NULL, 'csv', '2025-12-15 02:17:31'),
(230, 16, '2025-12-19 12:00:00', 102.00, NULL, 175, 4, NULL, NULL, NULL, 'csv', '2025-12-15 02:17:31'),
(231, 17, '2025-12-15 12:00:00', 95.20, NULL, 171, 4, NULL, NULL, NULL, 'csv', '2025-12-15 02:17:31'),
(232, 17, '2025-12-16 12:00:00', 107.10, NULL, 177, 4, NULL, NULL, NULL, 'csv', '2025-12-15 02:17:31'),
(233, 17, '2025-12-17 12:00:00', 90.30, NULL, 168, 4, NULL, NULL, NULL, 'csv', '2025-12-15 02:17:31'),
(234, 17, '2025-12-18 12:00:00', 75.20, NULL, 161, 4, NULL, NULL, NULL, 'csv', '2025-12-15 02:17:31'),
(235, 17, '2025-12-19 12:00:00', 109.20, NULL, 178, 4, NULL, NULL, NULL, 'csv', '2025-12-15 02:17:31'),
(236, 18, '2025-12-15 12:00:00', 95.20, NULL, 171, 4, NULL, NULL, NULL, 'csv', '2025-12-15 02:17:31'),
(237, 18, '2025-12-16 12:00:00', 107.10, NULL, 177, 4, NULL, NULL, NULL, 'csv', '2025-12-15 02:17:31'),
(238, 18, '2025-12-17 12:00:00', 90.30, NULL, 168, 4, NULL, NULL, NULL, 'csv', '2025-12-15 02:17:31'),
(239, 18, '2025-12-18 12:00:00', 75.20, NULL, 161, 4, NULL, NULL, NULL, 'csv', '2025-12-15 02:17:31'),
(240, 18, '2025-12-19 12:00:00', 109.20, NULL, 178, 4, NULL, NULL, NULL, 'csv', '2025-12-15 02:17:31'),
(241, 19, '2025-12-15 12:00:00', 88.00, NULL, 167, 4, NULL, NULL, NULL, 'csv', '2025-12-15 02:17:31'),
(242, 19, '2025-12-16 12:00:00', 99.00, NULL, 173, 4, NULL, NULL, NULL, 'csv', '2025-12-15 02:17:31'),
(243, 19, '2025-12-17 12:00:00', 91.30, NULL, 169, 4, NULL, NULL, NULL, 'csv', '2025-12-15 02:17:31'),
(244, 19, '2025-12-18 12:00:00', 98.30, NULL, 173, 4, NULL, NULL, NULL, 'csv', '2025-12-15 02:17:31'),
(245, 19, '2025-12-19 12:00:00', 102.00, NULL, 175, 4, NULL, NULL, NULL, 'csv', '2025-12-15 02:17:31'),
(246, 20, '2025-12-15 12:00:00', 88.00, NULL, 167, 4, NULL, NULL, NULL, 'csv', '2025-12-15 02:17:31'),
(247, 20, '2025-12-16 12:00:00', 99.00, NULL, 173, 4, NULL, NULL, NULL, 'csv', '2025-12-15 02:17:31'),
(248, 20, '2025-12-17 12:00:00', 91.30, NULL, 169, 4, NULL, NULL, NULL, 'csv', '2025-12-15 02:17:31'),
(249, 20, '2025-12-18 12:00:00', 98.30, NULL, 173, 4, NULL, NULL, NULL, 'csv', '2025-12-15 02:17:31'),
(250, 20, '2025-12-19 12:00:00', 102.00, NULL, 175, 4, NULL, NULL, NULL, 'csv', '2025-12-15 02:17:31'),
(251, 21, '2025-12-15 12:00:00', 63.10, NULL, 154, 4, NULL, NULL, NULL, 'csv', '2025-12-15 02:17:31'),
(252, 21, '2025-12-16 12:00:00', 93.80, NULL, 170, 4, NULL, NULL, NULL, 'csv', '2025-12-15 02:17:31'),
(253, 21, '2025-12-17 12:00:00', 76.80, NULL, 161, 4, NULL, NULL, NULL, 'csv', '2025-12-15 02:17:31'),
(254, 21, '2025-12-18 12:00:00', 95.50, NULL, 171, 4, NULL, NULL, NULL, 'csv', '2025-12-15 02:17:31'),
(255, 21, '2025-12-19 12:00:00', 88.70, NULL, 168, 4, NULL, NULL, NULL, 'csv', '2025-12-15 02:17:31'),
(256, 22, '2025-12-15 12:00:00', 88.00, NULL, 167, 4, NULL, NULL, NULL, 'csv', '2025-12-15 02:17:31'),
(257, 22, '2025-12-16 12:00:00', 99.00, NULL, 173, 4, NULL, NULL, NULL, 'csv', '2025-12-15 02:17:31'),
(258, 22, '2025-12-17 12:00:00', 91.30, NULL, 169, 4, NULL, NULL, NULL, 'csv', '2025-12-15 02:17:31'),
(259, 22, '2025-12-18 12:00:00', 98.30, NULL, 173, 4, NULL, NULL, NULL, 'csv', '2025-12-15 02:17:31'),
(260, 22, '2025-12-19 12:00:00', 102.00, NULL, 175, 4, NULL, NULL, NULL, 'csv', '2025-12-15 02:17:31'),
(261, 23, '2025-12-15 12:00:00', 73.60, NULL, 160, 4, NULL, NULL, NULL, 'csv', '2025-12-15 02:17:31'),
(262, 23, '2025-12-16 12:00:00', 95.00, NULL, 171, 4, NULL, NULL, NULL, 'csv', '2025-12-15 02:17:31'),
(263, 23, '2025-12-17 12:00:00', 92.40, NULL, 170, 4, NULL, NULL, NULL, 'csv', '2025-12-15 02:17:31'),
(264, 23, '2025-12-18 12:00:00', 82.90, NULL, 165, 4, NULL, NULL, NULL, 'csv', '2025-12-15 02:17:31'),
(265, 23, '2025-12-19 12:00:00', 92.20, NULL, 169, 4, NULL, NULL, NULL, 'csv', '2025-12-15 02:17:31'),
(266, 24, '2025-12-15 12:00:00', 63.10, NULL, 154, 4, NULL, NULL, NULL, 'csv', '2025-12-15 02:17:31'),
(267, 24, '2025-12-16 12:00:00', 93.80, NULL, 170, 4, NULL, NULL, NULL, 'csv', '2025-12-15 02:17:31'),
(268, 24, '2025-12-17 12:00:00', 76.80, NULL, 161, 4, NULL, NULL, NULL, 'csv', '2025-12-15 02:17:31'),
(269, 24, '2025-12-18 12:00:00', 95.50, NULL, 171, 4, NULL, NULL, NULL, 'csv', '2025-12-15 02:17:31'),
(270, 24, '2025-12-19 12:00:00', 88.70, NULL, 168, 4, NULL, NULL, NULL, 'csv', '2025-12-15 02:17:31'),
(271, 25, '2025-12-15 12:00:00', 88.00, NULL, 167, 4, NULL, NULL, NULL, 'csv', '2025-12-15 02:17:31'),
(272, 25, '2025-12-16 12:00:00', 99.00, NULL, 173, 4, NULL, NULL, NULL, 'csv', '2025-12-15 02:17:31'),
(273, 25, '2025-12-17 12:00:00', 91.30, NULL, 169, 4, NULL, NULL, NULL, 'csv', '2025-12-15 02:17:31'),
(274, 25, '2025-12-18 12:00:00', 98.30, NULL, 173, 4, NULL, NULL, NULL, 'csv', '2025-12-15 02:17:31'),
(275, 25, '2025-12-19 12:00:00', 102.00, NULL, 175, 4, NULL, NULL, NULL, 'csv', '2025-12-15 02:17:31'),
(276, 26, '2025-12-15 12:00:00', 63.10, NULL, 154, 4, NULL, NULL, NULL, 'csv', '2025-12-15 02:17:31'),
(277, 26, '2025-12-16 12:00:00', 93.80, NULL, 170, 4, NULL, NULL, NULL, 'csv', '2025-12-15 02:17:31'),
(278, 26, '2025-12-17 12:00:00', 76.80, NULL, 161, 4, NULL, NULL, NULL, 'csv', '2025-12-15 02:17:31'),
(279, 26, '2025-12-18 12:00:00', 95.50, NULL, 171, 4, NULL, NULL, NULL, 'csv', '2025-12-15 02:17:31'),
(280, 26, '2025-12-19 12:00:00', 88.70, NULL, 168, 4, NULL, NULL, NULL, 'csv', '2025-12-15 02:17:31'),
(281, 27, '2025-12-15 12:00:00', 73.60, NULL, 160, 4, NULL, NULL, NULL, 'csv', '2025-12-15 02:17:31'),
(282, 27, '2025-12-16 12:00:00', 95.00, NULL, 171, 4, NULL, NULL, NULL, 'csv', '2025-12-15 02:17:31'),
(283, 27, '2025-12-17 12:00:00', 92.40, NULL, 170, 4, NULL, NULL, NULL, 'csv', '2025-12-15 02:17:31'),
(284, 27, '2025-12-18 12:00:00', 82.90, NULL, 165, 4, NULL, NULL, NULL, 'csv', '2025-12-15 02:17:31'),
(285, 27, '2025-12-19 12:00:00', 92.20, NULL, 169, 4, NULL, NULL, NULL, 'csv', '2025-12-15 02:17:31'),
(286, 28, '2025-12-15 12:00:00', 73.60, NULL, 160, 4, NULL, NULL, NULL, 'csv', '2025-12-15 02:17:31'),
(287, 28, '2025-12-16 12:00:00', 95.00, NULL, 171, 4, NULL, NULL, NULL, 'csv', '2025-12-15 02:17:31'),
(288, 28, '2025-12-17 12:00:00', 92.40, NULL, 170, 4, NULL, NULL, NULL, 'csv', '2025-12-15 02:17:31'),
(289, 28, '2025-12-18 12:00:00', 82.90, NULL, 165, 4, NULL, NULL, NULL, 'csv', '2025-12-15 02:17:31'),
(290, 28, '2025-12-19 12:00:00', 92.20, NULL, 169, 4, NULL, NULL, NULL, 'csv', '2025-12-15 02:17:31'),
(291, 29, '2025-12-15 12:00:00', 63.10, NULL, 154, 4, NULL, NULL, NULL, 'csv', '2025-12-15 02:17:31'),
(292, 29, '2025-12-16 12:00:00', 93.80, NULL, 170, 4, NULL, NULL, NULL, 'csv', '2025-12-15 02:17:31'),
(293, 29, '2025-12-17 12:00:00', 76.80, NULL, 161, 4, NULL, NULL, NULL, 'csv', '2025-12-15 02:17:31'),
(294, 29, '2025-12-18 12:00:00', 95.50, NULL, 171, 4, NULL, NULL, NULL, 'csv', '2025-12-15 02:17:31'),
(295, 29, '2025-12-19 12:00:00', 88.70, NULL, 168, 4, NULL, NULL, NULL, 'csv', '2025-12-15 02:17:31'),
(296, 30, '2025-12-15 12:00:00', 95.20, NULL, 171, 4, NULL, NULL, NULL, 'csv', '2025-12-15 02:17:31'),
(297, 30, '2025-12-16 12:00:00', 107.10, NULL, 177, 4, NULL, NULL, NULL, 'csv', '2025-12-15 02:17:31'),
(298, 30, '2025-12-17 12:00:00', 90.30, NULL, 168, 4, NULL, NULL, NULL, 'csv', '2025-12-15 02:17:31'),
(299, 30, '2025-12-18 12:00:00', 75.20, NULL, 161, 4, NULL, NULL, NULL, 'csv', '2025-12-15 02:17:31'),
(300, 30, '2025-12-19 12:00:00', 109.20, NULL, 178, 4, NULL, NULL, NULL, 'csv', '2025-12-15 02:17:31'),
(301, 1, '2025-12-16 12:00:00', 68.90, NULL, 157, 4, NULL, NULL, NULL, 'csv', '2025-12-16 17:01:00'),
(302, 1, '2025-12-17 12:00:00', 83.10, NULL, 165, 4, NULL, NULL, NULL, 'csv', '2025-12-16 17:01:00'),
(303, 1, '2025-12-18 12:00:00', 131.80, NULL, 190, 4, NULL, NULL, NULL, 'csv', '2025-12-16 17:01:00'),
(304, 1, '2025-12-19 12:00:00', 74.70, NULL, 160, 4, NULL, NULL, NULL, 'csv', '2025-12-16 17:01:00'),
(305, 1, '2025-12-20 12:00:00', 85.90, NULL, 166, 4, NULL, NULL, NULL, 'csv', '2025-12-16 17:01:00'),
(306, 2, '2025-12-16 12:00:00', 68.90, NULL, 157, 4, NULL, NULL, NULL, 'csv', '2025-12-16 17:01:00'),
(307, 2, '2025-12-17 12:00:00', 83.10, NULL, 165, 4, NULL, NULL, NULL, 'csv', '2025-12-16 17:01:00'),
(308, 2, '2025-12-18 12:00:00', 131.80, NULL, 190, 4, NULL, NULL, NULL, 'csv', '2025-12-16 17:01:00'),
(309, 2, '2025-12-19 12:00:00', 74.70, NULL, 160, 4, NULL, NULL, NULL, 'csv', '2025-12-16 17:01:00'),
(310, 2, '2025-12-20 12:00:00', 85.90, NULL, 166, 4, NULL, NULL, NULL, 'csv', '2025-12-16 17:01:00'),
(311, 3, '2025-12-16 12:00:00', 68.90, NULL, 157, 4, NULL, NULL, NULL, 'csv', '2025-12-16 17:01:00'),
(312, 3, '2025-12-17 12:00:00', 83.10, NULL, 165, 4, NULL, NULL, NULL, 'csv', '2025-12-16 17:01:00'),
(313, 3, '2025-12-18 12:00:00', 131.80, NULL, 190, 4, NULL, NULL, NULL, 'csv', '2025-12-16 17:01:00'),
(314, 3, '2025-12-19 12:00:00', 74.70, NULL, 160, 4, NULL, NULL, NULL, 'csv', '2025-12-16 17:01:00'),
(315, 3, '2025-12-20 12:00:00', 85.90, NULL, 166, 4, NULL, NULL, NULL, 'csv', '2025-12-16 17:01:00'),
(316, 4, '2025-12-16 12:00:00', 68.90, NULL, 157, 4, NULL, NULL, NULL, 'csv', '2025-12-16 17:01:00'),
(317, 4, '2025-12-17 12:00:00', 83.10, NULL, 165, 4, NULL, NULL, NULL, 'csv', '2025-12-16 17:01:00'),
(318, 4, '2025-12-18 12:00:00', 131.80, NULL, 190, 4, NULL, NULL, NULL, 'csv', '2025-12-16 17:01:00'),
(319, 4, '2025-12-19 12:00:00', 74.70, NULL, 160, 4, NULL, NULL, NULL, 'csv', '2025-12-16 17:01:00'),
(320, 4, '2025-12-20 12:00:00', 85.90, NULL, 166, 4, NULL, NULL, NULL, 'csv', '2025-12-16 17:01:00'),
(321, 5, '2025-12-16 12:00:00', 74.70, NULL, 160, 4, NULL, NULL, NULL, 'csv', '2025-12-16 17:01:00'),
(322, 5, '2025-12-17 12:00:00', 68.50, NULL, 157, 4, NULL, NULL, NULL, 'csv', '2025-12-16 17:01:00'),
(323, 5, '2025-12-18 12:00:00', 123.90, NULL, 186, 4, NULL, NULL, NULL, 'csv', '2025-12-16 17:01:00'),
(324, 5, '2025-12-19 12:00:00', 83.80, NULL, 165, 4, NULL, NULL, NULL, 'csv', '2025-12-16 17:01:00'),
(325, 5, '2025-12-20 12:00:00', 69.20, NULL, 158, 4, NULL, NULL, NULL, 'csv', '2025-12-16 17:01:00'),
(326, 6, '2025-12-16 12:00:00', 90.10, NULL, 168, 4, NULL, NULL, NULL, 'csv', '2025-12-16 17:01:00'),
(327, 6, '2025-12-17 12:00:00', 88.50, NULL, 168, 4, NULL, NULL, NULL, 'csv', '2025-12-16 17:01:00'),
(328, 6, '2025-12-18 12:00:00', 115.90, NULL, 182, 4, NULL, NULL, NULL, 'csv', '2025-12-16 17:01:00'),
(329, 6, '2025-12-19 12:00:00', 59.30, NULL, 152, 4, NULL, NULL, NULL, 'csv', '2025-12-16 17:01:00'),
(330, 6, '2025-12-20 12:00:00', 85.70, NULL, 166, 4, NULL, NULL, NULL, 'csv', '2025-12-16 17:01:00'),
(331, 7, '2025-12-16 12:00:00', 90.10, NULL, 168, 4, NULL, NULL, NULL, 'csv', '2025-12-16 17:01:00'),
(332, 7, '2025-12-17 12:00:00', 88.50, NULL, 168, 4, NULL, NULL, NULL, 'csv', '2025-12-16 17:01:00'),
(333, 7, '2025-12-18 12:00:00', 115.90, NULL, 182, 4, NULL, NULL, NULL, 'csv', '2025-12-16 17:01:00'),
(334, 7, '2025-12-19 12:00:00', 59.30, NULL, 152, 4, NULL, NULL, NULL, 'csv', '2025-12-16 17:01:00'),
(335, 7, '2025-12-20 12:00:00', 85.70, NULL, 166, 4, NULL, NULL, NULL, 'csv', '2025-12-16 17:01:00'),
(336, 8, '2025-12-16 12:00:00', 68.90, NULL, 157, 4, NULL, NULL, NULL, 'csv', '2025-12-16 17:01:00'),
(337, 8, '2025-12-17 12:00:00', 83.10, NULL, 165, 4, NULL, NULL, NULL, 'csv', '2025-12-16 17:01:00'),
(338, 8, '2025-12-18 12:00:00', 131.80, NULL, 190, 4, NULL, NULL, NULL, 'csv', '2025-12-16 17:01:00'),
(339, 8, '2025-12-19 12:00:00', 74.70, NULL, 160, 4, NULL, NULL, NULL, 'csv', '2025-12-16 17:01:00'),
(340, 8, '2025-12-20 12:00:00', 85.90, NULL, 166, 4, NULL, NULL, NULL, 'csv', '2025-12-16 17:01:00'),
(341, 9, '2025-12-16 12:00:00', 74.70, NULL, 160, 4, NULL, NULL, NULL, 'csv', '2025-12-16 17:01:00'),
(342, 9, '2025-12-17 12:00:00', 68.50, NULL, 157, 4, NULL, NULL, NULL, 'csv', '2025-12-16 17:01:00'),
(343, 9, '2025-12-18 12:00:00', 123.90, NULL, 186, 4, NULL, NULL, NULL, 'csv', '2025-12-16 17:01:00'),
(344, 9, '2025-12-19 12:00:00', 83.80, NULL, 165, 4, NULL, NULL, NULL, 'csv', '2025-12-16 17:01:00'),
(345, 9, '2025-12-20 12:00:00', 69.20, NULL, 158, 4, NULL, NULL, NULL, 'csv', '2025-12-16 17:01:00'),
(346, 10, '2025-12-16 12:00:00', 74.70, NULL, 160, 4, NULL, NULL, NULL, 'csv', '2025-12-16 17:01:00'),
(347, 10, '2025-12-17 12:00:00', 68.50, NULL, 157, 4, NULL, NULL, NULL, 'csv', '2025-12-16 17:01:00'),
(348, 10, '2025-12-18 12:00:00', 123.90, NULL, 186, 4, NULL, NULL, NULL, 'csv', '2025-12-16 17:01:00'),
(349, 10, '2025-12-19 12:00:00', 83.80, NULL, 165, 4, NULL, NULL, NULL, 'csv', '2025-12-16 17:01:00'),
(350, 10, '2025-12-20 12:00:00', 69.20, NULL, 158, 4, NULL, NULL, NULL, 'csv', '2025-12-16 17:01:00'),
(351, 11, '2025-12-16 12:00:00', 68.90, NULL, 157, 4, NULL, NULL, NULL, 'csv', '2025-12-16 17:01:00'),
(352, 11, '2025-12-17 12:00:00', 83.10, NULL, 165, 4, NULL, NULL, NULL, 'csv', '2025-12-16 17:01:00'),
(353, 11, '2025-12-18 12:00:00', 131.80, NULL, 190, 4, NULL, NULL, NULL, 'csv', '2025-12-16 17:01:00'),
(354, 11, '2025-12-19 12:00:00', 74.70, NULL, 160, 4, NULL, NULL, NULL, 'csv', '2025-12-16 17:01:00'),
(355, 11, '2025-12-20 12:00:00', 85.90, NULL, 166, 4, NULL, NULL, NULL, 'csv', '2025-12-16 17:01:00'),
(356, 12, '2025-12-16 12:00:00', 71.90, NULL, 159, 4, NULL, NULL, NULL, 'csv', '2025-12-16 17:01:00'),
(357, 12, '2025-12-17 12:00:00', 67.50, NULL, 157, 4, NULL, NULL, NULL, 'csv', '2025-12-16 17:01:00'),
(358, 12, '2025-12-18 12:00:00', 100.80, NULL, 174, 4, NULL, NULL, NULL, 'csv', '2025-12-16 17:01:00'),
(359, 12, '2025-12-19 12:00:00', 65.70, NULL, 156, 4, NULL, NULL, NULL, 'csv', '2025-12-16 17:01:00'),
(360, 12, '2025-12-20 12:00:00', 65.20, NULL, 156, 4, NULL, NULL, NULL, 'csv', '2025-12-16 17:01:00'),
(361, 13, '2025-12-16 12:00:00', 74.70, NULL, 160, 4, NULL, NULL, NULL, 'csv', '2025-12-16 17:01:00'),
(362, 13, '2025-12-17 12:00:00', 68.50, NULL, 157, 4, NULL, NULL, NULL, 'csv', '2025-12-16 17:01:00'),
(363, 13, '2025-12-18 12:00:00', 123.90, NULL, 186, 4, NULL, NULL, NULL, 'csv', '2025-12-16 17:01:00'),
(364, 13, '2025-12-19 12:00:00', 83.80, NULL, 165, 4, NULL, NULL, NULL, 'csv', '2025-12-16 17:01:00'),
(365, 13, '2025-12-20 12:00:00', 69.20, NULL, 158, 4, NULL, NULL, NULL, 'csv', '2025-12-16 17:01:00'),
(366, 14, '2025-12-16 12:00:00', 67.50, NULL, 157, 4, NULL, NULL, NULL, 'csv', '2025-12-16 17:01:00'),
(367, 14, '2025-12-17 12:00:00', 58.70, NULL, 152, 4, NULL, NULL, NULL, 'csv', '2025-12-16 17:01:00'),
(368, 14, '2025-12-18 12:00:00', 80.60, NULL, 163, 4, NULL, NULL, NULL, 'csv', '2025-12-16 17:01:00'),
(369, 14, '2025-12-19 12:00:00', 77.80, NULL, 162, 4, NULL, NULL, NULL, 'csv', '2025-12-16 17:01:00'),
(370, 14, '2025-12-20 12:00:00', 56.60, NULL, 151, 4, NULL, NULL, NULL, 'csv', '2025-12-16 17:01:00'),
(371, 15, '2025-12-16 12:00:00', 71.90, NULL, 159, 4, NULL, NULL, NULL, 'csv', '2025-12-16 17:01:00'),
(372, 15, '2025-12-17 12:00:00', 67.50, NULL, 157, 4, NULL, NULL, NULL, 'csv', '2025-12-16 17:01:00'),
(373, 15, '2025-12-18 12:00:00', 100.80, NULL, 174, 4, NULL, NULL, NULL, 'csv', '2025-12-16 17:01:00'),
(374, 15, '2025-12-19 12:00:00', 65.70, NULL, 156, 4, NULL, NULL, NULL, 'csv', '2025-12-16 17:01:00'),
(375, 15, '2025-12-20 12:00:00', 65.20, NULL, 156, 4, NULL, NULL, NULL, 'csv', '2025-12-16 17:01:00'),
(376, 16, '2025-12-16 12:00:00', 74.70, NULL, 160, 4, NULL, NULL, NULL, 'csv', '2025-12-16 17:01:00'),
(377, 16, '2025-12-17 12:00:00', 68.50, NULL, 157, 4, NULL, NULL, NULL, 'csv', '2025-12-16 17:01:00'),
(378, 16, '2025-12-18 12:00:00', 123.90, NULL, 186, 4, NULL, NULL, NULL, 'csv', '2025-12-16 17:01:00'),
(379, 16, '2025-12-19 12:00:00', 83.80, NULL, 165, 4, NULL, NULL, NULL, 'csv', '2025-12-16 17:01:00'),
(380, 16, '2025-12-20 12:00:00', 69.20, NULL, 158, 4, NULL, NULL, NULL, 'csv', '2025-12-16 17:01:00'),
(381, 17, '2025-12-16 12:00:00', 68.90, NULL, 157, 4, NULL, NULL, NULL, 'csv', '2025-12-16 17:01:00'),
(382, 17, '2025-12-17 12:00:00', 83.10, NULL, 165, 4, NULL, NULL, NULL, 'csv', '2025-12-16 17:01:00'),
(383, 17, '2025-12-18 12:00:00', 131.80, NULL, 190, 4, NULL, NULL, NULL, 'csv', '2025-12-16 17:01:00'),
(384, 17, '2025-12-19 12:00:00', 74.70, NULL, 160, 4, NULL, NULL, NULL, 'csv', '2025-12-16 17:01:00'),
(385, 17, '2025-12-20 12:00:00', 85.90, NULL, 166, 4, NULL, NULL, NULL, 'csv', '2025-12-16 17:01:00'),
(386, 18, '2025-12-16 12:00:00', 68.90, NULL, 157, 4, NULL, NULL, NULL, 'csv', '2025-12-16 17:01:00'),
(387, 18, '2025-12-17 12:00:00', 83.10, NULL, 165, 4, NULL, NULL, NULL, 'csv', '2025-12-16 17:01:00'),
(388, 18, '2025-12-18 12:00:00', 131.80, NULL, 190, 4, NULL, NULL, NULL, 'csv', '2025-12-16 17:01:00'),
(389, 18, '2025-12-19 12:00:00', 74.70, NULL, 160, 4, NULL, NULL, NULL, 'csv', '2025-12-16 17:01:00'),
(390, 18, '2025-12-20 12:00:00', 85.90, NULL, 166, 4, NULL, NULL, NULL, 'csv', '2025-12-16 17:01:00'),
(391, 19, '2025-12-16 12:00:00', 74.70, NULL, 160, 4, NULL, NULL, NULL, 'csv', '2025-12-16 17:01:00'),
(392, 19, '2025-12-17 12:00:00', 68.50, NULL, 157, 4, NULL, NULL, NULL, 'csv', '2025-12-16 17:01:00'),
(393, 19, '2025-12-18 12:00:00', 123.90, NULL, 186, 4, NULL, NULL, NULL, 'csv', '2025-12-16 17:01:00'),
(394, 19, '2025-12-19 12:00:00', 83.80, NULL, 165, 4, NULL, NULL, NULL, 'csv', '2025-12-16 17:01:00'),
(395, 19, '2025-12-20 12:00:00', 69.20, NULL, 158, 4, NULL, NULL, NULL, 'csv', '2025-12-16 17:01:00'),
(396, 20, '2025-12-16 12:00:00', 74.70, NULL, 160, 4, NULL, NULL, NULL, 'csv', '2025-12-16 17:01:00'),
(397, 20, '2025-12-17 12:00:00', 68.50, NULL, 157, 4, NULL, NULL, NULL, 'csv', '2025-12-16 17:01:00'),
(398, 20, '2025-12-18 12:00:00', 123.90, NULL, 186, 4, NULL, NULL, NULL, 'csv', '2025-12-16 17:01:00'),
(399, 20, '2025-12-19 12:00:00', 83.80, NULL, 165, 4, NULL, NULL, NULL, 'csv', '2025-12-16 17:01:00'),
(400, 20, '2025-12-20 12:00:00', 69.20, NULL, 158, 4, NULL, NULL, NULL, 'csv', '2025-12-16 17:01:00'),
(401, 21, '2025-12-16 12:00:00', 71.90, NULL, 159, 4, NULL, NULL, NULL, 'csv', '2025-12-16 17:01:00'),
(402, 21, '2025-12-17 12:00:00', 67.50, NULL, 157, 4, NULL, NULL, NULL, 'csv', '2025-12-16 17:01:00'),
(403, 21, '2025-12-18 12:00:00', 100.80, NULL, 174, 4, NULL, NULL, NULL, 'csv', '2025-12-16 17:01:00'),
(404, 21, '2025-12-19 12:00:00', 65.70, NULL, 156, 4, NULL, NULL, NULL, 'csv', '2025-12-16 17:01:00'),
(405, 21, '2025-12-20 12:00:00', 65.20, NULL, 156, 4, NULL, NULL, NULL, 'csv', '2025-12-16 17:01:00'),
(406, 22, '2025-12-16 12:00:00', 74.70, NULL, 160, 4, NULL, NULL, NULL, 'csv', '2025-12-16 17:01:00'),
(407, 22, '2025-12-17 12:00:00', 68.50, NULL, 157, 4, NULL, NULL, NULL, 'csv', '2025-12-16 17:01:00'),
(408, 22, '2025-12-18 12:00:00', 123.90, NULL, 186, 4, NULL, NULL, NULL, 'csv', '2025-12-16 17:01:00'),
(409, 22, '2025-12-19 12:00:00', 83.80, NULL, 165, 4, NULL, NULL, NULL, 'csv', '2025-12-16 17:01:00'),
(410, 22, '2025-12-20 12:00:00', 69.20, NULL, 158, 4, NULL, NULL, NULL, 'csv', '2025-12-16 17:01:00'),
(411, 23, '2025-12-16 12:00:00', 90.10, NULL, 168, 4, NULL, NULL, NULL, 'csv', '2025-12-16 17:01:00'),
(412, 23, '2025-12-17 12:00:00', 88.50, NULL, 168, 4, NULL, NULL, NULL, 'csv', '2025-12-16 17:01:00'),
(413, 23, '2025-12-18 12:00:00', 115.90, NULL, 182, 4, NULL, NULL, NULL, 'csv', '2025-12-16 17:01:00'),
(414, 23, '2025-12-19 12:00:00', 59.30, NULL, 152, 4, NULL, NULL, NULL, 'csv', '2025-12-16 17:01:00'),
(415, 23, '2025-12-20 12:00:00', 85.70, NULL, 166, 4, NULL, NULL, NULL, 'csv', '2025-12-16 17:01:00'),
(416, 24, '2025-12-16 12:00:00', 71.90, NULL, 159, 4, NULL, NULL, NULL, 'csv', '2025-12-16 17:01:00'),
(417, 24, '2025-12-17 12:00:00', 67.50, NULL, 157, 4, NULL, NULL, NULL, 'csv', '2025-12-16 17:01:00'),
(418, 24, '2025-12-18 12:00:00', 100.80, NULL, 174, 4, NULL, NULL, NULL, 'csv', '2025-12-16 17:01:00'),
(419, 24, '2025-12-19 12:00:00', 65.70, NULL, 156, 4, NULL, NULL, NULL, 'csv', '2025-12-16 17:01:00'),
(420, 24, '2025-12-20 12:00:00', 65.20, NULL, 156, 4, NULL, NULL, NULL, 'csv', '2025-12-16 17:01:00'),
(421, 25, '2025-12-16 12:00:00', 74.70, NULL, 160, 4, NULL, NULL, NULL, 'csv', '2025-12-16 17:01:00'),
(422, 25, '2025-12-17 12:00:00', 68.50, NULL, 157, 4, NULL, NULL, NULL, 'csv', '2025-12-16 17:01:00'),
(423, 25, '2025-12-18 12:00:00', 123.90, NULL, 186, 4, NULL, NULL, NULL, 'csv', '2025-12-16 17:01:00'),
(424, 25, '2025-12-19 12:00:00', 83.80, NULL, 165, 4, NULL, NULL, NULL, 'csv', '2025-12-16 17:01:00'),
(425, 25, '2025-12-20 12:00:00', 69.20, NULL, 158, 4, NULL, NULL, NULL, 'csv', '2025-12-16 17:01:00'),
(426, 26, '2025-12-16 12:00:00', 71.90, NULL, 159, 4, NULL, NULL, NULL, 'csv', '2025-12-16 17:01:00'),
(427, 26, '2025-12-17 12:00:00', 67.50, NULL, 157, 4, NULL, NULL, NULL, 'csv', '2025-12-16 17:01:00'),
(428, 26, '2025-12-18 12:00:00', 100.80, NULL, 174, 4, NULL, NULL, NULL, 'csv', '2025-12-16 17:01:00'),
(429, 26, '2025-12-19 12:00:00', 65.70, NULL, 156, 4, NULL, NULL, NULL, 'csv', '2025-12-16 17:01:00'),
(430, 26, '2025-12-20 12:00:00', 65.20, NULL, 156, 4, NULL, NULL, NULL, 'csv', '2025-12-16 17:01:00'),
(431, 27, '2025-12-16 12:00:00', 90.10, NULL, 168, 4, NULL, NULL, NULL, 'csv', '2025-12-16 17:01:00'),
(432, 27, '2025-12-17 12:00:00', 88.50, NULL, 168, 4, NULL, NULL, NULL, 'csv', '2025-12-16 17:01:00'),
(433, 27, '2025-12-18 12:00:00', 115.90, NULL, 182, 4, NULL, NULL, NULL, 'csv', '2025-12-16 17:01:00'),
(434, 27, '2025-12-19 12:00:00', 59.30, NULL, 152, 4, NULL, NULL, NULL, 'csv', '2025-12-16 17:01:00'),
(435, 27, '2025-12-20 12:00:00', 85.70, NULL, 166, 4, NULL, NULL, NULL, 'csv', '2025-12-16 17:01:00'),
(436, 28, '2025-12-16 12:00:00', 90.10, NULL, 168, 4, NULL, NULL, NULL, 'csv', '2025-12-16 17:01:00'),
(437, 28, '2025-12-17 12:00:00', 88.50, NULL, 168, 4, NULL, NULL, NULL, 'csv', '2025-12-16 17:01:00'),
(438, 28, '2025-12-18 12:00:00', 115.90, NULL, 182, 4, NULL, NULL, NULL, 'csv', '2025-12-16 17:01:00'),
(439, 28, '2025-12-19 12:00:00', 59.30, NULL, 152, 4, NULL, NULL, NULL, 'csv', '2025-12-16 17:01:00'),
(440, 28, '2025-12-20 12:00:00', 85.70, NULL, 166, 4, NULL, NULL, NULL, 'csv', '2025-12-16 17:01:00'),
(441, 29, '2025-12-16 12:00:00', 71.90, NULL, 159, 4, NULL, NULL, NULL, 'csv', '2025-12-16 17:01:00'),
(442, 29, '2025-12-17 12:00:00', 67.50, NULL, 157, 4, NULL, NULL, NULL, 'csv', '2025-12-16 17:01:00'),
(443, 29, '2025-12-18 12:00:00', 100.80, NULL, 174, 4, NULL, NULL, NULL, 'csv', '2025-12-16 17:01:00'),
(444, 29, '2025-12-19 12:00:00', 65.70, NULL, 156, 4, NULL, NULL, NULL, 'csv', '2025-12-16 17:01:00'),
(445, 29, '2025-12-20 12:00:00', 65.20, NULL, 156, 4, NULL, NULL, NULL, 'csv', '2025-12-16 17:01:00'),
(446, 30, '2025-12-16 12:00:00', 68.90, NULL, 157, 4, NULL, NULL, NULL, 'csv', '2025-12-16 17:01:00'),
(447, 30, '2025-12-17 12:00:00', 83.10, NULL, 165, 4, NULL, NULL, NULL, 'csv', '2025-12-16 17:01:00'),
(448, 30, '2025-12-18 12:00:00', 131.80, NULL, 190, 4, NULL, NULL, NULL, 'csv', '2025-12-16 17:01:00'),
(449, 30, '2025-12-19 12:00:00', 74.70, NULL, 160, 4, NULL, NULL, NULL, 'csv', '2025-12-16 17:01:00'),
(450, 30, '2025-12-20 12:00:00', 85.90, NULL, 166, 4, NULL, NULL, NULL, 'csv', '2025-12-16 17:01:00'),
(451, 1, '2025-12-16 12:00:00', 68.90, NULL, 157, 4, NULL, NULL, NULL, 'csv', '2025-12-17 07:31:22'),
(452, 1, '2025-12-17 12:00:00', 83.10, NULL, 165, 4, NULL, NULL, NULL, 'csv', '2025-12-17 07:31:22'),
(453, 1, '2025-12-18 12:00:00', 131.80, NULL, 190, 4, NULL, NULL, NULL, 'csv', '2025-12-17 07:31:22'),
(454, 1, '2025-12-19 12:00:00', 74.70, NULL, 160, 4, NULL, NULL, NULL, 'csv', '2025-12-17 07:31:22'),
(455, 1, '2025-12-20 12:00:00', 85.90, NULL, 166, 4, NULL, NULL, NULL, 'csv', '2025-12-17 07:31:22'),
(456, 2, '2025-12-16 12:00:00', 68.90, NULL, 157, 4, NULL, NULL, NULL, 'csv', '2025-12-17 07:31:22'),
(457, 2, '2025-12-17 12:00:00', 83.10, NULL, 165, 4, NULL, NULL, NULL, 'csv', '2025-12-17 07:31:22'),
(458, 2, '2025-12-18 12:00:00', 131.80, NULL, 190, 4, NULL, NULL, NULL, 'csv', '2025-12-17 07:31:22'),
(459, 2, '2025-12-19 12:00:00', 74.70, NULL, 160, 4, NULL, NULL, NULL, 'csv', '2025-12-17 07:31:22'),
(460, 2, '2025-12-20 12:00:00', 85.90, NULL, 166, 4, NULL, NULL, NULL, 'csv', '2025-12-17 07:31:22'),
(461, 3, '2025-12-16 12:00:00', 68.90, NULL, 157, 4, NULL, NULL, NULL, 'csv', '2025-12-17 07:31:22'),
(462, 3, '2025-12-17 12:00:00', 83.10, NULL, 165, 4, NULL, NULL, NULL, 'csv', '2025-12-17 07:31:22'),
(463, 3, '2025-12-18 12:00:00', 131.80, NULL, 190, 4, NULL, NULL, NULL, 'csv', '2025-12-17 07:31:22'),
(464, 3, '2025-12-19 12:00:00', 74.70, NULL, 160, 4, NULL, NULL, NULL, 'csv', '2025-12-17 07:31:22'),
(465, 3, '2025-12-20 12:00:00', 85.90, NULL, 166, 4, NULL, NULL, NULL, 'csv', '2025-12-17 07:31:22'),
(466, 4, '2025-12-16 12:00:00', 68.90, NULL, 157, 4, NULL, NULL, NULL, 'csv', '2025-12-17 07:31:22'),
(467, 4, '2025-12-17 12:00:00', 83.10, NULL, 165, 4, NULL, NULL, NULL, 'csv', '2025-12-17 07:31:22'),
(468, 4, '2025-12-18 12:00:00', 131.80, NULL, 190, 4, NULL, NULL, NULL, 'csv', '2025-12-17 07:31:22'),
(469, 4, '2025-12-19 12:00:00', 74.70, NULL, 160, 4, NULL, NULL, NULL, 'csv', '2025-12-17 07:31:22'),
(470, 4, '2025-12-20 12:00:00', 85.90, NULL, 166, 4, NULL, NULL, NULL, 'csv', '2025-12-17 07:31:22'),
(471, 5, '2025-12-16 12:00:00', 74.70, NULL, 160, 4, NULL, NULL, NULL, 'csv', '2025-12-17 07:31:22'),
(472, 5, '2025-12-17 12:00:00', 68.50, NULL, 157, 4, NULL, NULL, NULL, 'csv', '2025-12-17 07:31:22'),
(473, 5, '2025-12-18 12:00:00', 123.90, NULL, 186, 4, NULL, NULL, NULL, 'csv', '2025-12-17 07:31:22'),
(474, 5, '2025-12-19 12:00:00', 83.80, NULL, 165, 4, NULL, NULL, NULL, 'csv', '2025-12-17 07:31:22'),
(475, 5, '2025-12-20 12:00:00', 69.20, NULL, 158, 4, NULL, NULL, NULL, 'csv', '2025-12-17 07:31:22'),
(476, 6, '2025-12-16 12:00:00', 90.10, NULL, 168, 4, NULL, NULL, NULL, 'csv', '2025-12-17 07:31:22'),
(477, 6, '2025-12-17 12:00:00', 88.50, NULL, 168, 4, NULL, NULL, NULL, 'csv', '2025-12-17 07:31:22'),
(478, 6, '2025-12-18 12:00:00', 115.90, NULL, 182, 4, NULL, NULL, NULL, 'csv', '2025-12-17 07:31:22'),
(479, 6, '2025-12-19 12:00:00', 59.30, NULL, 152, 4, NULL, NULL, NULL, 'csv', '2025-12-17 07:31:22'),
(480, 6, '2025-12-20 12:00:00', 85.70, NULL, 166, 4, NULL, NULL, NULL, 'csv', '2025-12-17 07:31:22'),
(481, 7, '2025-12-16 12:00:00', 90.10, NULL, 168, 4, NULL, NULL, NULL, 'csv', '2025-12-17 07:31:22'),
(482, 7, '2025-12-17 12:00:00', 88.50, NULL, 168, 4, NULL, NULL, NULL, 'csv', '2025-12-17 07:31:22'),
(483, 7, '2025-12-18 12:00:00', 115.90, NULL, 182, 4, NULL, NULL, NULL, 'csv', '2025-12-17 07:31:22'),
(484, 7, '2025-12-19 12:00:00', 59.30, NULL, 152, 4, NULL, NULL, NULL, 'csv', '2025-12-17 07:31:22'),
(485, 7, '2025-12-20 12:00:00', 85.70, NULL, 166, 4, NULL, NULL, NULL, 'csv', '2025-12-17 07:31:22'),
(486, 8, '2025-12-16 12:00:00', 68.90, NULL, 157, 4, NULL, NULL, NULL, 'csv', '2025-12-17 07:31:22'),
(487, 8, '2025-12-17 12:00:00', 83.10, NULL, 165, 4, NULL, NULL, NULL, 'csv', '2025-12-17 07:31:22'),
(488, 8, '2025-12-18 12:00:00', 131.80, NULL, 190, 4, NULL, NULL, NULL, 'csv', '2025-12-17 07:31:22'),
(489, 8, '2025-12-19 12:00:00', 74.70, NULL, 160, 4, NULL, NULL, NULL, 'csv', '2025-12-17 07:31:22'),
(490, 8, '2025-12-20 12:00:00', 85.90, NULL, 166, 4, NULL, NULL, NULL, 'csv', '2025-12-17 07:31:22'),
(491, 9, '2025-12-16 12:00:00', 74.70, NULL, 160, 4, NULL, NULL, NULL, 'csv', '2025-12-17 07:31:22'),
(492, 9, '2025-12-17 12:00:00', 68.50, NULL, 157, 4, NULL, NULL, NULL, 'csv', '2025-12-17 07:31:22'),
(493, 9, '2025-12-18 12:00:00', 123.90, NULL, 186, 4, NULL, NULL, NULL, 'csv', '2025-12-17 07:31:22'),
(494, 9, '2025-12-19 12:00:00', 83.80, NULL, 165, 4, NULL, NULL, NULL, 'csv', '2025-12-17 07:31:22');
INSERT INTO `fact_forecast` (`forecast_id`, `district_id`, `forecast_datetime`, `pm25_forecast`, `pm10_forecast`, `aqi_forecast`, `aqi_level_id`, `temperature_forecast`, `humidity_forecast`, `confidence`, `source`, `created_at`) VALUES
(495, 9, '2025-12-20 12:00:00', 69.20, NULL, 158, 4, NULL, NULL, NULL, 'csv', '2025-12-17 07:31:22'),
(496, 10, '2025-12-16 12:00:00', 74.70, NULL, 160, 4, NULL, NULL, NULL, 'csv', '2025-12-17 07:31:22'),
(497, 10, '2025-12-17 12:00:00', 68.50, NULL, 157, 4, NULL, NULL, NULL, 'csv', '2025-12-17 07:31:22'),
(498, 10, '2025-12-18 12:00:00', 123.90, NULL, 186, 4, NULL, NULL, NULL, 'csv', '2025-12-17 07:31:22'),
(499, 10, '2025-12-19 12:00:00', 83.80, NULL, 165, 4, NULL, NULL, NULL, 'csv', '2025-12-17 07:31:22'),
(500, 10, '2025-12-20 12:00:00', 69.20, NULL, 158, 4, NULL, NULL, NULL, 'csv', '2025-12-17 07:31:22'),
(501, 11, '2025-12-16 12:00:00', 68.90, NULL, 157, 4, NULL, NULL, NULL, 'csv', '2025-12-17 07:31:22'),
(502, 11, '2025-12-17 12:00:00', 83.10, NULL, 165, 4, NULL, NULL, NULL, 'csv', '2025-12-17 07:31:22'),
(503, 11, '2025-12-18 12:00:00', 131.80, NULL, 190, 4, NULL, NULL, NULL, 'csv', '2025-12-17 07:31:22'),
(504, 11, '2025-12-19 12:00:00', 74.70, NULL, 160, 4, NULL, NULL, NULL, 'csv', '2025-12-17 07:31:22'),
(505, 11, '2025-12-20 12:00:00', 85.90, NULL, 166, 4, NULL, NULL, NULL, 'csv', '2025-12-17 07:31:22'),
(506, 12, '2025-12-16 12:00:00', 71.90, NULL, 159, 4, NULL, NULL, NULL, 'csv', '2025-12-17 07:31:22'),
(507, 12, '2025-12-17 12:00:00', 67.50, NULL, 157, 4, NULL, NULL, NULL, 'csv', '2025-12-17 07:31:23'),
(508, 12, '2025-12-18 12:00:00', 100.80, NULL, 174, 4, NULL, NULL, NULL, 'csv', '2025-12-17 07:31:23'),
(509, 12, '2025-12-19 12:00:00', 65.70, NULL, 156, 4, NULL, NULL, NULL, 'csv', '2025-12-17 07:31:23'),
(510, 12, '2025-12-20 12:00:00', 65.20, NULL, 156, 4, NULL, NULL, NULL, 'csv', '2025-12-17 07:31:23'),
(511, 13, '2025-12-16 12:00:00', 74.70, NULL, 160, 4, NULL, NULL, NULL, 'csv', '2025-12-17 07:31:23'),
(512, 13, '2025-12-17 12:00:00', 68.50, NULL, 157, 4, NULL, NULL, NULL, 'csv', '2025-12-17 07:31:23'),
(513, 13, '2025-12-18 12:00:00', 123.90, NULL, 186, 4, NULL, NULL, NULL, 'csv', '2025-12-17 07:31:23'),
(514, 13, '2025-12-19 12:00:00', 83.80, NULL, 165, 4, NULL, NULL, NULL, 'csv', '2025-12-17 07:31:23'),
(515, 13, '2025-12-20 12:00:00', 69.20, NULL, 158, 4, NULL, NULL, NULL, 'csv', '2025-12-17 07:31:23'),
(516, 14, '2025-12-16 12:00:00', 67.50, NULL, 157, 4, NULL, NULL, NULL, 'csv', '2025-12-17 07:31:23'),
(517, 14, '2025-12-17 12:00:00', 58.70, NULL, 152, 4, NULL, NULL, NULL, 'csv', '2025-12-17 07:31:23'),
(518, 14, '2025-12-18 12:00:00', 80.60, NULL, 163, 4, NULL, NULL, NULL, 'csv', '2025-12-17 07:31:23'),
(519, 14, '2025-12-19 12:00:00', 77.80, NULL, 162, 4, NULL, NULL, NULL, 'csv', '2025-12-17 07:31:23'),
(520, 14, '2025-12-20 12:00:00', 56.60, NULL, 151, 4, NULL, NULL, NULL, 'csv', '2025-12-17 07:31:23'),
(521, 15, '2025-12-16 12:00:00', 71.90, NULL, 159, 4, NULL, NULL, NULL, 'csv', '2025-12-17 07:31:23'),
(522, 15, '2025-12-17 12:00:00', 67.50, NULL, 157, 4, NULL, NULL, NULL, 'csv', '2025-12-17 07:31:23'),
(523, 15, '2025-12-18 12:00:00', 100.80, NULL, 174, 4, NULL, NULL, NULL, 'csv', '2025-12-17 07:31:23'),
(524, 15, '2025-12-19 12:00:00', 65.70, NULL, 156, 4, NULL, NULL, NULL, 'csv', '2025-12-17 07:31:23'),
(525, 15, '2025-12-20 12:00:00', 65.20, NULL, 156, 4, NULL, NULL, NULL, 'csv', '2025-12-17 07:31:23'),
(526, 16, '2025-12-16 12:00:00', 74.70, NULL, 160, 4, NULL, NULL, NULL, 'csv', '2025-12-17 07:31:23'),
(527, 16, '2025-12-17 12:00:00', 68.50, NULL, 157, 4, NULL, NULL, NULL, 'csv', '2025-12-17 07:31:23'),
(528, 16, '2025-12-18 12:00:00', 123.90, NULL, 186, 4, NULL, NULL, NULL, 'csv', '2025-12-17 07:31:23'),
(529, 16, '2025-12-19 12:00:00', 83.80, NULL, 165, 4, NULL, NULL, NULL, 'csv', '2025-12-17 07:31:23'),
(530, 16, '2025-12-20 12:00:00', 69.20, NULL, 158, 4, NULL, NULL, NULL, 'csv', '2025-12-17 07:31:23'),
(531, 17, '2025-12-16 12:00:00', 68.90, NULL, 157, 4, NULL, NULL, NULL, 'csv', '2025-12-17 07:31:23'),
(532, 17, '2025-12-17 12:00:00', 83.10, NULL, 165, 4, NULL, NULL, NULL, 'csv', '2025-12-17 07:31:23'),
(533, 17, '2025-12-18 12:00:00', 131.80, NULL, 190, 4, NULL, NULL, NULL, 'csv', '2025-12-17 07:31:23'),
(534, 17, '2025-12-19 12:00:00', 74.70, NULL, 160, 4, NULL, NULL, NULL, 'csv', '2025-12-17 07:31:23'),
(535, 17, '2025-12-20 12:00:00', 85.90, NULL, 166, 4, NULL, NULL, NULL, 'csv', '2025-12-17 07:31:23'),
(536, 18, '2025-12-16 12:00:00', 68.90, NULL, 157, 4, NULL, NULL, NULL, 'csv', '2025-12-17 07:31:23'),
(537, 18, '2025-12-17 12:00:00', 83.10, NULL, 165, 4, NULL, NULL, NULL, 'csv', '2025-12-17 07:31:23'),
(538, 18, '2025-12-18 12:00:00', 131.80, NULL, 190, 4, NULL, NULL, NULL, 'csv', '2025-12-17 07:31:23'),
(539, 18, '2025-12-19 12:00:00', 74.70, NULL, 160, 4, NULL, NULL, NULL, 'csv', '2025-12-17 07:31:23'),
(540, 18, '2025-12-20 12:00:00', 85.90, NULL, 166, 4, NULL, NULL, NULL, 'csv', '2025-12-17 07:31:23'),
(541, 19, '2025-12-16 12:00:00', 74.70, NULL, 160, 4, NULL, NULL, NULL, 'csv', '2025-12-17 07:31:23'),
(542, 19, '2025-12-17 12:00:00', 68.50, NULL, 157, 4, NULL, NULL, NULL, 'csv', '2025-12-17 07:31:23'),
(543, 19, '2025-12-18 12:00:00', 123.90, NULL, 186, 4, NULL, NULL, NULL, 'csv', '2025-12-17 07:31:23'),
(544, 19, '2025-12-19 12:00:00', 83.80, NULL, 165, 4, NULL, NULL, NULL, 'csv', '2025-12-17 07:31:23'),
(545, 19, '2025-12-20 12:00:00', 69.20, NULL, 158, 4, NULL, NULL, NULL, 'csv', '2025-12-17 07:31:23'),
(546, 20, '2025-12-16 12:00:00', 74.70, NULL, 160, 4, NULL, NULL, NULL, 'csv', '2025-12-17 07:31:23'),
(547, 20, '2025-12-17 12:00:00', 68.50, NULL, 157, 4, NULL, NULL, NULL, 'csv', '2025-12-17 07:31:23'),
(548, 20, '2025-12-18 12:00:00', 123.90, NULL, 186, 4, NULL, NULL, NULL, 'csv', '2025-12-17 07:31:23'),
(549, 20, '2025-12-19 12:00:00', 83.80, NULL, 165, 4, NULL, NULL, NULL, 'csv', '2025-12-17 07:31:23'),
(550, 20, '2025-12-20 12:00:00', 69.20, NULL, 158, 4, NULL, NULL, NULL, 'csv', '2025-12-17 07:31:23'),
(551, 21, '2025-12-16 12:00:00', 71.90, NULL, 159, 4, NULL, NULL, NULL, 'csv', '2025-12-17 07:31:23'),
(552, 21, '2025-12-17 12:00:00', 67.50, NULL, 157, 4, NULL, NULL, NULL, 'csv', '2025-12-17 07:31:23'),
(553, 21, '2025-12-18 12:00:00', 100.80, NULL, 174, 4, NULL, NULL, NULL, 'csv', '2025-12-17 07:31:23'),
(554, 21, '2025-12-19 12:00:00', 65.70, NULL, 156, 4, NULL, NULL, NULL, 'csv', '2025-12-17 07:31:23'),
(555, 21, '2025-12-20 12:00:00', 65.20, NULL, 156, 4, NULL, NULL, NULL, 'csv', '2025-12-17 07:31:23'),
(556, 22, '2025-12-16 12:00:00', 74.70, NULL, 160, 4, NULL, NULL, NULL, 'csv', '2025-12-17 07:31:23'),
(557, 22, '2025-12-17 12:00:00', 68.50, NULL, 157, 4, NULL, NULL, NULL, 'csv', '2025-12-17 07:31:23'),
(558, 22, '2025-12-18 12:00:00', 123.90, NULL, 186, 4, NULL, NULL, NULL, 'csv', '2025-12-17 07:31:23'),
(559, 22, '2025-12-19 12:00:00', 83.80, NULL, 165, 4, NULL, NULL, NULL, 'csv', '2025-12-17 07:31:23'),
(560, 22, '2025-12-20 12:00:00', 69.20, NULL, 158, 4, NULL, NULL, NULL, 'csv', '2025-12-17 07:31:23'),
(561, 23, '2025-12-16 12:00:00', 90.10, NULL, 168, 4, NULL, NULL, NULL, 'csv', '2025-12-17 07:31:23'),
(562, 23, '2025-12-17 12:00:00', 88.50, NULL, 168, 4, NULL, NULL, NULL, 'csv', '2025-12-17 07:31:23'),
(563, 23, '2025-12-18 12:00:00', 115.90, NULL, 182, 4, NULL, NULL, NULL, 'csv', '2025-12-17 07:31:23'),
(564, 23, '2025-12-19 12:00:00', 59.30, NULL, 152, 4, NULL, NULL, NULL, 'csv', '2025-12-17 07:31:23'),
(565, 23, '2025-12-20 12:00:00', 85.70, NULL, 166, 4, NULL, NULL, NULL, 'csv', '2025-12-17 07:31:23'),
(566, 24, '2025-12-16 12:00:00', 71.90, NULL, 159, 4, NULL, NULL, NULL, 'csv', '2025-12-17 07:31:23'),
(567, 24, '2025-12-17 12:00:00', 67.50, NULL, 157, 4, NULL, NULL, NULL, 'csv', '2025-12-17 07:31:23'),
(568, 24, '2025-12-18 12:00:00', 100.80, NULL, 174, 4, NULL, NULL, NULL, 'csv', '2025-12-17 07:31:23'),
(569, 24, '2025-12-19 12:00:00', 65.70, NULL, 156, 4, NULL, NULL, NULL, 'csv', '2025-12-17 07:31:23'),
(570, 24, '2025-12-20 12:00:00', 65.20, NULL, 156, 4, NULL, NULL, NULL, 'csv', '2025-12-17 07:31:23'),
(571, 25, '2025-12-16 12:00:00', 74.70, NULL, 160, 4, NULL, NULL, NULL, 'csv', '2025-12-17 07:31:23'),
(572, 25, '2025-12-17 12:00:00', 68.50, NULL, 157, 4, NULL, NULL, NULL, 'csv', '2025-12-17 07:31:23'),
(573, 25, '2025-12-18 12:00:00', 123.90, NULL, 186, 4, NULL, NULL, NULL, 'csv', '2025-12-17 07:31:23'),
(574, 25, '2025-12-19 12:00:00', 83.80, NULL, 165, 4, NULL, NULL, NULL, 'csv', '2025-12-17 07:31:23'),
(575, 25, '2025-12-20 12:00:00', 69.20, NULL, 158, 4, NULL, NULL, NULL, 'csv', '2025-12-17 07:31:23'),
(576, 26, '2025-12-16 12:00:00', 71.90, NULL, 159, 4, NULL, NULL, NULL, 'csv', '2025-12-17 07:31:23'),
(577, 26, '2025-12-17 12:00:00', 67.50, NULL, 157, 4, NULL, NULL, NULL, 'csv', '2025-12-17 07:31:23'),
(578, 26, '2025-12-18 12:00:00', 100.80, NULL, 174, 4, NULL, NULL, NULL, 'csv', '2025-12-17 07:31:23'),
(579, 26, '2025-12-19 12:00:00', 65.70, NULL, 156, 4, NULL, NULL, NULL, 'csv', '2025-12-17 07:31:23'),
(580, 26, '2025-12-20 12:00:00', 65.20, NULL, 156, 4, NULL, NULL, NULL, 'csv', '2025-12-17 07:31:23'),
(581, 27, '2025-12-16 12:00:00', 90.10, NULL, 168, 4, NULL, NULL, NULL, 'csv', '2025-12-17 07:31:23'),
(582, 27, '2025-12-17 12:00:00', 88.50, NULL, 168, 4, NULL, NULL, NULL, 'csv', '2025-12-17 07:31:23'),
(583, 27, '2025-12-18 12:00:00', 115.90, NULL, 182, 4, NULL, NULL, NULL, 'csv', '2025-12-17 07:31:23'),
(584, 27, '2025-12-19 12:00:00', 59.30, NULL, 152, 4, NULL, NULL, NULL, 'csv', '2025-12-17 07:31:23'),
(585, 27, '2025-12-20 12:00:00', 85.70, NULL, 166, 4, NULL, NULL, NULL, 'csv', '2025-12-17 07:31:23'),
(586, 28, '2025-12-16 12:00:00', 90.10, NULL, 168, 4, NULL, NULL, NULL, 'csv', '2025-12-17 07:31:23'),
(587, 28, '2025-12-17 12:00:00', 88.50, NULL, 168, 4, NULL, NULL, NULL, 'csv', '2025-12-17 07:31:23'),
(588, 28, '2025-12-18 12:00:00', 115.90, NULL, 182, 4, NULL, NULL, NULL, 'csv', '2025-12-17 07:31:23'),
(589, 28, '2025-12-19 12:00:00', 59.30, NULL, 152, 4, NULL, NULL, NULL, 'csv', '2025-12-17 07:31:23'),
(590, 28, '2025-12-20 12:00:00', 85.70, NULL, 166, 4, NULL, NULL, NULL, 'csv', '2025-12-17 07:31:23'),
(591, 29, '2025-12-16 12:00:00', 71.90, NULL, 159, 4, NULL, NULL, NULL, 'csv', '2025-12-17 07:31:23'),
(592, 29, '2025-12-17 12:00:00', 67.50, NULL, 157, 4, NULL, NULL, NULL, 'csv', '2025-12-17 07:31:23'),
(593, 29, '2025-12-18 12:00:00', 100.80, NULL, 174, 4, NULL, NULL, NULL, 'csv', '2025-12-17 07:31:23'),
(594, 29, '2025-12-19 12:00:00', 65.70, NULL, 156, 4, NULL, NULL, NULL, 'csv', '2025-12-17 07:31:23'),
(595, 29, '2025-12-20 12:00:00', 65.20, NULL, 156, 4, NULL, NULL, NULL, 'csv', '2025-12-17 07:31:23'),
(596, 30, '2025-12-16 12:00:00', 68.90, NULL, 157, 4, NULL, NULL, NULL, 'csv', '2025-12-17 07:31:23'),
(597, 30, '2025-12-17 12:00:00', 83.10, NULL, 165, 4, NULL, NULL, NULL, 'csv', '2025-12-17 07:31:23'),
(598, 30, '2025-12-18 12:00:00', 131.80, NULL, 190, 4, NULL, NULL, NULL, 'csv', '2025-12-17 07:31:23'),
(599, 30, '2025-12-19 12:00:00', 74.70, NULL, 160, 4, NULL, NULL, NULL, 'csv', '2025-12-17 07:31:23'),
(600, 30, '2025-12-20 12:00:00', 85.90, NULL, 166, 4, NULL, NULL, NULL, 'csv', '2025-12-17 07:31:23'),
(601, 1, '2025-12-16 12:00:00', 68.90, NULL, 157, 4, NULL, NULL, NULL, 'csv', '2025-12-17 08:00:51'),
(602, 1, '2025-12-17 12:00:00', 83.10, NULL, 165, 4, NULL, NULL, NULL, 'csv', '2025-12-17 08:00:51'),
(603, 1, '2025-12-18 12:00:00', 131.80, NULL, 190, 4, NULL, NULL, NULL, 'csv', '2025-12-17 08:00:51'),
(604, 1, '2025-12-19 12:00:00', 74.70, NULL, 160, 4, NULL, NULL, NULL, 'csv', '2025-12-17 08:00:51'),
(605, 1, '2025-12-20 12:00:00', 85.90, NULL, 166, 4, NULL, NULL, NULL, 'csv', '2025-12-17 08:00:51'),
(606, 2, '2025-12-16 12:00:00', 68.90, NULL, 157, 4, NULL, NULL, NULL, 'csv', '2025-12-17 08:00:51'),
(607, 2, '2025-12-17 12:00:00', 83.10, NULL, 165, 4, NULL, NULL, NULL, 'csv', '2025-12-17 08:00:51'),
(608, 2, '2025-12-18 12:00:00', 131.80, NULL, 190, 4, NULL, NULL, NULL, 'csv', '2025-12-17 08:00:51'),
(609, 2, '2025-12-19 12:00:00', 74.70, NULL, 160, 4, NULL, NULL, NULL, 'csv', '2025-12-17 08:00:51'),
(610, 2, '2025-12-20 12:00:00', 85.90, NULL, 166, 4, NULL, NULL, NULL, 'csv', '2025-12-17 08:00:51'),
(611, 3, '2025-12-16 12:00:00', 68.90, NULL, 157, 4, NULL, NULL, NULL, 'csv', '2025-12-17 08:00:51'),
(612, 3, '2025-12-17 12:00:00', 83.10, NULL, 165, 4, NULL, NULL, NULL, 'csv', '2025-12-17 08:00:51'),
(613, 3, '2025-12-18 12:00:00', 131.80, NULL, 190, 4, NULL, NULL, NULL, 'csv', '2025-12-17 08:00:51'),
(614, 3, '2025-12-19 12:00:00', 74.70, NULL, 160, 4, NULL, NULL, NULL, 'csv', '2025-12-17 08:00:51'),
(615, 3, '2025-12-20 12:00:00', 85.90, NULL, 166, 4, NULL, NULL, NULL, 'csv', '2025-12-17 08:00:51'),
(616, 4, '2025-12-16 12:00:00', 68.90, NULL, 157, 4, NULL, NULL, NULL, 'csv', '2025-12-17 08:00:51'),
(617, 4, '2025-12-17 12:00:00', 83.10, NULL, 165, 4, NULL, NULL, NULL, 'csv', '2025-12-17 08:00:51'),
(618, 4, '2025-12-18 12:00:00', 131.80, NULL, 190, 4, NULL, NULL, NULL, 'csv', '2025-12-17 08:00:51'),
(619, 4, '2025-12-19 12:00:00', 74.70, NULL, 160, 4, NULL, NULL, NULL, 'csv', '2025-12-17 08:00:51'),
(620, 4, '2025-12-20 12:00:00', 85.90, NULL, 166, 4, NULL, NULL, NULL, 'csv', '2025-12-17 08:00:51'),
(621, 5, '2025-12-16 12:00:00', 74.70, NULL, 160, 4, NULL, NULL, NULL, 'csv', '2025-12-17 08:00:51'),
(622, 5, '2025-12-17 12:00:00', 68.50, NULL, 157, 4, NULL, NULL, NULL, 'csv', '2025-12-17 08:00:51'),
(623, 5, '2025-12-18 12:00:00', 123.90, NULL, 186, 4, NULL, NULL, NULL, 'csv', '2025-12-17 08:00:51'),
(624, 5, '2025-12-19 12:00:00', 83.80, NULL, 165, 4, NULL, NULL, NULL, 'csv', '2025-12-17 08:00:51'),
(625, 5, '2025-12-20 12:00:00', 69.20, NULL, 158, 4, NULL, NULL, NULL, 'csv', '2025-12-17 08:00:51'),
(626, 6, '2025-12-16 12:00:00', 90.10, NULL, 168, 4, NULL, NULL, NULL, 'csv', '2025-12-17 08:00:51'),
(627, 6, '2025-12-17 12:00:00', 88.50, NULL, 168, 4, NULL, NULL, NULL, 'csv', '2025-12-17 08:00:51'),
(628, 6, '2025-12-18 12:00:00', 115.90, NULL, 182, 4, NULL, NULL, NULL, 'csv', '2025-12-17 08:00:51'),
(629, 6, '2025-12-19 12:00:00', 59.30, NULL, 152, 4, NULL, NULL, NULL, 'csv', '2025-12-17 08:00:51'),
(630, 6, '2025-12-20 12:00:00', 85.70, NULL, 166, 4, NULL, NULL, NULL, 'csv', '2025-12-17 08:00:51'),
(631, 7, '2025-12-16 12:00:00', 90.10, NULL, 168, 4, NULL, NULL, NULL, 'csv', '2025-12-17 08:00:51'),
(632, 7, '2025-12-17 12:00:00', 88.50, NULL, 168, 4, NULL, NULL, NULL, 'csv', '2025-12-17 08:00:51'),
(633, 7, '2025-12-18 12:00:00', 115.90, NULL, 182, 4, NULL, NULL, NULL, 'csv', '2025-12-17 08:00:51'),
(634, 7, '2025-12-19 12:00:00', 59.30, NULL, 152, 4, NULL, NULL, NULL, 'csv', '2025-12-17 08:00:51'),
(635, 7, '2025-12-20 12:00:00', 85.70, NULL, 166, 4, NULL, NULL, NULL, 'csv', '2025-12-17 08:00:52'),
(636, 8, '2025-12-16 12:00:00', 68.90, NULL, 157, 4, NULL, NULL, NULL, 'csv', '2025-12-17 08:00:52'),
(637, 8, '2025-12-17 12:00:00', 83.10, NULL, 165, 4, NULL, NULL, NULL, 'csv', '2025-12-17 08:00:52'),
(638, 8, '2025-12-18 12:00:00', 131.80, NULL, 190, 4, NULL, NULL, NULL, 'csv', '2025-12-17 08:00:52'),
(639, 8, '2025-12-19 12:00:00', 74.70, NULL, 160, 4, NULL, NULL, NULL, 'csv', '2025-12-17 08:00:52'),
(640, 8, '2025-12-20 12:00:00', 85.90, NULL, 166, 4, NULL, NULL, NULL, 'csv', '2025-12-17 08:00:52'),
(641, 9, '2025-12-16 12:00:00', 74.70, NULL, 160, 4, NULL, NULL, NULL, 'csv', '2025-12-17 08:00:52'),
(642, 9, '2025-12-17 12:00:00', 68.50, NULL, 157, 4, NULL, NULL, NULL, 'csv', '2025-12-17 08:00:52'),
(643, 9, '2025-12-18 12:00:00', 123.90, NULL, 186, 4, NULL, NULL, NULL, 'csv', '2025-12-17 08:00:52'),
(644, 9, '2025-12-19 12:00:00', 83.80, NULL, 165, 4, NULL, NULL, NULL, 'csv', '2025-12-17 08:00:52'),
(645, 9, '2025-12-20 12:00:00', 69.20, NULL, 158, 4, NULL, NULL, NULL, 'csv', '2025-12-17 08:00:52'),
(646, 10, '2025-12-16 12:00:00', 74.70, NULL, 160, 4, NULL, NULL, NULL, 'csv', '2025-12-17 08:00:52'),
(647, 10, '2025-12-17 12:00:00', 68.50, NULL, 157, 4, NULL, NULL, NULL, 'csv', '2025-12-17 08:00:52'),
(648, 10, '2025-12-18 12:00:00', 123.90, NULL, 186, 4, NULL, NULL, NULL, 'csv', '2025-12-17 08:00:52'),
(649, 10, '2025-12-19 12:00:00', 83.80, NULL, 165, 4, NULL, NULL, NULL, 'csv', '2025-12-17 08:00:52'),
(650, 10, '2025-12-20 12:00:00', 69.20, NULL, 158, 4, NULL, NULL, NULL, 'csv', '2025-12-17 08:00:52'),
(651, 11, '2025-12-16 12:00:00', 68.90, NULL, 157, 4, NULL, NULL, NULL, 'csv', '2025-12-17 08:00:52'),
(652, 11, '2025-12-17 12:00:00', 83.10, NULL, 165, 4, NULL, NULL, NULL, 'csv', '2025-12-17 08:00:52'),
(653, 11, '2025-12-18 12:00:00', 131.80, NULL, 190, 4, NULL, NULL, NULL, 'csv', '2025-12-17 08:00:52'),
(654, 11, '2025-12-19 12:00:00', 74.70, NULL, 160, 4, NULL, NULL, NULL, 'csv', '2025-12-17 08:00:52'),
(655, 11, '2025-12-20 12:00:00', 85.90, NULL, 166, 4, NULL, NULL, NULL, 'csv', '2025-12-17 08:00:52'),
(656, 12, '2025-12-16 12:00:00', 71.90, NULL, 159, 4, NULL, NULL, NULL, 'csv', '2025-12-17 08:00:52'),
(657, 12, '2025-12-17 12:00:00', 67.50, NULL, 157, 4, NULL, NULL, NULL, 'csv', '2025-12-17 08:00:52'),
(658, 12, '2025-12-18 12:00:00', 100.80, NULL, 174, 4, NULL, NULL, NULL, 'csv', '2025-12-17 08:00:52'),
(659, 12, '2025-12-19 12:00:00', 65.70, NULL, 156, 4, NULL, NULL, NULL, 'csv', '2025-12-17 08:00:52'),
(660, 12, '2025-12-20 12:00:00', 65.20, NULL, 156, 4, NULL, NULL, NULL, 'csv', '2025-12-17 08:00:52'),
(661, 13, '2025-12-16 12:00:00', 74.70, NULL, 160, 4, NULL, NULL, NULL, 'csv', '2025-12-17 08:00:52'),
(662, 13, '2025-12-17 12:00:00', 68.50, NULL, 157, 4, NULL, NULL, NULL, 'csv', '2025-12-17 08:00:52'),
(663, 13, '2025-12-18 12:00:00', 123.90, NULL, 186, 4, NULL, NULL, NULL, 'csv', '2025-12-17 08:00:52'),
(664, 13, '2025-12-19 12:00:00', 83.80, NULL, 165, 4, NULL, NULL, NULL, 'csv', '2025-12-17 08:00:52'),
(665, 13, '2025-12-20 12:00:00', 69.20, NULL, 158, 4, NULL, NULL, NULL, 'csv', '2025-12-17 08:00:52'),
(666, 14, '2025-12-16 12:00:00', 67.50, NULL, 157, 4, NULL, NULL, NULL, 'csv', '2025-12-17 08:00:52'),
(667, 14, '2025-12-17 12:00:00', 58.70, NULL, 152, 4, NULL, NULL, NULL, 'csv', '2025-12-17 08:00:52'),
(668, 14, '2025-12-18 12:00:00', 80.60, NULL, 163, 4, NULL, NULL, NULL, 'csv', '2025-12-17 08:00:52'),
(669, 14, '2025-12-19 12:00:00', 77.80, NULL, 162, 4, NULL, NULL, NULL, 'csv', '2025-12-17 08:00:52'),
(670, 14, '2025-12-20 12:00:00', 56.60, NULL, 151, 4, NULL, NULL, NULL, 'csv', '2025-12-17 08:00:52'),
(671, 15, '2025-12-16 12:00:00', 71.90, NULL, 159, 4, NULL, NULL, NULL, 'csv', '2025-12-17 08:00:52'),
(672, 15, '2025-12-17 12:00:00', 67.50, NULL, 157, 4, NULL, NULL, NULL, 'csv', '2025-12-17 08:00:52'),
(673, 15, '2025-12-18 12:00:00', 100.80, NULL, 174, 4, NULL, NULL, NULL, 'csv', '2025-12-17 08:00:52'),
(674, 15, '2025-12-19 12:00:00', 65.70, NULL, 156, 4, NULL, NULL, NULL, 'csv', '2025-12-17 08:00:52'),
(675, 15, '2025-12-20 12:00:00', 65.20, NULL, 156, 4, NULL, NULL, NULL, 'csv', '2025-12-17 08:00:52'),
(676, 16, '2025-12-16 12:00:00', 74.70, NULL, 160, 4, NULL, NULL, NULL, 'csv', '2025-12-17 08:00:52'),
(677, 16, '2025-12-17 12:00:00', 68.50, NULL, 157, 4, NULL, NULL, NULL, 'csv', '2025-12-17 08:00:52'),
(678, 16, '2025-12-18 12:00:00', 123.90, NULL, 186, 4, NULL, NULL, NULL, 'csv', '2025-12-17 08:00:52'),
(679, 16, '2025-12-19 12:00:00', 83.80, NULL, 165, 4, NULL, NULL, NULL, 'csv', '2025-12-17 08:00:52'),
(680, 16, '2025-12-20 12:00:00', 69.20, NULL, 158, 4, NULL, NULL, NULL, 'csv', '2025-12-17 08:00:52'),
(681, 17, '2025-12-16 12:00:00', 68.90, NULL, 157, 4, NULL, NULL, NULL, 'csv', '2025-12-17 08:00:52'),
(682, 17, '2025-12-17 12:00:00', 83.10, NULL, 165, 4, NULL, NULL, NULL, 'csv', '2025-12-17 08:00:52'),
(683, 17, '2025-12-18 12:00:00', 131.80, NULL, 190, 4, NULL, NULL, NULL, 'csv', '2025-12-17 08:00:52'),
(684, 17, '2025-12-19 12:00:00', 74.70, NULL, 160, 4, NULL, NULL, NULL, 'csv', '2025-12-17 08:00:52'),
(685, 17, '2025-12-20 12:00:00', 85.90, NULL, 166, 4, NULL, NULL, NULL, 'csv', '2025-12-17 08:00:52'),
(686, 18, '2025-12-16 12:00:00', 68.90, NULL, 157, 4, NULL, NULL, NULL, 'csv', '2025-12-17 08:00:52'),
(687, 18, '2025-12-17 12:00:00', 83.10, NULL, 165, 4, NULL, NULL, NULL, 'csv', '2025-12-17 08:00:52'),
(688, 18, '2025-12-18 12:00:00', 131.80, NULL, 190, 4, NULL, NULL, NULL, 'csv', '2025-12-17 08:00:52'),
(689, 18, '2025-12-19 12:00:00', 74.70, NULL, 160, 4, NULL, NULL, NULL, 'csv', '2025-12-17 08:00:52'),
(690, 18, '2025-12-20 12:00:00', 85.90, NULL, 166, 4, NULL, NULL, NULL, 'csv', '2025-12-17 08:00:52'),
(691, 19, '2025-12-16 12:00:00', 74.70, NULL, 160, 4, NULL, NULL, NULL, 'csv', '2025-12-17 08:00:52'),
(692, 19, '2025-12-17 12:00:00', 68.50, NULL, 157, 4, NULL, NULL, NULL, 'csv', '2025-12-17 08:00:52'),
(693, 19, '2025-12-18 12:00:00', 123.90, NULL, 186, 4, NULL, NULL, NULL, 'csv', '2025-12-17 08:00:52'),
(694, 19, '2025-12-19 12:00:00', 83.80, NULL, 165, 4, NULL, NULL, NULL, 'csv', '2025-12-17 08:00:52'),
(695, 19, '2025-12-20 12:00:00', 69.20, NULL, 158, 4, NULL, NULL, NULL, 'csv', '2025-12-17 08:00:52'),
(696, 20, '2025-12-16 12:00:00', 74.70, NULL, 160, 4, NULL, NULL, NULL, 'csv', '2025-12-17 08:00:52'),
(697, 20, '2025-12-17 12:00:00', 68.50, NULL, 157, 4, NULL, NULL, NULL, 'csv', '2025-12-17 08:00:52'),
(698, 20, '2025-12-18 12:00:00', 123.90, NULL, 186, 4, NULL, NULL, NULL, 'csv', '2025-12-17 08:00:52'),
(699, 20, '2025-12-19 12:00:00', 83.80, NULL, 165, 4, NULL, NULL, NULL, 'csv', '2025-12-17 08:00:52'),
(700, 20, '2025-12-20 12:00:00', 69.20, NULL, 158, 4, NULL, NULL, NULL, 'csv', '2025-12-17 08:00:52'),
(701, 21, '2025-12-16 12:00:00', 71.90, NULL, 159, 4, NULL, NULL, NULL, 'csv', '2025-12-17 08:00:52'),
(702, 21, '2025-12-17 12:00:00', 67.50, NULL, 157, 4, NULL, NULL, NULL, 'csv', '2025-12-17 08:00:52'),
(703, 21, '2025-12-18 12:00:00', 100.80, NULL, 174, 4, NULL, NULL, NULL, 'csv', '2025-12-17 08:00:52'),
(704, 21, '2025-12-19 12:00:00', 65.70, NULL, 156, 4, NULL, NULL, NULL, 'csv', '2025-12-17 08:00:52'),
(705, 21, '2025-12-20 12:00:00', 65.20, NULL, 156, 4, NULL, NULL, NULL, 'csv', '2025-12-17 08:00:52'),
(706, 22, '2025-12-16 12:00:00', 74.70, NULL, 160, 4, NULL, NULL, NULL, 'csv', '2025-12-17 08:00:52'),
(707, 22, '2025-12-17 12:00:00', 68.50, NULL, 157, 4, NULL, NULL, NULL, 'csv', '2025-12-17 08:00:52'),
(708, 22, '2025-12-18 12:00:00', 123.90, NULL, 186, 4, NULL, NULL, NULL, 'csv', '2025-12-17 08:00:52'),
(709, 22, '2025-12-19 12:00:00', 83.80, NULL, 165, 4, NULL, NULL, NULL, 'csv', '2025-12-17 08:00:52'),
(710, 22, '2025-12-20 12:00:00', 69.20, NULL, 158, 4, NULL, NULL, NULL, 'csv', '2025-12-17 08:00:52'),
(711, 23, '2025-12-16 12:00:00', 90.10, NULL, 168, 4, NULL, NULL, NULL, 'csv', '2025-12-17 08:00:52'),
(712, 23, '2025-12-17 12:00:00', 88.50, NULL, 168, 4, NULL, NULL, NULL, 'csv', '2025-12-17 08:00:52'),
(713, 23, '2025-12-18 12:00:00', 115.90, NULL, 182, 4, NULL, NULL, NULL, 'csv', '2025-12-17 08:00:52'),
(714, 23, '2025-12-19 12:00:00', 59.30, NULL, 152, 4, NULL, NULL, NULL, 'csv', '2025-12-17 08:00:52'),
(715, 23, '2025-12-20 12:00:00', 85.70, NULL, 166, 4, NULL, NULL, NULL, 'csv', '2025-12-17 08:00:52'),
(716, 24, '2025-12-16 12:00:00', 71.90, NULL, 159, 4, NULL, NULL, NULL, 'csv', '2025-12-17 08:00:52'),
(717, 24, '2025-12-17 12:00:00', 67.50, NULL, 157, 4, NULL, NULL, NULL, 'csv', '2025-12-17 08:00:52'),
(718, 24, '2025-12-18 12:00:00', 100.80, NULL, 174, 4, NULL, NULL, NULL, 'csv', '2025-12-17 08:00:52'),
(719, 24, '2025-12-19 12:00:00', 65.70, NULL, 156, 4, NULL, NULL, NULL, 'csv', '2025-12-17 08:00:52'),
(720, 24, '2025-12-20 12:00:00', 65.20, NULL, 156, 4, NULL, NULL, NULL, 'csv', '2025-12-17 08:00:52'),
(721, 25, '2025-12-16 12:00:00', 74.70, NULL, 160, 4, NULL, NULL, NULL, 'csv', '2025-12-17 08:00:52'),
(722, 25, '2025-12-17 12:00:00', 68.50, NULL, 157, 4, NULL, NULL, NULL, 'csv', '2025-12-17 08:00:52'),
(723, 25, '2025-12-18 12:00:00', 123.90, NULL, 186, 4, NULL, NULL, NULL, 'csv', '2025-12-17 08:00:52'),
(724, 25, '2025-12-19 12:00:00', 83.80, NULL, 165, 4, NULL, NULL, NULL, 'csv', '2025-12-17 08:00:52'),
(725, 25, '2025-12-20 12:00:00', 69.20, NULL, 158, 4, NULL, NULL, NULL, 'csv', '2025-12-17 08:00:52'),
(726, 26, '2025-12-16 12:00:00', 71.90, NULL, 159, 4, NULL, NULL, NULL, 'csv', '2025-12-17 08:00:52'),
(727, 26, '2025-12-17 12:00:00', 67.50, NULL, 157, 4, NULL, NULL, NULL, 'csv', '2025-12-17 08:00:52'),
(728, 26, '2025-12-18 12:00:00', 100.80, NULL, 174, 4, NULL, NULL, NULL, 'csv', '2025-12-17 08:00:52'),
(729, 26, '2025-12-19 12:00:00', 65.70, NULL, 156, 4, NULL, NULL, NULL, 'csv', '2025-12-17 08:00:52'),
(730, 26, '2025-12-20 12:00:00', 65.20, NULL, 156, 4, NULL, NULL, NULL, 'csv', '2025-12-17 08:00:52'),
(731, 27, '2025-12-16 12:00:00', 90.10, NULL, 168, 4, NULL, NULL, NULL, 'csv', '2025-12-17 08:00:52'),
(732, 27, '2025-12-17 12:00:00', 88.50, NULL, 168, 4, NULL, NULL, NULL, 'csv', '2025-12-17 08:00:52'),
(733, 27, '2025-12-18 12:00:00', 115.90, NULL, 182, 4, NULL, NULL, NULL, 'csv', '2025-12-17 08:00:52'),
(734, 27, '2025-12-19 12:00:00', 59.30, NULL, 152, 4, NULL, NULL, NULL, 'csv', '2025-12-17 08:00:52'),
(735, 27, '2025-12-20 12:00:00', 85.70, NULL, 166, 4, NULL, NULL, NULL, 'csv', '2025-12-17 08:00:52'),
(736, 28, '2025-12-16 12:00:00', 90.10, NULL, 168, 4, NULL, NULL, NULL, 'csv', '2025-12-17 08:00:52'),
(737, 28, '2025-12-17 12:00:00', 88.50, NULL, 168, 4, NULL, NULL, NULL, 'csv', '2025-12-17 08:00:52'),
(738, 28, '2025-12-18 12:00:00', 115.90, NULL, 182, 4, NULL, NULL, NULL, 'csv', '2025-12-17 08:00:52'),
(739, 28, '2025-12-19 12:00:00', 59.30, NULL, 152, 4, NULL, NULL, NULL, 'csv', '2025-12-17 08:00:52'),
(740, 28, '2025-12-20 12:00:00', 85.70, NULL, 166, 4, NULL, NULL, NULL, 'csv', '2025-12-17 08:00:52'),
(741, 29, '2025-12-16 12:00:00', 71.90, NULL, 159, 4, NULL, NULL, NULL, 'csv', '2025-12-17 08:00:52'),
(742, 29, '2025-12-17 12:00:00', 67.50, NULL, 157, 4, NULL, NULL, NULL, 'csv', '2025-12-17 08:00:52'),
(743, 29, '2025-12-18 12:00:00', 100.80, NULL, 174, 4, NULL, NULL, NULL, 'csv', '2025-12-17 08:00:52'),
(744, 29, '2025-12-19 12:00:00', 65.70, NULL, 156, 4, NULL, NULL, NULL, 'csv', '2025-12-17 08:00:52'),
(745, 29, '2025-12-20 12:00:00', 65.20, NULL, 156, 4, NULL, NULL, NULL, 'csv', '2025-12-17 08:00:52'),
(746, 30, '2025-12-16 12:00:00', 68.90, NULL, 157, 4, NULL, NULL, NULL, 'csv', '2025-12-17 08:00:52'),
(747, 30, '2025-12-17 12:00:00', 83.10, NULL, 165, 4, NULL, NULL, NULL, 'csv', '2025-12-17 08:00:52'),
(748, 30, '2025-12-18 12:00:00', 131.80, NULL, 190, 4, NULL, NULL, NULL, 'csv', '2025-12-17 08:00:52'),
(749, 30, '2025-12-19 12:00:00', 74.70, NULL, 160, 4, NULL, NULL, NULL, 'csv', '2025-12-17 08:00:52'),
(750, 30, '2025-12-20 12:00:00', 85.90, NULL, 166, 4, NULL, NULL, NULL, 'csv', '2025-12-17 08:00:52'),
(751, 1, '2025-12-17 12:00:00', 90.80, NULL, 169, 4, NULL, NULL, NULL, 'csv', '2025-12-17 08:04:25'),
(752, 1, '2025-12-18 12:00:00', 138.80, NULL, 194, 4, NULL, NULL, NULL, 'csv', '2025-12-17 08:04:25'),
(753, 1, '2025-12-19 12:00:00', 86.60, NULL, 167, 4, NULL, NULL, NULL, 'csv', '2025-12-17 08:04:25'),
(754, 1, '2025-12-20 12:00:00', 77.80, NULL, 162, 4, NULL, NULL, NULL, 'csv', '2025-12-17 08:04:25'),
(755, 1, '2025-12-21 12:00:00', 66.60, NULL, 156, 4, NULL, NULL, NULL, 'csv', '2025-12-17 08:04:25'),
(756, 2, '2025-12-17 12:00:00', 90.80, NULL, 169, 4, NULL, NULL, NULL, 'csv', '2025-12-17 08:04:25'),
(757, 2, '2025-12-18 12:00:00', 138.80, NULL, 194, 4, NULL, NULL, NULL, 'csv', '2025-12-17 08:04:25'),
(758, 2, '2025-12-19 12:00:00', 86.60, NULL, 167, 4, NULL, NULL, NULL, 'csv', '2025-12-17 08:04:25'),
(759, 2, '2025-12-20 12:00:00', 77.80, NULL, 162, 4, NULL, NULL, NULL, 'csv', '2025-12-17 08:04:25'),
(760, 2, '2025-12-21 12:00:00', 66.60, NULL, 156, 4, NULL, NULL, NULL, 'csv', '2025-12-17 08:04:25'),
(761, 3, '2025-12-17 12:00:00', 90.80, NULL, 169, 4, NULL, NULL, NULL, 'csv', '2025-12-17 08:04:25'),
(762, 3, '2025-12-18 12:00:00', 138.80, NULL, 194, 4, NULL, NULL, NULL, 'csv', '2025-12-17 08:04:25'),
(763, 3, '2025-12-19 12:00:00', 86.60, NULL, 167, 4, NULL, NULL, NULL, 'csv', '2025-12-17 08:04:26'),
(764, 3, '2025-12-20 12:00:00', 77.80, NULL, 162, 4, NULL, NULL, NULL, 'csv', '2025-12-17 08:04:26'),
(765, 3, '2025-12-21 12:00:00', 66.60, NULL, 156, 4, NULL, NULL, NULL, 'csv', '2025-12-17 08:04:26'),
(766, 4, '2025-12-17 12:00:00', 90.80, NULL, 169, 4, NULL, NULL, NULL, 'csv', '2025-12-17 08:04:26'),
(767, 4, '2025-12-18 12:00:00', 138.80, NULL, 194, 4, NULL, NULL, NULL, 'csv', '2025-12-17 08:04:26'),
(768, 4, '2025-12-19 12:00:00', 86.60, NULL, 167, 4, NULL, NULL, NULL, 'csv', '2025-12-17 08:04:26'),
(769, 4, '2025-12-20 12:00:00', 77.80, NULL, 162, 4, NULL, NULL, NULL, 'csv', '2025-12-17 08:04:26'),
(770, 4, '2025-12-21 12:00:00', 66.60, NULL, 156, 4, NULL, NULL, NULL, 'csv', '2025-12-17 08:04:26'),
(771, 5, '2025-12-17 12:00:00', 80.10, NULL, 163, 4, NULL, NULL, NULL, 'csv', '2025-12-17 08:04:26'),
(772, 5, '2025-12-18 12:00:00', 124.30, NULL, 186, 4, NULL, NULL, NULL, 'csv', '2025-12-17 08:04:26'),
(773, 5, '2025-12-19 12:00:00', 92.70, NULL, 170, 4, NULL, NULL, NULL, 'csv', '2025-12-17 08:04:26'),
(774, 5, '2025-12-20 12:00:00', 69.80, NULL, 158, 4, NULL, NULL, NULL, 'csv', '2025-12-17 08:04:26'),
(775, 5, '2025-12-21 12:00:00', 79.40, NULL, 163, 4, NULL, NULL, NULL, 'csv', '2025-12-17 08:04:26'),
(776, 6, '2025-12-17 12:00:00', 92.20, NULL, 169, 4, NULL, NULL, NULL, 'csv', '2025-12-17 08:04:26'),
(777, 6, '2025-12-18 12:00:00', 139.70, NULL, 194, 4, NULL, NULL, NULL, 'csv', '2025-12-17 08:04:26'),
(778, 6, '2025-12-19 12:00:00', 60.80, NULL, 153, 4, NULL, NULL, NULL, 'csv', '2025-12-17 08:04:26'),
(779, 6, '2025-12-20 12:00:00', 92.00, NULL, 169, 4, NULL, NULL, NULL, 'csv', '2025-12-17 08:04:26'),
(780, 6, '2025-12-21 12:00:00', 73.60, NULL, 160, 4, NULL, NULL, NULL, 'csv', '2025-12-17 08:04:26'),
(781, 7, '2025-12-17 12:00:00', 92.20, NULL, 169, 4, NULL, NULL, NULL, 'csv', '2025-12-17 08:04:26'),
(782, 7, '2025-12-18 12:00:00', 139.70, NULL, 194, 4, NULL, NULL, NULL, 'csv', '2025-12-17 08:04:26'),
(783, 7, '2025-12-19 12:00:00', 60.80, NULL, 153, 4, NULL, NULL, NULL, 'csv', '2025-12-17 08:04:26'),
(784, 7, '2025-12-20 12:00:00', 92.00, NULL, 169, 4, NULL, NULL, NULL, 'csv', '2025-12-17 08:04:26'),
(785, 7, '2025-12-21 12:00:00', 73.60, NULL, 160, 4, NULL, NULL, NULL, 'csv', '2025-12-17 08:04:26'),
(786, 8, '2025-12-17 12:00:00', 90.80, NULL, 169, 4, NULL, NULL, NULL, 'csv', '2025-12-17 08:04:26'),
(787, 8, '2025-12-18 12:00:00', 138.80, NULL, 194, 4, NULL, NULL, NULL, 'csv', '2025-12-17 08:04:26'),
(788, 8, '2025-12-19 12:00:00', 86.60, NULL, 167, 4, NULL, NULL, NULL, 'csv', '2025-12-17 08:04:26'),
(789, 8, '2025-12-20 12:00:00', 77.80, NULL, 162, 4, NULL, NULL, NULL, 'csv', '2025-12-17 08:04:26'),
(790, 8, '2025-12-21 12:00:00', 66.60, NULL, 156, 4, NULL, NULL, NULL, 'csv', '2025-12-17 08:04:26'),
(791, 9, '2025-12-17 12:00:00', 80.10, NULL, 163, 4, NULL, NULL, NULL, 'csv', '2025-12-17 08:04:26'),
(792, 9, '2025-12-18 12:00:00', 124.30, NULL, 186, 4, NULL, NULL, NULL, 'csv', '2025-12-17 08:04:26'),
(793, 9, '2025-12-19 12:00:00', 92.70, NULL, 170, 4, NULL, NULL, NULL, 'csv', '2025-12-17 08:04:26'),
(794, 9, '2025-12-20 12:00:00', 69.80, NULL, 158, 4, NULL, NULL, NULL, 'csv', '2025-12-17 08:04:26'),
(795, 9, '2025-12-21 12:00:00', 79.40, NULL, 163, 4, NULL, NULL, NULL, 'csv', '2025-12-17 08:04:26'),
(796, 10, '2025-12-17 12:00:00', 80.10, NULL, 163, 4, NULL, NULL, NULL, 'csv', '2025-12-17 08:04:26'),
(797, 10, '2025-12-18 12:00:00', 124.30, NULL, 186, 4, NULL, NULL, NULL, 'csv', '2025-12-17 08:04:26'),
(798, 10, '2025-12-19 12:00:00', 92.70, NULL, 170, 4, NULL, NULL, NULL, 'csv', '2025-12-17 08:04:26'),
(799, 10, '2025-12-20 12:00:00', 69.80, NULL, 158, 4, NULL, NULL, NULL, 'csv', '2025-12-17 08:04:26'),
(800, 10, '2025-12-21 12:00:00', 79.40, NULL, 163, 4, NULL, NULL, NULL, 'csv', '2025-12-17 08:04:26'),
(801, 11, '2025-12-17 12:00:00', 90.80, NULL, 169, 4, NULL, NULL, NULL, 'csv', '2025-12-17 08:04:26'),
(802, 11, '2025-12-18 12:00:00', 138.80, NULL, 194, 4, NULL, NULL, NULL, 'csv', '2025-12-17 08:04:26'),
(803, 11, '2025-12-19 12:00:00', 86.60, NULL, 167, 4, NULL, NULL, NULL, 'csv', '2025-12-17 08:04:26'),
(804, 11, '2025-12-20 12:00:00', 77.80, NULL, 162, 4, NULL, NULL, NULL, 'csv', '2025-12-17 08:04:26'),
(805, 11, '2025-12-21 12:00:00', 66.60, NULL, 156, 4, NULL, NULL, NULL, 'csv', '2025-12-17 08:04:26'),
(806, 12, '2025-12-17 12:00:00', 58.80, NULL, 152, 4, NULL, NULL, NULL, 'csv', '2025-12-17 08:04:26'),
(807, 12, '2025-12-18 12:00:00', 102.00, NULL, 175, 4, NULL, NULL, NULL, 'csv', '2025-12-17 08:04:26'),
(808, 12, '2025-12-19 12:00:00', 67.50, NULL, 157, 4, NULL, NULL, NULL, 'csv', '2025-12-17 08:04:26'),
(809, 12, '2025-12-20 12:00:00', 69.20, NULL, 158, 4, NULL, NULL, NULL, 'csv', '2025-12-17 08:04:26'),
(810, 12, '2025-12-21 12:00:00', 66.40, NULL, 156, 4, NULL, NULL, NULL, 'csv', '2025-12-17 08:04:26'),
(811, 13, '2025-12-17 12:00:00', 80.10, NULL, 163, 4, NULL, NULL, NULL, 'csv', '2025-12-17 08:04:26'),
(812, 13, '2025-12-18 12:00:00', 124.30, NULL, 186, 4, NULL, NULL, NULL, 'csv', '2025-12-17 08:04:26'),
(813, 13, '2025-12-19 12:00:00', 92.70, NULL, 170, 4, NULL, NULL, NULL, 'csv', '2025-12-17 08:04:26'),
(814, 13, '2025-12-20 12:00:00', 69.80, NULL, 158, 4, NULL, NULL, NULL, 'csv', '2025-12-17 08:04:26'),
(815, 13, '2025-12-21 12:00:00', 79.40, NULL, 163, 4, NULL, NULL, NULL, 'csv', '2025-12-17 08:04:26'),
(816, 14, '2025-12-17 12:00:00', 56.10, NULL, 151, 4, NULL, NULL, NULL, 'csv', '2025-12-17 08:04:26'),
(817, 14, '2025-12-18 12:00:00', 80.60, NULL, 163, 4, NULL, NULL, NULL, 'csv', '2025-12-17 08:04:26'),
(818, 14, '2025-12-19 12:00:00', 79.20, NULL, 163, 4, NULL, NULL, NULL, 'csv', '2025-12-17 08:04:26'),
(819, 14, '2025-12-20 12:00:00', 60.30, NULL, 153, 4, NULL, NULL, NULL, 'csv', '2025-12-17 08:04:26'),
(820, 14, '2025-12-21 12:00:00', 54.20, NULL, 147, 3, NULL, NULL, NULL, 'csv', '2025-12-17 08:04:26'),
(821, 15, '2025-12-17 12:00:00', 58.80, NULL, 152, 4, NULL, NULL, NULL, 'csv', '2025-12-17 08:04:27'),
(822, 15, '2025-12-18 12:00:00', 102.00, NULL, 175, 4, NULL, NULL, NULL, 'csv', '2025-12-17 08:04:27'),
(823, 15, '2025-12-19 12:00:00', 67.50, NULL, 157, 4, NULL, NULL, NULL, 'csv', '2025-12-17 08:04:27'),
(824, 15, '2025-12-20 12:00:00', 69.20, NULL, 158, 4, NULL, NULL, NULL, 'csv', '2025-12-17 08:04:27'),
(825, 15, '2025-12-21 12:00:00', 66.40, NULL, 156, 4, NULL, NULL, NULL, 'csv', '2025-12-17 08:04:27'),
(826, 16, '2025-12-17 12:00:00', 80.10, NULL, 163, 4, NULL, NULL, NULL, 'csv', '2025-12-17 08:04:27'),
(827, 16, '2025-12-18 12:00:00', 124.30, NULL, 186, 4, NULL, NULL, NULL, 'csv', '2025-12-17 08:04:27'),
(828, 16, '2025-12-19 12:00:00', 92.70, NULL, 170, 4, NULL, NULL, NULL, 'csv', '2025-12-17 08:04:27'),
(829, 16, '2025-12-20 12:00:00', 69.80, NULL, 158, 4, NULL, NULL, NULL, 'csv', '2025-12-17 08:04:27'),
(830, 16, '2025-12-21 12:00:00', 79.40, NULL, 163, 4, NULL, NULL, NULL, 'csv', '2025-12-17 08:04:27'),
(831, 17, '2025-12-17 12:00:00', 90.80, NULL, 169, 4, NULL, NULL, NULL, 'csv', '2025-12-17 08:04:27'),
(832, 17, '2025-12-18 12:00:00', 138.80, NULL, 194, 4, NULL, NULL, NULL, 'csv', '2025-12-17 08:04:27'),
(833, 17, '2025-12-19 12:00:00', 86.60, NULL, 167, 4, NULL, NULL, NULL, 'csv', '2025-12-17 08:04:27'),
(834, 17, '2025-12-20 12:00:00', 77.80, NULL, 162, 4, NULL, NULL, NULL, 'csv', '2025-12-17 08:04:27'),
(835, 17, '2025-12-21 12:00:00', 66.60, NULL, 156, 4, NULL, NULL, NULL, 'csv', '2025-12-17 08:04:27'),
(836, 18, '2025-12-17 12:00:00', 90.80, NULL, 169, 4, NULL, NULL, NULL, 'csv', '2025-12-17 08:04:27'),
(837, 18, '2025-12-18 12:00:00', 138.80, NULL, 194, 4, NULL, NULL, NULL, 'csv', '2025-12-17 08:04:27'),
(838, 18, '2025-12-19 12:00:00', 86.60, NULL, 167, 4, NULL, NULL, NULL, 'csv', '2025-12-17 08:04:27'),
(839, 18, '2025-12-20 12:00:00', 77.80, NULL, 162, 4, NULL, NULL, NULL, 'csv', '2025-12-17 08:04:27'),
(840, 18, '2025-12-21 12:00:00', 66.60, NULL, 156, 4, NULL, NULL, NULL, 'csv', '2025-12-17 08:04:27'),
(841, 19, '2025-12-17 12:00:00', 80.10, NULL, 163, 4, NULL, NULL, NULL, 'csv', '2025-12-17 08:04:27'),
(842, 19, '2025-12-18 12:00:00', 124.30, NULL, 186, 4, NULL, NULL, NULL, 'csv', '2025-12-17 08:04:27'),
(843, 19, '2025-12-19 12:00:00', 92.70, NULL, 170, 4, NULL, NULL, NULL, 'csv', '2025-12-17 08:04:27'),
(844, 19, '2025-12-20 12:00:00', 69.80, NULL, 158, 4, NULL, NULL, NULL, 'csv', '2025-12-17 08:04:27'),
(845, 19, '2025-12-21 12:00:00', 79.40, NULL, 163, 4, NULL, NULL, NULL, 'csv', '2025-12-17 08:04:27'),
(846, 20, '2025-12-17 12:00:00', 80.10, NULL, 163, 4, NULL, NULL, NULL, 'csv', '2025-12-17 08:04:27'),
(847, 20, '2025-12-18 12:00:00', 124.30, NULL, 186, 4, NULL, NULL, NULL, 'csv', '2025-12-17 08:04:27'),
(848, 20, '2025-12-19 12:00:00', 92.70, NULL, 170, 4, NULL, NULL, NULL, 'csv', '2025-12-17 08:04:27'),
(849, 20, '2025-12-20 12:00:00', 69.80, NULL, 158, 4, NULL, NULL, NULL, 'csv', '2025-12-17 08:04:27'),
(850, 20, '2025-12-21 12:00:00', 79.40, NULL, 163, 4, NULL, NULL, NULL, 'csv', '2025-12-17 08:04:27'),
(851, 21, '2025-12-17 12:00:00', 58.80, NULL, 152, 4, NULL, NULL, NULL, 'csv', '2025-12-17 08:04:27'),
(852, 21, '2025-12-18 12:00:00', 102.00, NULL, 175, 4, NULL, NULL, NULL, 'csv', '2025-12-17 08:04:27'),
(853, 21, '2025-12-19 12:00:00', 67.50, NULL, 157, 4, NULL, NULL, NULL, 'csv', '2025-12-17 08:04:27'),
(854, 21, '2025-12-20 12:00:00', 69.20, NULL, 158, 4, NULL, NULL, NULL, 'csv', '2025-12-17 08:04:27'),
(855, 21, '2025-12-21 12:00:00', 66.40, NULL, 156, 4, NULL, NULL, NULL, 'csv', '2025-12-17 08:04:27'),
(856, 22, '2025-12-17 12:00:00', 80.10, NULL, 163, 4, NULL, NULL, NULL, 'csv', '2025-12-17 08:04:27'),
(857, 22, '2025-12-18 12:00:00', 124.30, NULL, 186, 4, NULL, NULL, NULL, 'csv', '2025-12-17 08:04:27'),
(858, 22, '2025-12-19 12:00:00', 92.70, NULL, 170, 4, NULL, NULL, NULL, 'csv', '2025-12-17 08:04:27'),
(859, 22, '2025-12-20 12:00:00', 69.80, NULL, 158, 4, NULL, NULL, NULL, 'csv', '2025-12-17 08:04:27'),
(860, 22, '2025-12-21 12:00:00', 79.40, NULL, 163, 4, NULL, NULL, NULL, 'csv', '2025-12-17 08:04:27'),
(861, 23, '2025-12-17 12:00:00', 92.20, NULL, 169, 4, NULL, NULL, NULL, 'csv', '2025-12-17 08:04:27'),
(862, 23, '2025-12-18 12:00:00', 139.70, NULL, 194, 4, NULL, NULL, NULL, 'csv', '2025-12-17 08:04:27'),
(863, 23, '2025-12-19 12:00:00', 60.80, NULL, 153, 4, NULL, NULL, NULL, 'csv', '2025-12-17 08:04:27'),
(864, 23, '2025-12-20 12:00:00', 92.00, NULL, 169, 4, NULL, NULL, NULL, 'csv', '2025-12-17 08:04:27'),
(865, 23, '2025-12-21 12:00:00', 73.60, NULL, 160, 4, NULL, NULL, NULL, 'csv', '2025-12-17 08:04:27'),
(866, 24, '2025-12-17 12:00:00', 58.80, NULL, 152, 4, NULL, NULL, NULL, 'csv', '2025-12-17 08:04:27'),
(867, 24, '2025-12-18 12:00:00', 102.00, NULL, 175, 4, NULL, NULL, NULL, 'csv', '2025-12-17 08:04:27'),
(868, 24, '2025-12-19 12:00:00', 67.50, NULL, 157, 4, NULL, NULL, NULL, 'csv', '2025-12-17 08:04:27'),
(869, 24, '2025-12-20 12:00:00', 69.20, NULL, 158, 4, NULL, NULL, NULL, 'csv', '2025-12-17 08:04:27'),
(870, 24, '2025-12-21 12:00:00', 66.40, NULL, 156, 4, NULL, NULL, NULL, 'csv', '2025-12-17 08:04:27'),
(871, 25, '2025-12-17 12:00:00', 80.10, NULL, 163, 4, NULL, NULL, NULL, 'csv', '2025-12-17 08:04:27'),
(872, 25, '2025-12-18 12:00:00', 124.30, NULL, 186, 4, NULL, NULL, NULL, 'csv', '2025-12-17 08:04:27'),
(873, 25, '2025-12-19 12:00:00', 92.70, NULL, 170, 4, NULL, NULL, NULL, 'csv', '2025-12-17 08:04:27'),
(874, 25, '2025-12-20 12:00:00', 69.80, NULL, 158, 4, NULL, NULL, NULL, 'csv', '2025-12-17 08:04:27'),
(875, 25, '2025-12-21 12:00:00', 79.40, NULL, 163, 4, NULL, NULL, NULL, 'csv', '2025-12-17 08:04:27'),
(876, 26, '2025-12-17 12:00:00', 58.80, NULL, 152, 4, NULL, NULL, NULL, 'csv', '2025-12-17 08:04:27'),
(877, 26, '2025-12-18 12:00:00', 102.00, NULL, 175, 4, NULL, NULL, NULL, 'csv', '2025-12-17 08:04:27'),
(878, 26, '2025-12-19 12:00:00', 67.50, NULL, 157, 4, NULL, NULL, NULL, 'csv', '2025-12-17 08:04:27'),
(879, 26, '2025-12-20 12:00:00', 69.20, NULL, 158, 4, NULL, NULL, NULL, 'csv', '2025-12-17 08:04:27'),
(880, 26, '2025-12-21 12:00:00', 66.40, NULL, 156, 4, NULL, NULL, NULL, 'csv', '2025-12-17 08:04:27'),
(881, 27, '2025-12-17 12:00:00', 92.20, NULL, 169, 4, NULL, NULL, NULL, 'csv', '2025-12-17 08:04:27'),
(882, 27, '2025-12-18 12:00:00', 139.70, NULL, 194, 4, NULL, NULL, NULL, 'csv', '2025-12-17 08:04:27'),
(883, 27, '2025-12-19 12:00:00', 60.80, NULL, 153, 4, NULL, NULL, NULL, 'csv', '2025-12-17 08:04:27'),
(884, 27, '2025-12-20 12:00:00', 92.00, NULL, 169, 4, NULL, NULL, NULL, 'csv', '2025-12-17 08:04:27'),
(885, 27, '2025-12-21 12:00:00', 73.60, NULL, 160, 4, NULL, NULL, NULL, 'csv', '2025-12-17 08:04:27'),
(886, 28, '2025-12-17 12:00:00', 92.20, NULL, 169, 4, NULL, NULL, NULL, 'csv', '2025-12-17 08:04:27'),
(887, 28, '2025-12-18 12:00:00', 139.70, NULL, 194, 4, NULL, NULL, NULL, 'csv', '2025-12-17 08:04:27'),
(888, 28, '2025-12-19 12:00:00', 60.80, NULL, 153, 4, NULL, NULL, NULL, 'csv', '2025-12-17 08:04:27'),
(889, 28, '2025-12-20 12:00:00', 92.00, NULL, 169, 4, NULL, NULL, NULL, 'csv', '2025-12-17 08:04:27'),
(890, 28, '2025-12-21 12:00:00', 73.60, NULL, 160, 4, NULL, NULL, NULL, 'csv', '2025-12-17 08:04:27'),
(891, 29, '2025-12-17 12:00:00', 58.80, NULL, 152, 4, NULL, NULL, NULL, 'csv', '2025-12-17 08:04:27'),
(892, 29, '2025-12-18 12:00:00', 102.00, NULL, 175, 4, NULL, NULL, NULL, 'csv', '2025-12-17 08:04:27'),
(893, 29, '2025-12-19 12:00:00', 67.50, NULL, 157, 4, NULL, NULL, NULL, 'csv', '2025-12-17 08:04:27'),
(894, 29, '2025-12-20 12:00:00', 69.20, NULL, 158, 4, NULL, NULL, NULL, 'csv', '2025-12-17 08:04:27'),
(895, 29, '2025-12-21 12:00:00', 66.40, NULL, 156, 4, NULL, NULL, NULL, 'csv', '2025-12-17 08:04:27'),
(896, 30, '2025-12-17 12:00:00', 90.80, NULL, 169, 4, NULL, NULL, NULL, 'csv', '2025-12-17 08:04:27'),
(897, 30, '2025-12-18 12:00:00', 138.80, NULL, 194, 4, NULL, NULL, NULL, 'csv', '2025-12-17 08:04:27'),
(898, 30, '2025-12-19 12:00:00', 86.60, NULL, 167, 4, NULL, NULL, NULL, 'csv', '2025-12-17 08:04:27'),
(899, 30, '2025-12-20 12:00:00', 77.80, NULL, 162, 4, NULL, NULL, NULL, 'csv', '2025-12-17 08:04:27'),
(900, 30, '2025-12-21 12:00:00', 66.60, NULL, 156, 4, NULL, NULL, NULL, 'csv', '2025-12-17 08:04:27'),
(901, 1, '2025-12-22 12:00:00', 44.00, NULL, 121, 3, NULL, NULL, NULL, 'csv', '2025-12-22 02:13:12'),
(902, 1, '2025-12-23 12:00:00', 43.00, NULL, 119, 3, NULL, NULL, NULL, 'csv', '2025-12-22 02:13:12'),
(903, 1, '2025-12-24 12:00:00', 42.50, NULL, 118, 3, NULL, NULL, NULL, 'csv', '2025-12-22 02:13:12'),
(904, 1, '2025-12-25 12:00:00', 14.70, NULL, 56, 2, NULL, NULL, NULL, 'csv', '2025-12-22 02:13:12'),
(905, 1, '2025-12-26 12:00:00', 106.40, NULL, 177, 4, NULL, NULL, NULL, 'csv', '2025-12-22 02:13:12'),
(906, 2, '2025-12-22 12:00:00', 44.00, NULL, 121, 3, NULL, NULL, NULL, 'csv', '2025-12-22 02:13:12'),
(907, 2, '2025-12-23 12:00:00', 43.00, NULL, 119, 3, NULL, NULL, NULL, 'csv', '2025-12-22 02:13:12'),
(908, 2, '2025-12-24 12:00:00', 42.50, NULL, 118, 3, NULL, NULL, NULL, 'csv', '2025-12-22 02:13:12'),
(909, 2, '2025-12-25 12:00:00', 14.70, NULL, 56, 2, NULL, NULL, NULL, 'csv', '2025-12-22 02:13:12'),
(910, 2, '2025-12-26 12:00:00', 106.40, NULL, 177, 4, NULL, NULL, NULL, 'csv', '2025-12-22 02:13:12'),
(911, 3, '2025-12-22 12:00:00', 44.00, NULL, 121, 3, NULL, NULL, NULL, 'csv', '2025-12-22 02:13:12'),
(912, 3, '2025-12-23 12:00:00', 43.00, NULL, 119, 3, NULL, NULL, NULL, 'csv', '2025-12-22 02:13:12'),
(913, 3, '2025-12-24 12:00:00', 42.50, NULL, 118, 3, NULL, NULL, NULL, 'csv', '2025-12-22 02:13:12'),
(914, 3, '2025-12-25 12:00:00', 14.70, NULL, 56, 2, NULL, NULL, NULL, 'csv', '2025-12-22 02:13:12'),
(915, 3, '2025-12-26 12:00:00', 106.40, NULL, 177, 4, NULL, NULL, NULL, 'csv', '2025-12-22 02:13:12'),
(916, 4, '2025-12-22 12:00:00', 44.00, NULL, 121, 3, NULL, NULL, NULL, 'csv', '2025-12-22 02:13:12'),
(917, 4, '2025-12-23 12:00:00', 43.00, NULL, 119, 3, NULL, NULL, NULL, 'csv', '2025-12-22 02:13:12'),
(918, 4, '2025-12-24 12:00:00', 42.50, NULL, 118, 3, NULL, NULL, NULL, 'csv', '2025-12-22 02:13:12'),
(919, 4, '2025-12-25 12:00:00', 14.70, NULL, 56, 2, NULL, NULL, NULL, 'csv', '2025-12-22 02:13:12'),
(920, 4, '2025-12-26 12:00:00', 106.40, NULL, 177, 4, NULL, NULL, NULL, 'csv', '2025-12-22 02:13:12'),
(921, 5, '2025-12-22 12:00:00', 41.00, NULL, 114, 3, NULL, NULL, NULL, 'csv', '2025-12-22 02:13:12'),
(922, 5, '2025-12-23 12:00:00', 45.90, NULL, 126, 3, NULL, NULL, NULL, 'csv', '2025-12-22 02:13:12'),
(923, 5, '2025-12-24 12:00:00', 48.10, NULL, 132, 3, NULL, NULL, NULL, 'csv', '2025-12-22 02:13:12'),
(924, 5, '2025-12-25 12:00:00', 21.30, NULL, 70, 2, NULL, NULL, NULL, 'csv', '2025-12-22 02:13:12'),
(925, 5, '2025-12-26 12:00:00', 89.20, NULL, 168, 4, NULL, NULL, NULL, 'csv', '2025-12-22 02:13:12'),
(926, 6, '2025-12-22 12:00:00', 40.40, NULL, 113, 3, NULL, NULL, NULL, 'csv', '2025-12-22 02:13:12'),
(927, 6, '2025-12-23 12:00:00', 45.10, NULL, 124, 3, NULL, NULL, NULL, 'csv', '2025-12-22 02:13:12'),
(928, 6, '2025-12-24 12:00:00', 46.10, NULL, 127, 3, NULL, NULL, NULL, 'csv', '2025-12-22 02:13:12'),
(929, 6, '2025-12-25 12:00:00', 23.60, NULL, 75, 2, NULL, NULL, NULL, 'csv', '2025-12-22 02:13:12'),
(930, 6, '2025-12-26 12:00:00', 120.10, NULL, 184, 4, NULL, NULL, NULL, 'csv', '2025-12-22 02:13:12'),
(931, 7, '2025-12-22 12:00:00', 40.40, NULL, 113, 3, NULL, NULL, NULL, 'csv', '2025-12-22 02:13:12'),
(932, 7, '2025-12-23 12:00:00', 45.10, NULL, 124, 3, NULL, NULL, NULL, 'csv', '2025-12-22 02:13:12'),
(933, 7, '2025-12-24 12:00:00', 46.10, NULL, 127, 3, NULL, NULL, NULL, 'csv', '2025-12-22 02:13:12'),
(934, 7, '2025-12-25 12:00:00', 23.60, NULL, 75, 2, NULL, NULL, NULL, 'csv', '2025-12-22 02:13:12'),
(935, 7, '2025-12-26 12:00:00', 120.10, NULL, 184, 4, NULL, NULL, NULL, 'csv', '2025-12-22 02:13:12'),
(936, 8, '2025-12-22 12:00:00', 44.00, NULL, 121, 3, NULL, NULL, NULL, 'csv', '2025-12-22 02:13:12'),
(937, 8, '2025-12-23 12:00:00', 43.00, NULL, 119, 3, NULL, NULL, NULL, 'csv', '2025-12-22 02:13:12'),
(938, 8, '2025-12-24 12:00:00', 42.50, NULL, 118, 3, NULL, NULL, NULL, 'csv', '2025-12-22 02:13:12'),
(939, 8, '2025-12-25 12:00:00', 14.70, NULL, 56, 2, NULL, NULL, NULL, 'csv', '2025-12-22 02:13:12'),
(940, 8, '2025-12-26 12:00:00', 106.40, NULL, 177, 4, NULL, NULL, NULL, 'csv', '2025-12-22 02:13:12'),
(941, 9, '2025-12-22 12:00:00', 41.00, NULL, 114, 3, NULL, NULL, NULL, 'csv', '2025-12-22 02:13:12'),
(942, 9, '2025-12-23 12:00:00', 45.90, NULL, 126, 3, NULL, NULL, NULL, 'csv', '2025-12-22 02:13:12'),
(943, 9, '2025-12-24 12:00:00', 48.10, NULL, 132, 3, NULL, NULL, NULL, 'csv', '2025-12-22 02:13:12'),
(944, 9, '2025-12-25 12:00:00', 21.30, NULL, 70, 2, NULL, NULL, NULL, 'csv', '2025-12-22 02:13:12'),
(945, 9, '2025-12-26 12:00:00', 89.20, NULL, 168, 4, NULL, NULL, NULL, 'csv', '2025-12-22 02:13:12'),
(946, 10, '2025-12-22 12:00:00', 41.00, NULL, 114, 3, NULL, NULL, NULL, 'csv', '2025-12-22 02:13:12'),
(947, 10, '2025-12-23 12:00:00', 45.90, NULL, 126, 3, NULL, NULL, NULL, 'csv', '2025-12-22 02:13:12'),
(948, 10, '2025-12-24 12:00:00', 48.10, NULL, 132, 3, NULL, NULL, NULL, 'csv', '2025-12-22 02:13:12'),
(949, 10, '2025-12-25 12:00:00', 21.30, NULL, 70, 2, NULL, NULL, NULL, 'csv', '2025-12-22 02:13:12'),
(950, 10, '2025-12-26 12:00:00', 89.20, NULL, 168, 4, NULL, NULL, NULL, 'csv', '2025-12-22 02:13:12'),
(951, 11, '2025-12-22 12:00:00', 44.00, NULL, 121, 3, NULL, NULL, NULL, 'csv', '2025-12-22 02:13:12'),
(952, 11, '2025-12-23 12:00:00', 43.00, NULL, 119, 3, NULL, NULL, NULL, 'csv', '2025-12-22 02:13:12'),
(953, 11, '2025-12-24 12:00:00', 42.50, NULL, 118, 3, NULL, NULL, NULL, 'csv', '2025-12-22 02:13:12'),
(954, 11, '2025-12-25 12:00:00', 14.70, NULL, 56, 2, NULL, NULL, NULL, 'csv', '2025-12-22 02:13:12'),
(955, 11, '2025-12-26 12:00:00', 106.40, NULL, 177, 4, NULL, NULL, NULL, 'csv', '2025-12-22 02:13:12'),
(956, 12, '2025-12-22 12:00:00', 34.60, NULL, 98, 2, NULL, NULL, NULL, 'csv', '2025-12-22 02:13:13'),
(957, 12, '2025-12-23 12:00:00', 45.40, NULL, 125, 3, NULL, NULL, NULL, 'csv', '2025-12-22 02:13:13'),
(958, 12, '2025-12-24 12:00:00', 44.90, NULL, 124, 3, NULL, NULL, NULL, 'csv', '2025-12-22 02:13:13'),
(959, 12, '2025-12-25 12:00:00', 25.00, NULL, 78, 2, NULL, NULL, NULL, 'csv', '2025-12-22 02:13:13'),
(960, 12, '2025-12-26 12:00:00', 84.30, NULL, 165, 4, NULL, NULL, NULL, 'csv', '2025-12-22 02:13:13'),
(961, 13, '2025-12-22 12:00:00', 41.00, NULL, 114, 3, NULL, NULL, NULL, 'csv', '2025-12-22 02:13:13'),
(962, 13, '2025-12-23 12:00:00', 45.90, NULL, 126, 3, NULL, NULL, NULL, 'csv', '2025-12-22 02:13:13'),
(963, 13, '2025-12-24 12:00:00', 48.10, NULL, 132, 3, NULL, NULL, NULL, 'csv', '2025-12-22 02:13:13'),
(964, 13, '2025-12-25 12:00:00', 21.30, NULL, 70, 2, NULL, NULL, NULL, 'csv', '2025-12-22 02:13:13'),
(965, 13, '2025-12-26 12:00:00', 89.20, NULL, 168, 4, NULL, NULL, NULL, 'csv', '2025-12-22 02:13:13'),
(966, 14, '2025-12-22 12:00:00', 38.40, NULL, 108, 3, NULL, NULL, NULL, 'csv', '2025-12-22 02:13:13'),
(967, 14, '2025-12-23 12:00:00', 34.50, NULL, 98, 2, NULL, NULL, NULL, 'csv', '2025-12-22 02:13:13'),
(968, 14, '2025-12-24 12:00:00', 39.10, NULL, 109, 3, NULL, NULL, NULL, 'csv', '2025-12-22 02:13:13'),
(969, 14, '2025-12-25 12:00:00', 18.20, NULL, 63, 2, NULL, NULL, NULL, 'csv', '2025-12-22 02:13:13'),
(970, 14, '2025-12-26 12:00:00', 49.70, NULL, 135, 3, NULL, NULL, NULL, 'csv', '2025-12-22 02:13:13'),
(971, 15, '2025-12-22 12:00:00', 34.60, NULL, 98, 2, NULL, NULL, NULL, 'csv', '2025-12-22 02:13:13'),
(972, 15, '2025-12-23 12:00:00', 45.40, NULL, 125, 3, NULL, NULL, NULL, 'csv', '2025-12-22 02:13:13'),
(973, 15, '2025-12-24 12:00:00', 44.90, NULL, 124, 3, NULL, NULL, NULL, 'csv', '2025-12-22 02:13:13'),
(974, 15, '2025-12-25 12:00:00', 25.00, NULL, 78, 2, NULL, NULL, NULL, 'csv', '2025-12-22 02:13:13'),
(975, 15, '2025-12-26 12:00:00', 84.30, NULL, 165, 4, NULL, NULL, NULL, 'csv', '2025-12-22 02:13:13'),
(976, 16, '2025-12-22 12:00:00', 41.00, NULL, 114, 3, NULL, NULL, NULL, 'csv', '2025-12-22 02:13:13'),
(977, 16, '2025-12-23 12:00:00', 45.90, NULL, 126, 3, NULL, NULL, NULL, 'csv', '2025-12-22 02:13:13'),
(978, 16, '2025-12-24 12:00:00', 48.10, NULL, 132, 3, NULL, NULL, NULL, 'csv', '2025-12-22 02:13:13'),
(979, 16, '2025-12-25 12:00:00', 21.30, NULL, 70, 2, NULL, NULL, NULL, 'csv', '2025-12-22 02:13:13'),
(980, 16, '2025-12-26 12:00:00', 89.20, NULL, 168, 4, NULL, NULL, NULL, 'csv', '2025-12-22 02:13:13'),
(981, 17, '2025-12-22 12:00:00', 44.00, NULL, 121, 3, NULL, NULL, NULL, 'csv', '2025-12-22 02:13:13'),
(982, 17, '2025-12-23 12:00:00', 43.00, NULL, 119, 3, NULL, NULL, NULL, 'csv', '2025-12-22 02:13:13'),
(983, 17, '2025-12-24 12:00:00', 42.50, NULL, 118, 3, NULL, NULL, NULL, 'csv', '2025-12-22 02:13:13'),
(984, 17, '2025-12-25 12:00:00', 14.70, NULL, 56, 2, NULL, NULL, NULL, 'csv', '2025-12-22 02:13:13'),
(985, 17, '2025-12-26 12:00:00', 106.40, NULL, 177, 4, NULL, NULL, NULL, 'csv', '2025-12-22 02:13:13'),
(986, 18, '2025-12-22 12:00:00', 44.00, NULL, 121, 3, NULL, NULL, NULL, 'csv', '2025-12-22 02:13:13'),
(987, 18, '2025-12-23 12:00:00', 43.00, NULL, 119, 3, NULL, NULL, NULL, 'csv', '2025-12-22 02:13:13');
INSERT INTO `fact_forecast` (`forecast_id`, `district_id`, `forecast_datetime`, `pm25_forecast`, `pm10_forecast`, `aqi_forecast`, `aqi_level_id`, `temperature_forecast`, `humidity_forecast`, `confidence`, `source`, `created_at`) VALUES
(988, 18, '2025-12-24 12:00:00', 42.50, NULL, 118, 3, NULL, NULL, NULL, 'csv', '2025-12-22 02:13:13'),
(989, 18, '2025-12-25 12:00:00', 14.70, NULL, 56, 2, NULL, NULL, NULL, 'csv', '2025-12-22 02:13:13'),
(990, 18, '2025-12-26 12:00:00', 106.40, NULL, 177, 4, NULL, NULL, NULL, 'csv', '2025-12-22 02:13:13'),
(991, 19, '2025-12-22 12:00:00', 41.00, NULL, 114, 3, NULL, NULL, NULL, 'csv', '2025-12-22 02:13:13'),
(992, 19, '2025-12-23 12:00:00', 45.90, NULL, 126, 3, NULL, NULL, NULL, 'csv', '2025-12-22 02:13:13'),
(993, 19, '2025-12-24 12:00:00', 48.10, NULL, 132, 3, NULL, NULL, NULL, 'csv', '2025-12-22 02:13:13'),
(994, 19, '2025-12-25 12:00:00', 21.30, NULL, 70, 2, NULL, NULL, NULL, 'csv', '2025-12-22 02:13:13'),
(995, 19, '2025-12-26 12:00:00', 89.20, NULL, 168, 4, NULL, NULL, NULL, 'csv', '2025-12-22 02:13:13'),
(996, 20, '2025-12-22 12:00:00', 41.00, NULL, 114, 3, NULL, NULL, NULL, 'csv', '2025-12-22 02:13:13'),
(997, 20, '2025-12-23 12:00:00', 45.90, NULL, 126, 3, NULL, NULL, NULL, 'csv', '2025-12-22 02:13:13'),
(998, 20, '2025-12-24 12:00:00', 48.10, NULL, 132, 3, NULL, NULL, NULL, 'csv', '2025-12-22 02:13:13'),
(999, 20, '2025-12-25 12:00:00', 21.30, NULL, 70, 2, NULL, NULL, NULL, 'csv', '2025-12-22 02:13:13'),
(1000, 20, '2025-12-26 12:00:00', 89.20, NULL, 168, 4, NULL, NULL, NULL, 'csv', '2025-12-22 02:13:13'),
(1001, 21, '2025-12-22 12:00:00', 34.60, NULL, 98, 2, NULL, NULL, NULL, 'csv', '2025-12-22 02:13:13'),
(1002, 21, '2025-12-23 12:00:00', 45.40, NULL, 125, 3, NULL, NULL, NULL, 'csv', '2025-12-22 02:13:13'),
(1003, 21, '2025-12-24 12:00:00', 44.90, NULL, 124, 3, NULL, NULL, NULL, 'csv', '2025-12-22 02:13:13'),
(1004, 21, '2025-12-25 12:00:00', 25.00, NULL, 78, 2, NULL, NULL, NULL, 'csv', '2025-12-22 02:13:13'),
(1005, 21, '2025-12-26 12:00:00', 84.30, NULL, 165, 4, NULL, NULL, NULL, 'csv', '2025-12-22 02:13:13'),
(1006, 22, '2025-12-22 12:00:00', 41.00, NULL, 114, 3, NULL, NULL, NULL, 'csv', '2025-12-22 02:13:13'),
(1007, 22, '2025-12-23 12:00:00', 45.90, NULL, 126, 3, NULL, NULL, NULL, 'csv', '2025-12-22 02:13:13'),
(1008, 22, '2025-12-24 12:00:00', 48.10, NULL, 132, 3, NULL, NULL, NULL, 'csv', '2025-12-22 02:13:13'),
(1009, 22, '2025-12-25 12:00:00', 21.30, NULL, 70, 2, NULL, NULL, NULL, 'csv', '2025-12-22 02:13:13'),
(1010, 22, '2025-12-26 12:00:00', 89.20, NULL, 168, 4, NULL, NULL, NULL, 'csv', '2025-12-22 02:13:13'),
(1011, 23, '2025-12-22 12:00:00', 40.40, NULL, 113, 3, NULL, NULL, NULL, 'csv', '2025-12-22 02:13:13'),
(1012, 23, '2025-12-23 12:00:00', 45.10, NULL, 124, 3, NULL, NULL, NULL, 'csv', '2025-12-22 02:13:13'),
(1013, 23, '2025-12-24 12:00:00', 46.10, NULL, 127, 3, NULL, NULL, NULL, 'csv', '2025-12-22 02:13:13'),
(1014, 23, '2025-12-25 12:00:00', 23.60, NULL, 75, 2, NULL, NULL, NULL, 'csv', '2025-12-22 02:13:13'),
(1015, 23, '2025-12-26 12:00:00', 120.10, NULL, 184, 4, NULL, NULL, NULL, 'csv', '2025-12-22 02:13:13'),
(1016, 24, '2025-12-22 12:00:00', 34.60, NULL, 98, 2, NULL, NULL, NULL, 'csv', '2025-12-22 02:13:13'),
(1017, 24, '2025-12-23 12:00:00', 45.40, NULL, 125, 3, NULL, NULL, NULL, 'csv', '2025-12-22 02:13:13'),
(1018, 24, '2025-12-24 12:00:00', 44.90, NULL, 124, 3, NULL, NULL, NULL, 'csv', '2025-12-22 02:13:13'),
(1019, 24, '2025-12-25 12:00:00', 25.00, NULL, 78, 2, NULL, NULL, NULL, 'csv', '2025-12-22 02:13:13'),
(1020, 24, '2025-12-26 12:00:00', 84.30, NULL, 165, 4, NULL, NULL, NULL, 'csv', '2025-12-22 02:13:13'),
(1021, 25, '2025-12-22 12:00:00', 41.00, NULL, 114, 3, NULL, NULL, NULL, 'csv', '2025-12-22 02:13:13'),
(1022, 25, '2025-12-23 12:00:00', 45.90, NULL, 126, 3, NULL, NULL, NULL, 'csv', '2025-12-22 02:13:13'),
(1023, 25, '2025-12-24 12:00:00', 48.10, NULL, 132, 3, NULL, NULL, NULL, 'csv', '2025-12-22 02:13:13'),
(1024, 25, '2025-12-25 12:00:00', 21.30, NULL, 70, 2, NULL, NULL, NULL, 'csv', '2025-12-22 02:13:13'),
(1025, 25, '2025-12-26 12:00:00', 89.20, NULL, 168, 4, NULL, NULL, NULL, 'csv', '2025-12-22 02:13:13'),
(1026, 26, '2025-12-22 12:00:00', 34.60, NULL, 98, 2, NULL, NULL, NULL, 'csv', '2025-12-22 02:13:13'),
(1027, 26, '2025-12-23 12:00:00', 45.40, NULL, 125, 3, NULL, NULL, NULL, 'csv', '2025-12-22 02:13:13'),
(1028, 26, '2025-12-24 12:00:00', 44.90, NULL, 124, 3, NULL, NULL, NULL, 'csv', '2025-12-22 02:13:13'),
(1029, 26, '2025-12-25 12:00:00', 25.00, NULL, 78, 2, NULL, NULL, NULL, 'csv', '2025-12-22 02:13:13'),
(1030, 26, '2025-12-26 12:00:00', 84.30, NULL, 165, 4, NULL, NULL, NULL, 'csv', '2025-12-22 02:13:13'),
(1031, 27, '2025-12-22 12:00:00', 40.40, NULL, 113, 3, NULL, NULL, NULL, 'csv', '2025-12-22 02:13:13'),
(1032, 27, '2025-12-23 12:00:00', 45.10, NULL, 124, 3, NULL, NULL, NULL, 'csv', '2025-12-22 02:13:13'),
(1033, 27, '2025-12-24 12:00:00', 46.10, NULL, 127, 3, NULL, NULL, NULL, 'csv', '2025-12-22 02:13:13'),
(1034, 27, '2025-12-25 12:00:00', 23.60, NULL, 75, 2, NULL, NULL, NULL, 'csv', '2025-12-22 02:13:13'),
(1035, 27, '2025-12-26 12:00:00', 120.10, NULL, 184, 4, NULL, NULL, NULL, 'csv', '2025-12-22 02:13:13'),
(1036, 28, '2025-12-22 12:00:00', 40.40, NULL, 113, 3, NULL, NULL, NULL, 'csv', '2025-12-22 02:13:13'),
(1037, 28, '2025-12-23 12:00:00', 45.10, NULL, 124, 3, NULL, NULL, NULL, 'csv', '2025-12-22 02:13:13'),
(1038, 28, '2025-12-24 12:00:00', 46.10, NULL, 127, 3, NULL, NULL, NULL, 'csv', '2025-12-22 02:13:13'),
(1039, 28, '2025-12-25 12:00:00', 23.60, NULL, 75, 2, NULL, NULL, NULL, 'csv', '2025-12-22 02:13:13'),
(1040, 28, '2025-12-26 12:00:00', 120.10, NULL, 184, 4, NULL, NULL, NULL, 'csv', '2025-12-22 02:13:13'),
(1041, 29, '2025-12-22 12:00:00', 34.60, NULL, 98, 2, NULL, NULL, NULL, 'csv', '2025-12-22 02:13:13'),
(1042, 29, '2025-12-23 12:00:00', 45.40, NULL, 125, 3, NULL, NULL, NULL, 'csv', '2025-12-22 02:13:13'),
(1043, 29, '2025-12-24 12:00:00', 44.90, NULL, 124, 3, NULL, NULL, NULL, 'csv', '2025-12-22 02:13:13'),
(1044, 29, '2025-12-25 12:00:00', 25.00, NULL, 78, 2, NULL, NULL, NULL, 'csv', '2025-12-22 02:13:13'),
(1045, 29, '2025-12-26 12:00:00', 84.30, NULL, 165, 4, NULL, NULL, NULL, 'csv', '2025-12-22 02:13:13'),
(1046, 30, '2025-12-22 12:00:00', 44.00, NULL, 121, 3, NULL, NULL, NULL, 'csv', '2025-12-22 02:13:13'),
(1047, 30, '2025-12-23 12:00:00', 43.00, NULL, 119, 3, NULL, NULL, NULL, 'csv', '2025-12-22 02:13:13'),
(1048, 30, '2025-12-24 12:00:00', 42.50, NULL, 118, 3, NULL, NULL, NULL, 'csv', '2025-12-22 02:13:13'),
(1049, 30, '2025-12-25 12:00:00', 14.70, NULL, 56, 2, NULL, NULL, NULL, 'csv', '2025-12-22 02:13:13'),
(1050, 30, '2025-12-26 12:00:00', 106.40, NULL, 177, 4, NULL, NULL, NULL, 'csv', '2025-12-22 02:13:13'),
(1051, 1, '2025-12-27 12:00:00', 119.00, NULL, 183, 4, NULL, NULL, NULL, 'csv', '2025-12-27 14:02:26'),
(1052, 1, '2025-12-28 12:00:00', 139.70, NULL, 194, 4, NULL, NULL, NULL, 'csv', '2025-12-27 14:02:26'),
(1053, 1, '2025-12-29 12:00:00', 65.90, NULL, 156, 4, NULL, NULL, NULL, 'csv', '2025-12-27 14:02:26'),
(1054, 1, '2025-12-30 12:00:00', 67.50, NULL, 157, 4, NULL, NULL, NULL, 'csv', '2025-12-27 14:02:26'),
(1055, 1, '2025-12-31 12:00:00', 41.80, NULL, 116, 3, NULL, NULL, NULL, 'csv', '2025-12-27 14:02:26'),
(1056, 2, '2025-12-27 12:00:00', 119.00, NULL, 183, 4, NULL, NULL, NULL, 'csv', '2025-12-27 14:02:26'),
(1057, 2, '2025-12-28 12:00:00', 139.70, NULL, 194, 4, NULL, NULL, NULL, 'csv', '2025-12-27 14:02:26'),
(1058, 2, '2025-12-29 12:00:00', 65.90, NULL, 156, 4, NULL, NULL, NULL, 'csv', '2025-12-27 14:02:26'),
(1059, 2, '2025-12-30 12:00:00', 67.50, NULL, 157, 4, NULL, NULL, NULL, 'csv', '2025-12-27 14:02:26'),
(1060, 2, '2025-12-31 12:00:00', 41.80, NULL, 116, 3, NULL, NULL, NULL, 'csv', '2025-12-27 14:02:26'),
(1061, 3, '2025-12-27 12:00:00', 119.00, NULL, 183, 4, NULL, NULL, NULL, 'csv', '2025-12-27 14:02:26'),
(1062, 3, '2025-12-28 12:00:00', 139.70, NULL, 194, 4, NULL, NULL, NULL, 'csv', '2025-12-27 14:02:26'),
(1063, 3, '2025-12-29 12:00:00', 65.90, NULL, 156, 4, NULL, NULL, NULL, 'csv', '2025-12-27 14:02:26'),
(1064, 3, '2025-12-30 12:00:00', 67.50, NULL, 157, 4, NULL, NULL, NULL, 'csv', '2025-12-27 14:02:26'),
(1065, 3, '2025-12-31 12:00:00', 41.80, NULL, 116, 3, NULL, NULL, NULL, 'csv', '2025-12-27 14:02:26'),
(1066, 4, '2025-12-27 12:00:00', 119.00, NULL, 183, 4, NULL, NULL, NULL, 'csv', '2025-12-27 14:02:26'),
(1067, 4, '2025-12-28 12:00:00', 139.70, NULL, 194, 4, NULL, NULL, NULL, 'csv', '2025-12-27 14:02:26'),
(1068, 4, '2025-12-29 12:00:00', 65.90, NULL, 156, 4, NULL, NULL, NULL, 'csv', '2025-12-27 14:02:26'),
(1069, 4, '2025-12-30 12:00:00', 67.50, NULL, 157, 4, NULL, NULL, NULL, 'csv', '2025-12-27 14:02:26'),
(1070, 4, '2025-12-31 12:00:00', 41.80, NULL, 116, 3, NULL, NULL, NULL, 'csv', '2025-12-27 14:02:26'),
(1071, 5, '2025-12-27 12:00:00', 112.20, NULL, 180, 4, NULL, NULL, NULL, 'csv', '2025-12-27 14:02:26'),
(1072, 5, '2025-12-28 12:00:00', 136.40, NULL, 192, 4, NULL, NULL, NULL, 'csv', '2025-12-27 14:02:26'),
(1073, 5, '2025-12-29 12:00:00', 81.30, NULL, 164, 4, NULL, NULL, NULL, 'csv', '2025-12-27 14:02:26'),
(1074, 5, '2025-12-30 12:00:00', 84.30, NULL, 165, 4, NULL, NULL, NULL, 'csv', '2025-12-27 14:02:26'),
(1075, 5, '2025-12-31 12:00:00', 52.90, NULL, 143, 3, NULL, NULL, NULL, 'csv', '2025-12-27 14:02:26'),
(1076, 6, '2025-12-27 12:00:00', 124.30, NULL, 186, 4, NULL, NULL, NULL, 'csv', '2025-12-27 14:02:26'),
(1077, 6, '2025-12-28 12:00:00', 140.60, NULL, 194, 4, NULL, NULL, NULL, 'csv', '2025-12-27 14:02:26'),
(1078, 6, '2025-12-29 12:00:00', 52.40, NULL, 142, 3, NULL, NULL, NULL, 'csv', '2025-12-27 14:02:26'),
(1079, 6, '2025-12-30 12:00:00', 49.50, NULL, 135, 3, NULL, NULL, NULL, 'csv', '2025-12-27 14:02:26'),
(1080, 6, '2025-12-31 12:00:00', 38.10, NULL, 107, 3, NULL, NULL, NULL, 'csv', '2025-12-27 14:02:26'),
(1081, 7, '2025-12-27 12:00:00', 124.30, NULL, 186, 4, NULL, NULL, NULL, 'csv', '2025-12-27 14:02:26'),
(1082, 7, '2025-12-28 12:00:00', 140.60, NULL, 194, 4, NULL, NULL, NULL, 'csv', '2025-12-27 14:02:26'),
(1083, 7, '2025-12-29 12:00:00', 52.40, NULL, 142, 3, NULL, NULL, NULL, 'csv', '2025-12-27 14:02:26'),
(1084, 7, '2025-12-30 12:00:00', 49.50, NULL, 135, 3, NULL, NULL, NULL, 'csv', '2025-12-27 14:02:26'),
(1085, 7, '2025-12-31 12:00:00', 38.10, NULL, 107, 3, NULL, NULL, NULL, 'csv', '2025-12-27 14:02:26'),
(1086, 8, '2025-12-27 12:00:00', 119.00, NULL, 183, 4, NULL, NULL, NULL, 'csv', '2025-12-27 14:02:26'),
(1087, 8, '2025-12-28 12:00:00', 139.70, NULL, 194, 4, NULL, NULL, NULL, 'csv', '2025-12-27 14:02:26'),
(1088, 8, '2025-12-29 12:00:00', 65.90, NULL, 156, 4, NULL, NULL, NULL, 'csv', '2025-12-27 14:02:26'),
(1089, 8, '2025-12-30 12:00:00', 67.50, NULL, 157, 4, NULL, NULL, NULL, 'csv', '2025-12-27 14:02:26'),
(1090, 8, '2025-12-31 12:00:00', 41.80, NULL, 116, 3, NULL, NULL, NULL, 'csv', '2025-12-27 14:02:26'),
(1091, 9, '2025-12-27 12:00:00', 112.20, NULL, 180, 4, NULL, NULL, NULL, 'csv', '2025-12-27 14:02:26'),
(1092, 9, '2025-12-28 12:00:00', 136.40, NULL, 192, 4, NULL, NULL, NULL, 'csv', '2025-12-27 14:02:26'),
(1093, 9, '2025-12-29 12:00:00', 81.30, NULL, 164, 4, NULL, NULL, NULL, 'csv', '2025-12-27 14:02:26'),
(1094, 9, '2025-12-30 12:00:00', 84.30, NULL, 165, 4, NULL, NULL, NULL, 'csv', '2025-12-27 14:02:26'),
(1095, 9, '2025-12-31 12:00:00', 52.90, NULL, 143, 3, NULL, NULL, NULL, 'csv', '2025-12-27 14:02:26'),
(1096, 10, '2025-12-27 12:00:00', 112.20, NULL, 180, 4, NULL, NULL, NULL, 'csv', '2025-12-27 14:02:26'),
(1097, 10, '2025-12-28 12:00:00', 136.40, NULL, 192, 4, NULL, NULL, NULL, 'csv', '2025-12-27 14:02:26'),
(1098, 10, '2025-12-29 12:00:00', 81.30, NULL, 164, 4, NULL, NULL, NULL, 'csv', '2025-12-27 14:02:26'),
(1099, 10, '2025-12-30 12:00:00', 84.30, NULL, 165, 4, NULL, NULL, NULL, 'csv', '2025-12-27 14:02:26'),
(1100, 10, '2025-12-31 12:00:00', 52.90, NULL, 143, 3, NULL, NULL, NULL, 'csv', '2025-12-27 14:02:26'),
(1101, 11, '2025-12-27 12:00:00', 119.00, NULL, 183, 4, NULL, NULL, NULL, 'csv', '2025-12-27 14:02:26'),
(1102, 11, '2025-12-28 12:00:00', 139.70, NULL, 194, 4, NULL, NULL, NULL, 'csv', '2025-12-27 14:02:26'),
(1103, 11, '2025-12-29 12:00:00', 65.90, NULL, 156, 4, NULL, NULL, NULL, 'csv', '2025-12-27 14:02:26'),
(1104, 11, '2025-12-30 12:00:00', 67.50, NULL, 157, 4, NULL, NULL, NULL, 'csv', '2025-12-27 14:02:26'),
(1105, 11, '2025-12-31 12:00:00', 41.80, NULL, 116, 3, NULL, NULL, NULL, 'csv', '2025-12-27 14:02:26'),
(1106, 12, '2025-12-27 12:00:00', 95.90, NULL, 171, 4, NULL, NULL, NULL, 'csv', '2025-12-27 14:02:26'),
(1107, 12, '2025-12-28 12:00:00', 118.70, NULL, 183, 4, NULL, NULL, NULL, 'csv', '2025-12-27 14:02:26'),
(1108, 12, '2025-12-29 12:00:00', 59.50, NULL, 153, 4, NULL, NULL, NULL, 'csv', '2025-12-27 14:02:26'),
(1109, 12, '2025-12-30 12:00:00', 66.80, NULL, 156, 4, NULL, NULL, NULL, 'csv', '2025-12-27 14:02:26'),
(1110, 12, '2025-12-31 12:00:00', 40.70, NULL, 113, 3, NULL, NULL, NULL, 'csv', '2025-12-27 14:02:26'),
(1111, 13, '2025-12-27 12:00:00', 112.20, NULL, 180, 4, NULL, NULL, NULL, 'csv', '2025-12-27 14:02:26'),
(1112, 13, '2025-12-28 12:00:00', 136.40, NULL, 192, 4, NULL, NULL, NULL, 'csv', '2025-12-27 14:02:26'),
(1113, 13, '2025-12-29 12:00:00', 81.30, NULL, 164, 4, NULL, NULL, NULL, 'csv', '2025-12-27 14:02:26'),
(1114, 13, '2025-12-30 12:00:00', 84.30, NULL, 165, 4, NULL, NULL, NULL, 'csv', '2025-12-27 14:02:26'),
(1115, 13, '2025-12-31 12:00:00', 52.90, NULL, 143, 3, NULL, NULL, NULL, 'csv', '2025-12-27 14:02:26'),
(1116, 14, '2025-12-27 12:00:00', 71.90, NULL, 159, 4, NULL, NULL, NULL, 'csv', '2025-12-27 14:02:26'),
(1117, 14, '2025-12-28 12:00:00', 99.70, NULL, 173, 4, NULL, NULL, NULL, 'csv', '2025-12-27 14:02:26'),
(1118, 14, '2025-12-29 12:00:00', 80.80, NULL, 164, 4, NULL, NULL, NULL, 'csv', '2025-12-27 14:02:26'),
(1119, 14, '2025-12-30 12:00:00', 67.80, NULL, 157, 4, NULL, NULL, NULL, 'csv', '2025-12-27 14:02:26'),
(1120, 14, '2025-12-31 12:00:00', 51.30, NULL, 139, 3, NULL, NULL, NULL, 'csv', '2025-12-27 14:02:26'),
(1121, 15, '2025-12-27 12:00:00', 95.90, NULL, 171, 4, NULL, NULL, NULL, 'csv', '2025-12-27 14:02:26'),
(1122, 15, '2025-12-28 12:00:00', 118.70, NULL, 183, 4, NULL, NULL, NULL, 'csv', '2025-12-27 14:02:26'),
(1123, 15, '2025-12-29 12:00:00', 59.50, NULL, 153, 4, NULL, NULL, NULL, 'csv', '2025-12-27 14:02:26'),
(1124, 15, '2025-12-30 12:00:00', 66.80, NULL, 156, 4, NULL, NULL, NULL, 'csv', '2025-12-27 14:02:26'),
(1125, 15, '2025-12-31 12:00:00', 40.70, NULL, 113, 3, NULL, NULL, NULL, 'csv', '2025-12-27 14:02:26'),
(1126, 16, '2025-12-27 12:00:00', 112.20, NULL, 180, 4, NULL, NULL, NULL, 'csv', '2025-12-27 14:02:26'),
(1127, 16, '2025-12-28 12:00:00', 136.40, NULL, 192, 4, NULL, NULL, NULL, 'csv', '2025-12-27 14:02:26'),
(1128, 16, '2025-12-29 12:00:00', 81.30, NULL, 164, 4, NULL, NULL, NULL, 'csv', '2025-12-27 14:02:26'),
(1129, 16, '2025-12-30 12:00:00', 84.30, NULL, 165, 4, NULL, NULL, NULL, 'csv', '2025-12-27 14:02:26'),
(1130, 16, '2025-12-31 12:00:00', 52.90, NULL, 143, 3, NULL, NULL, NULL, 'csv', '2025-12-27 14:02:26'),
(1131, 17, '2025-12-27 12:00:00', 119.00, NULL, 183, 4, NULL, NULL, NULL, 'csv', '2025-12-27 14:02:26'),
(1132, 17, '2025-12-28 12:00:00', 139.70, NULL, 194, 4, NULL, NULL, NULL, 'csv', '2025-12-27 14:02:26'),
(1133, 17, '2025-12-29 12:00:00', 65.90, NULL, 156, 4, NULL, NULL, NULL, 'csv', '2025-12-27 14:02:26'),
(1134, 17, '2025-12-30 12:00:00', 67.50, NULL, 157, 4, NULL, NULL, NULL, 'csv', '2025-12-27 14:02:26'),
(1135, 17, '2025-12-31 12:00:00', 41.80, NULL, 116, 3, NULL, NULL, NULL, 'csv', '2025-12-27 14:02:26'),
(1136, 18, '2025-12-27 12:00:00', 119.00, NULL, 183, 4, NULL, NULL, NULL, 'csv', '2025-12-27 14:02:26'),
(1137, 18, '2025-12-28 12:00:00', 139.70, NULL, 194, 4, NULL, NULL, NULL, 'csv', '2025-12-27 14:02:26'),
(1138, 18, '2025-12-29 12:00:00', 65.90, NULL, 156, 4, NULL, NULL, NULL, 'csv', '2025-12-27 14:02:26'),
(1139, 18, '2025-12-30 12:00:00', 67.50, NULL, 157, 4, NULL, NULL, NULL, 'csv', '2025-12-27 14:02:26'),
(1140, 18, '2025-12-31 12:00:00', 41.80, NULL, 116, 3, NULL, NULL, NULL, 'csv', '2025-12-27 14:02:26'),
(1141, 19, '2025-12-27 12:00:00', 112.20, NULL, 180, 4, NULL, NULL, NULL, 'csv', '2025-12-27 14:02:26'),
(1142, 19, '2025-12-28 12:00:00', 136.40, NULL, 192, 4, NULL, NULL, NULL, 'csv', '2025-12-27 14:02:26'),
(1143, 19, '2025-12-29 12:00:00', 81.30, NULL, 164, 4, NULL, NULL, NULL, 'csv', '2025-12-27 14:02:26'),
(1144, 19, '2025-12-30 12:00:00', 84.30, NULL, 165, 4, NULL, NULL, NULL, 'csv', '2025-12-27 14:02:26'),
(1145, 19, '2025-12-31 12:00:00', 52.90, NULL, 143, 3, NULL, NULL, NULL, 'csv', '2025-12-27 14:02:26'),
(1146, 20, '2025-12-27 12:00:00', 112.20, NULL, 180, 4, NULL, NULL, NULL, 'csv', '2025-12-27 14:02:26'),
(1147, 20, '2025-12-28 12:00:00', 136.40, NULL, 192, 4, NULL, NULL, NULL, 'csv', '2025-12-27 14:02:26'),
(1148, 20, '2025-12-29 12:00:00', 81.30, NULL, 164, 4, NULL, NULL, NULL, 'csv', '2025-12-27 14:02:26'),
(1149, 20, '2025-12-30 12:00:00', 84.30, NULL, 165, 4, NULL, NULL, NULL, 'csv', '2025-12-27 14:02:26'),
(1150, 20, '2025-12-31 12:00:00', 52.90, NULL, 143, 3, NULL, NULL, NULL, 'csv', '2025-12-27 14:02:26'),
(1151, 21, '2025-12-27 12:00:00', 95.90, NULL, 171, 4, NULL, NULL, NULL, 'csv', '2025-12-27 14:02:26'),
(1152, 21, '2025-12-28 12:00:00', 118.70, NULL, 183, 4, NULL, NULL, NULL, 'csv', '2025-12-27 14:02:27'),
(1153, 21, '2025-12-29 12:00:00', 59.50, NULL, 153, 4, NULL, NULL, NULL, 'csv', '2025-12-27 14:02:27'),
(1154, 21, '2025-12-30 12:00:00', 66.80, NULL, 156, 4, NULL, NULL, NULL, 'csv', '2025-12-27 14:02:27'),
(1155, 21, '2025-12-31 12:00:00', 40.70, NULL, 113, 3, NULL, NULL, NULL, 'csv', '2025-12-27 14:02:27'),
(1156, 22, '2025-12-27 12:00:00', 112.20, NULL, 180, 4, NULL, NULL, NULL, 'csv', '2025-12-27 14:02:27'),
(1157, 22, '2025-12-28 12:00:00', 136.40, NULL, 192, 4, NULL, NULL, NULL, 'csv', '2025-12-27 14:02:27'),
(1158, 22, '2025-12-29 12:00:00', 81.30, NULL, 164, 4, NULL, NULL, NULL, 'csv', '2025-12-27 14:02:27'),
(1159, 22, '2025-12-30 12:00:00', 84.30, NULL, 165, 4, NULL, NULL, NULL, 'csv', '2025-12-27 14:02:27'),
(1160, 22, '2025-12-31 12:00:00', 52.90, NULL, 143, 3, NULL, NULL, NULL, 'csv', '2025-12-27 14:02:27'),
(1161, 23, '2025-12-27 12:00:00', 124.30, NULL, 186, 4, NULL, NULL, NULL, 'csv', '2025-12-27 14:02:27'),
(1162, 23, '2025-12-28 12:00:00', 140.60, NULL, 194, 4, NULL, NULL, NULL, 'csv', '2025-12-27 14:02:27'),
(1163, 23, '2025-12-29 12:00:00', 52.40, NULL, 142, 3, NULL, NULL, NULL, 'csv', '2025-12-27 14:02:27'),
(1164, 23, '2025-12-30 12:00:00', 49.50, NULL, 135, 3, NULL, NULL, NULL, 'csv', '2025-12-27 14:02:27'),
(1165, 23, '2025-12-31 12:00:00', 38.10, NULL, 107, 3, NULL, NULL, NULL, 'csv', '2025-12-27 14:02:27'),
(1166, 24, '2025-12-27 12:00:00', 95.90, NULL, 171, 4, NULL, NULL, NULL, 'csv', '2025-12-27 14:02:27'),
(1167, 24, '2025-12-28 12:00:00', 118.70, NULL, 183, 4, NULL, NULL, NULL, 'csv', '2025-12-27 14:02:27'),
(1168, 24, '2025-12-29 12:00:00', 59.50, NULL, 153, 4, NULL, NULL, NULL, 'csv', '2025-12-27 14:02:27'),
(1169, 24, '2025-12-30 12:00:00', 66.80, NULL, 156, 4, NULL, NULL, NULL, 'csv', '2025-12-27 14:02:27'),
(1170, 24, '2025-12-31 12:00:00', 40.70, NULL, 113, 3, NULL, NULL, NULL, 'csv', '2025-12-27 14:02:27'),
(1171, 25, '2025-12-27 12:00:00', 112.20, NULL, 180, 4, NULL, NULL, NULL, 'csv', '2025-12-27 14:02:27'),
(1172, 25, '2025-12-28 12:00:00', 136.40, NULL, 192, 4, NULL, NULL, NULL, 'csv', '2025-12-27 14:02:27'),
(1173, 25, '2025-12-29 12:00:00', 81.30, NULL, 164, 4, NULL, NULL, NULL, 'csv', '2025-12-27 14:02:27'),
(1174, 25, '2025-12-30 12:00:00', 84.30, NULL, 165, 4, NULL, NULL, NULL, 'csv', '2025-12-27 14:02:27'),
(1175, 25, '2025-12-31 12:00:00', 52.90, NULL, 143, 3, NULL, NULL, NULL, 'csv', '2025-12-27 14:02:27'),
(1176, 26, '2025-12-27 12:00:00', 95.90, NULL, 171, 4, NULL, NULL, NULL, 'csv', '2025-12-27 14:02:27'),
(1177, 26, '2025-12-28 12:00:00', 118.70, NULL, 183, 4, NULL, NULL, NULL, 'csv', '2025-12-27 14:02:27'),
(1178, 26, '2025-12-29 12:00:00', 59.50, NULL, 153, 4, NULL, NULL, NULL, 'csv', '2025-12-27 14:02:27'),
(1179, 26, '2025-12-30 12:00:00', 66.80, NULL, 156, 4, NULL, NULL, NULL, 'csv', '2025-12-27 14:02:27'),
(1180, 26, '2025-12-31 12:00:00', 40.70, NULL, 113, 3, NULL, NULL, NULL, 'csv', '2025-12-27 14:02:27'),
(1181, 27, '2025-12-27 12:00:00', 124.30, NULL, 186, 4, NULL, NULL, NULL, 'csv', '2025-12-27 14:02:27'),
(1182, 27, '2025-12-28 12:00:00', 140.60, NULL, 194, 4, NULL, NULL, NULL, 'csv', '2025-12-27 14:02:27'),
(1183, 27, '2025-12-29 12:00:00', 52.40, NULL, 142, 3, NULL, NULL, NULL, 'csv', '2025-12-27 14:02:27'),
(1184, 27, '2025-12-30 12:00:00', 49.50, NULL, 135, 3, NULL, NULL, NULL, 'csv', '2025-12-27 14:02:27'),
(1185, 27, '2025-12-31 12:00:00', 38.10, NULL, 107, 3, NULL, NULL, NULL, 'csv', '2025-12-27 14:02:27'),
(1186, 28, '2025-12-27 12:00:00', 124.30, NULL, 186, 4, NULL, NULL, NULL, 'csv', '2025-12-27 14:02:27'),
(1187, 28, '2025-12-28 12:00:00', 140.60, NULL, 194, 4, NULL, NULL, NULL, 'csv', '2025-12-27 14:02:27'),
(1188, 28, '2025-12-29 12:00:00', 52.40, NULL, 142, 3, NULL, NULL, NULL, 'csv', '2025-12-27 14:02:27'),
(1189, 28, '2025-12-30 12:00:00', 49.50, NULL, 135, 3, NULL, NULL, NULL, 'csv', '2025-12-27 14:02:27'),
(1190, 28, '2025-12-31 12:00:00', 38.10, NULL, 107, 3, NULL, NULL, NULL, 'csv', '2025-12-27 14:02:27'),
(1191, 29, '2025-12-27 12:00:00', 95.90, NULL, 171, 4, NULL, NULL, NULL, 'csv', '2025-12-27 14:02:27'),
(1192, 29, '2025-12-28 12:00:00', 118.70, NULL, 183, 4, NULL, NULL, NULL, 'csv', '2025-12-27 14:02:27'),
(1193, 29, '2025-12-29 12:00:00', 59.50, NULL, 153, 4, NULL, NULL, NULL, 'csv', '2025-12-27 14:02:27'),
(1194, 29, '2025-12-30 12:00:00', 66.80, NULL, 156, 4, NULL, NULL, NULL, 'csv', '2025-12-27 14:02:27'),
(1195, 29, '2025-12-31 12:00:00', 40.70, NULL, 113, 3, NULL, NULL, NULL, 'csv', '2025-12-27 14:02:27'),
(1196, 30, '2025-12-27 12:00:00', 119.00, NULL, 183, 4, NULL, NULL, NULL, 'csv', '2025-12-27 14:02:27'),
(1197, 30, '2025-12-28 12:00:00', 139.70, NULL, 194, 4, NULL, NULL, NULL, 'csv', '2025-12-27 14:02:27'),
(1198, 30, '2025-12-29 12:00:00', 65.90, NULL, 156, 4, NULL, NULL, NULL, 'csv', '2025-12-27 14:02:27'),
(1199, 30, '2025-12-30 12:00:00', 67.50, NULL, 157, 4, NULL, NULL, NULL, 'csv', '2025-12-27 14:02:27'),
(1200, 30, '2025-12-31 12:00:00', 41.80, NULL, 116, 3, NULL, NULL, NULL, 'csv', '2025-12-27 14:02:27'),
(1201, 1, '2026-01-05 12:00:00', 19.60, NULL, 66, 2, NULL, NULL, NULL, 'csv', '2026-01-05 13:12:12'),
(1202, 1, '2026-01-06 12:00:00', 48.10, NULL, 132, 3, NULL, NULL, NULL, 'csv', '2026-01-05 13:12:12'),
(1203, 1, '2026-01-07 12:00:00', 93.80, NULL, 170, 4, NULL, NULL, NULL, 'csv', '2026-01-05 13:12:12'),
(1204, 1, '2026-01-08 12:00:00', 102.40, NULL, 175, 4, NULL, NULL, NULL, 'csv', '2026-01-05 13:12:12'),
(1205, 1, '2026-01-09 12:00:00', 106.90, NULL, 177, 4, NULL, NULL, NULL, 'csv', '2026-01-05 13:12:12'),
(1206, 2, '2026-01-05 12:00:00', 19.60, NULL, 66, 2, NULL, NULL, NULL, 'csv', '2026-01-05 13:12:12'),
(1207, 2, '2026-01-06 12:00:00', 48.10, NULL, 132, 3, NULL, NULL, NULL, 'csv', '2026-01-05 13:12:12'),
(1208, 2, '2026-01-07 12:00:00', 93.80, NULL, 170, 4, NULL, NULL, NULL, 'csv', '2026-01-05 13:12:12'),
(1209, 2, '2026-01-08 12:00:00', 102.40, NULL, 175, 4, NULL, NULL, NULL, 'csv', '2026-01-05 13:12:12'),
(1210, 2, '2026-01-09 12:00:00', 106.90, NULL, 177, 4, NULL, NULL, NULL, 'csv', '2026-01-05 13:12:12'),
(1211, 3, '2026-01-05 12:00:00', 19.60, NULL, 66, 2, NULL, NULL, NULL, 'csv', '2026-01-05 13:12:12'),
(1212, 3, '2026-01-06 12:00:00', 48.10, NULL, 132, 3, NULL, NULL, NULL, 'csv', '2026-01-05 13:12:12'),
(1213, 3, '2026-01-07 12:00:00', 93.80, NULL, 170, 4, NULL, NULL, NULL, 'csv', '2026-01-05 13:12:12'),
(1214, 3, '2026-01-08 12:00:00', 102.40, NULL, 175, 4, NULL, NULL, NULL, 'csv', '2026-01-05 13:12:12'),
(1215, 3, '2026-01-09 12:00:00', 106.90, NULL, 177, 4, NULL, NULL, NULL, 'csv', '2026-01-05 13:12:12'),
(1216, 4, '2026-01-05 12:00:00', 19.60, NULL, 66, 2, NULL, NULL, NULL, 'csv', '2026-01-05 13:12:12'),
(1217, 4, '2026-01-06 12:00:00', 48.10, NULL, 132, 3, NULL, NULL, NULL, 'csv', '2026-01-05 13:12:12'),
(1218, 4, '2026-01-07 12:00:00', 93.80, NULL, 170, 4, NULL, NULL, NULL, 'csv', '2026-01-05 13:12:12'),
(1219, 4, '2026-01-08 12:00:00', 102.40, NULL, 175, 4, NULL, NULL, NULL, 'csv', '2026-01-05 13:12:12'),
(1220, 4, '2026-01-09 12:00:00', 106.90, NULL, 177, 4, NULL, NULL, NULL, 'csv', '2026-01-05 13:12:12'),
(1221, 5, '2026-01-05 12:00:00', 27.80, NULL, 84, 2, NULL, NULL, NULL, 'csv', '2026-01-05 13:12:12'),
(1222, 5, '2026-01-06 12:00:00', 46.20, NULL, 127, 3, NULL, NULL, NULL, 'csv', '2026-01-05 13:12:12'),
(1223, 5, '2026-01-07 12:00:00', 88.50, NULL, 168, 4, NULL, NULL, NULL, 'csv', '2026-01-05 13:12:12'),
(1224, 5, '2026-01-08 12:00:00', 93.40, NULL, 170, 4, NULL, NULL, NULL, 'csv', '2026-01-05 13:12:12'),
(1225, 5, '2026-01-09 12:00:00', 102.90, NULL, 175, 4, NULL, NULL, NULL, 'csv', '2026-01-05 13:12:12'),
(1226, 6, '2026-01-05 12:00:00', 30.70, NULL, 90, 2, NULL, NULL, NULL, 'csv', '2026-01-05 13:12:12'),
(1227, 6, '2026-01-06 12:00:00', 43.20, NULL, 119, 3, NULL, NULL, NULL, 'csv', '2026-01-05 13:12:12'),
(1228, 6, '2026-01-07 12:00:00', 109.40, NULL, 178, 4, NULL, NULL, NULL, 'csv', '2026-01-05 13:12:12'),
(1229, 6, '2026-01-08 12:00:00', 108.00, NULL, 178, 4, NULL, NULL, NULL, 'csv', '2026-01-05 13:12:12'),
(1230, 6, '2026-01-09 12:00:00', 93.60, NULL, 170, 4, NULL, NULL, NULL, 'csv', '2026-01-05 13:12:12'),
(1231, 7, '2026-01-05 12:00:00', 30.70, NULL, 90, 2, NULL, NULL, NULL, 'csv', '2026-01-05 13:12:12'),
(1232, 7, '2026-01-06 12:00:00', 43.20, NULL, 119, 3, NULL, NULL, NULL, 'csv', '2026-01-05 13:12:12'),
(1233, 7, '2026-01-07 12:00:00', 109.40, NULL, 178, 4, NULL, NULL, NULL, 'csv', '2026-01-05 13:12:12'),
(1234, 7, '2026-01-08 12:00:00', 108.00, NULL, 178, 4, NULL, NULL, NULL, 'csv', '2026-01-05 13:12:12'),
(1235, 7, '2026-01-09 12:00:00', 93.60, NULL, 170, 4, NULL, NULL, NULL, 'csv', '2026-01-05 13:12:12'),
(1236, 8, '2026-01-05 12:00:00', 19.60, NULL, 66, 2, NULL, NULL, NULL, 'csv', '2026-01-05 13:12:12'),
(1237, 8, '2026-01-06 12:00:00', 48.10, NULL, 132, 3, NULL, NULL, NULL, 'csv', '2026-01-05 13:12:12'),
(1238, 8, '2026-01-07 12:00:00', 93.80, NULL, 170, 4, NULL, NULL, NULL, 'csv', '2026-01-05 13:12:12'),
(1239, 8, '2026-01-08 12:00:00', 102.40, NULL, 175, 4, NULL, NULL, NULL, 'csv', '2026-01-05 13:12:12'),
(1240, 8, '2026-01-09 12:00:00', 106.90, NULL, 177, 4, NULL, NULL, NULL, 'csv', '2026-01-05 13:12:12'),
(1241, 9, '2026-01-05 12:00:00', 27.80, NULL, 84, 2, NULL, NULL, NULL, 'csv', '2026-01-05 13:12:12'),
(1242, 9, '2026-01-06 12:00:00', 46.20, NULL, 127, 3, NULL, NULL, NULL, 'csv', '2026-01-05 13:12:12'),
(1243, 9, '2026-01-07 12:00:00', 88.50, NULL, 168, 4, NULL, NULL, NULL, 'csv', '2026-01-05 13:12:12'),
(1244, 9, '2026-01-08 12:00:00', 93.40, NULL, 170, 4, NULL, NULL, NULL, 'csv', '2026-01-05 13:12:12'),
(1245, 9, '2026-01-09 12:00:00', 102.90, NULL, 175, 4, NULL, NULL, NULL, 'csv', '2026-01-05 13:12:12'),
(1246, 10, '2026-01-05 12:00:00', 27.80, NULL, 84, 2, NULL, NULL, NULL, 'csv', '2026-01-05 13:12:12'),
(1247, 10, '2026-01-06 12:00:00', 46.20, NULL, 127, 3, NULL, NULL, NULL, 'csv', '2026-01-05 13:12:12'),
(1248, 10, '2026-01-07 12:00:00', 88.50, NULL, 168, 4, NULL, NULL, NULL, 'csv', '2026-01-05 13:12:12'),
(1249, 10, '2026-01-08 12:00:00', 93.40, NULL, 170, 4, NULL, NULL, NULL, 'csv', '2026-01-05 13:12:12'),
(1250, 10, '2026-01-09 12:00:00', 102.90, NULL, 175, 4, NULL, NULL, NULL, 'csv', '2026-01-05 13:12:12'),
(1251, 11, '2026-01-05 12:00:00', 19.60, NULL, 66, 2, NULL, NULL, NULL, 'csv', '2026-01-05 13:12:12'),
(1252, 11, '2026-01-06 12:00:00', 48.10, NULL, 132, 3, NULL, NULL, NULL, 'csv', '2026-01-05 13:12:12'),
(1253, 11, '2026-01-07 12:00:00', 93.80, NULL, 170, 4, NULL, NULL, NULL, 'csv', '2026-01-05 13:12:12'),
(1254, 11, '2026-01-08 12:00:00', 102.40, NULL, 175, 4, NULL, NULL, NULL, 'csv', '2026-01-05 13:12:12'),
(1255, 11, '2026-01-09 12:00:00', 106.90, NULL, 177, 4, NULL, NULL, NULL, 'csv', '2026-01-05 13:12:12'),
(1256, 12, '2026-01-05 12:00:00', 33.50, NULL, 96, 2, NULL, NULL, NULL, 'csv', '2026-01-05 13:12:12'),
(1257, 12, '2026-01-06 12:00:00', 39.30, NULL, 110, 3, NULL, NULL, NULL, 'csv', '2026-01-05 13:12:12'),
(1258, 12, '2026-01-07 12:00:00', 76.80, NULL, 161, 4, NULL, NULL, NULL, 'csv', '2026-01-05 13:12:12'),
(1259, 12, '2026-01-08 12:00:00', 77.80, NULL, 162, 4, NULL, NULL, NULL, 'csv', '2026-01-05 13:12:13'),
(1260, 12, '2026-01-09 12:00:00', 85.70, NULL, 166, 4, NULL, NULL, NULL, 'csv', '2026-01-05 13:12:13'),
(1261, 13, '2026-01-05 12:00:00', 27.80, NULL, 84, 2, NULL, NULL, NULL, 'csv', '2026-01-05 13:12:13'),
(1262, 13, '2026-01-06 12:00:00', 46.20, NULL, 127, 3, NULL, NULL, NULL, 'csv', '2026-01-05 13:12:13'),
(1263, 13, '2026-01-07 12:00:00', 88.50, NULL, 168, 4, NULL, NULL, NULL, 'csv', '2026-01-05 13:12:13'),
(1264, 13, '2026-01-08 12:00:00', 93.40, NULL, 170, 4, NULL, NULL, NULL, 'csv', '2026-01-05 13:12:13'),
(1265, 13, '2026-01-09 12:00:00', 102.90, NULL, 175, 4, NULL, NULL, NULL, 'csv', '2026-01-05 13:12:13'),
(1266, 14, '2026-01-05 12:00:00', 21.10, NULL, 69, 2, NULL, NULL, NULL, 'csv', '2026-01-05 13:12:13'),
(1267, 14, '2026-01-06 12:00:00', 33.60, NULL, 96, 2, NULL, NULL, NULL, 'csv', '2026-01-05 13:12:13'),
(1268, 14, '2026-01-07 12:00:00', 54.80, NULL, 148, 3, NULL, NULL, NULL, 'csv', '2026-01-05 13:12:13'),
(1269, 14, '2026-01-08 12:00:00', 59.00, NULL, 152, 4, NULL, NULL, NULL, 'csv', '2026-01-05 13:12:13'),
(1270, 14, '2026-01-09 12:00:00', 73.10, NULL, 160, 4, NULL, NULL, NULL, 'csv', '2026-01-05 13:12:13'),
(1271, 15, '2026-01-05 12:00:00', 33.50, NULL, 96, 2, NULL, NULL, NULL, 'csv', '2026-01-05 13:12:13'),
(1272, 15, '2026-01-06 12:00:00', 39.30, NULL, 110, 3, NULL, NULL, NULL, 'csv', '2026-01-05 13:12:13'),
(1273, 15, '2026-01-07 12:00:00', 76.80, NULL, 161, 4, NULL, NULL, NULL, 'csv', '2026-01-05 13:12:13'),
(1274, 15, '2026-01-08 12:00:00', 77.80, NULL, 162, 4, NULL, NULL, NULL, 'csv', '2026-01-05 13:12:13'),
(1275, 15, '2026-01-09 12:00:00', 85.70, NULL, 166, 4, NULL, NULL, NULL, 'csv', '2026-01-05 13:12:13'),
(1276, 16, '2026-01-05 12:00:00', 27.80, NULL, 84, 2, NULL, NULL, NULL, 'csv', '2026-01-05 13:12:13'),
(1277, 16, '2026-01-06 12:00:00', 46.20, NULL, 127, 3, NULL, NULL, NULL, 'csv', '2026-01-05 13:12:13'),
(1278, 16, '2026-01-07 12:00:00', 88.50, NULL, 168, 4, NULL, NULL, NULL, 'csv', '2026-01-05 13:12:13'),
(1279, 16, '2026-01-08 12:00:00', 93.40, NULL, 170, 4, NULL, NULL, NULL, 'csv', '2026-01-05 13:12:13'),
(1280, 16, '2026-01-09 12:00:00', 102.90, NULL, 175, 4, NULL, NULL, NULL, 'csv', '2026-01-05 13:12:13'),
(1281, 17, '2026-01-05 12:00:00', 19.60, NULL, 66, 2, NULL, NULL, NULL, 'csv', '2026-01-05 13:12:13'),
(1282, 17, '2026-01-06 12:00:00', 48.10, NULL, 132, 3, NULL, NULL, NULL, 'csv', '2026-01-05 13:12:13'),
(1283, 17, '2026-01-07 12:00:00', 93.80, NULL, 170, 4, NULL, NULL, NULL, 'csv', '2026-01-05 13:12:13'),
(1284, 17, '2026-01-08 12:00:00', 102.40, NULL, 175, 4, NULL, NULL, NULL, 'csv', '2026-01-05 13:12:13'),
(1285, 17, '2026-01-09 12:00:00', 106.90, NULL, 177, 4, NULL, NULL, NULL, 'csv', '2026-01-05 13:12:13'),
(1286, 18, '2026-01-05 12:00:00', 19.60, NULL, 66, 2, NULL, NULL, NULL, 'csv', '2026-01-05 13:12:13'),
(1287, 18, '2026-01-06 12:00:00', 48.10, NULL, 132, 3, NULL, NULL, NULL, 'csv', '2026-01-05 13:12:13'),
(1288, 18, '2026-01-07 12:00:00', 93.80, NULL, 170, 4, NULL, NULL, NULL, 'csv', '2026-01-05 13:12:13'),
(1289, 18, '2026-01-08 12:00:00', 102.40, NULL, 175, 4, NULL, NULL, NULL, 'csv', '2026-01-05 13:12:13'),
(1290, 18, '2026-01-09 12:00:00', 106.90, NULL, 177, 4, NULL, NULL, NULL, 'csv', '2026-01-05 13:12:13'),
(1291, 19, '2026-01-05 12:00:00', 27.80, NULL, 84, 2, NULL, NULL, NULL, 'csv', '2026-01-05 13:12:13'),
(1292, 19, '2026-01-06 12:00:00', 46.20, NULL, 127, 3, NULL, NULL, NULL, 'csv', '2026-01-05 13:12:13'),
(1293, 19, '2026-01-07 12:00:00', 88.50, NULL, 168, 4, NULL, NULL, NULL, 'csv', '2026-01-05 13:12:13'),
(1294, 19, '2026-01-08 12:00:00', 93.40, NULL, 170, 4, NULL, NULL, NULL, 'csv', '2026-01-05 13:12:13'),
(1295, 19, '2026-01-09 12:00:00', 102.90, NULL, 175, 4, NULL, NULL, NULL, 'csv', '2026-01-05 13:12:13'),
(1296, 20, '2026-01-05 12:00:00', 27.80, NULL, 84, 2, NULL, NULL, NULL, 'csv', '2026-01-05 13:12:13'),
(1297, 20, '2026-01-06 12:00:00', 46.20, NULL, 127, 3, NULL, NULL, NULL, 'csv', '2026-01-05 13:12:13'),
(1298, 20, '2026-01-07 12:00:00', 88.50, NULL, 168, 4, NULL, NULL, NULL, 'csv', '2026-01-05 13:12:13'),
(1299, 20, '2026-01-08 12:00:00', 93.40, NULL, 170, 4, NULL, NULL, NULL, 'csv', '2026-01-05 13:12:13'),
(1300, 20, '2026-01-09 12:00:00', 102.90, NULL, 175, 4, NULL, NULL, NULL, 'csv', '2026-01-05 13:12:13'),
(1301, 21, '2026-01-05 12:00:00', 33.50, NULL, 96, 2, NULL, NULL, NULL, 'csv', '2026-01-05 13:12:13'),
(1302, 21, '2026-01-06 12:00:00', 39.30, NULL, 110, 3, NULL, NULL, NULL, 'csv', '2026-01-05 13:12:13'),
(1303, 21, '2026-01-07 12:00:00', 76.80, NULL, 161, 4, NULL, NULL, NULL, 'csv', '2026-01-05 13:12:13'),
(1304, 21, '2026-01-08 12:00:00', 77.80, NULL, 162, 4, NULL, NULL, NULL, 'csv', '2026-01-05 13:12:13'),
(1305, 21, '2026-01-09 12:00:00', 85.70, NULL, 166, 4, NULL, NULL, NULL, 'csv', '2026-01-05 13:12:13'),
(1306, 22, '2026-01-05 12:00:00', 27.80, NULL, 84, 2, NULL, NULL, NULL, 'csv', '2026-01-05 13:12:13'),
(1307, 22, '2026-01-06 12:00:00', 46.20, NULL, 127, 3, NULL, NULL, NULL, 'csv', '2026-01-05 13:12:13'),
(1308, 22, '2026-01-07 12:00:00', 88.50, NULL, 168, 4, NULL, NULL, NULL, 'csv', '2026-01-05 13:12:13'),
(1309, 22, '2026-01-08 12:00:00', 93.40, NULL, 170, 4, NULL, NULL, NULL, 'csv', '2026-01-05 13:12:13'),
(1310, 22, '2026-01-09 12:00:00', 102.90, NULL, 175, 4, NULL, NULL, NULL, 'csv', '2026-01-05 13:12:13'),
(1311, 23, '2026-01-05 12:00:00', 30.70, NULL, 90, 2, NULL, NULL, NULL, 'csv', '2026-01-05 13:12:13'),
(1312, 23, '2026-01-06 12:00:00', 43.20, NULL, 119, 3, NULL, NULL, NULL, 'csv', '2026-01-05 13:12:13'),
(1313, 23, '2026-01-07 12:00:00', 109.40, NULL, 178, 4, NULL, NULL, NULL, 'csv', '2026-01-05 13:12:13'),
(1314, 23, '2026-01-08 12:00:00', 108.00, NULL, 178, 4, NULL, NULL, NULL, 'csv', '2026-01-05 13:12:13'),
(1315, 23, '2026-01-09 12:00:00', 93.60, NULL, 170, 4, NULL, NULL, NULL, 'csv', '2026-01-05 13:12:13'),
(1316, 24, '2026-01-05 12:00:00', 33.50, NULL, 96, 2, NULL, NULL, NULL, 'csv', '2026-01-05 13:12:13'),
(1317, 24, '2026-01-06 12:00:00', 39.30, NULL, 110, 3, NULL, NULL, NULL, 'csv', '2026-01-05 13:12:13'),
(1318, 24, '2026-01-07 12:00:00', 76.80, NULL, 161, 4, NULL, NULL, NULL, 'csv', '2026-01-05 13:12:13'),
(1319, 24, '2026-01-08 12:00:00', 77.80, NULL, 162, 4, NULL, NULL, NULL, 'csv', '2026-01-05 13:12:13'),
(1320, 24, '2026-01-09 12:00:00', 85.70, NULL, 166, 4, NULL, NULL, NULL, 'csv', '2026-01-05 13:12:13'),
(1321, 25, '2026-01-05 12:00:00', 27.80, NULL, 84, 2, NULL, NULL, NULL, 'csv', '2026-01-05 13:12:13'),
(1322, 25, '2026-01-06 12:00:00', 46.20, NULL, 127, 3, NULL, NULL, NULL, 'csv', '2026-01-05 13:12:13'),
(1323, 25, '2026-01-07 12:00:00', 88.50, NULL, 168, 4, NULL, NULL, NULL, 'csv', '2026-01-05 13:12:13'),
(1324, 25, '2026-01-08 12:00:00', 93.40, NULL, 170, 4, NULL, NULL, NULL, 'csv', '2026-01-05 13:12:13'),
(1325, 25, '2026-01-09 12:00:00', 102.90, NULL, 175, 4, NULL, NULL, NULL, 'csv', '2026-01-05 13:12:13'),
(1326, 26, '2026-01-05 12:00:00', 33.50, NULL, 96, 2, NULL, NULL, NULL, 'csv', '2026-01-05 13:12:13'),
(1327, 26, '2026-01-06 12:00:00', 39.30, NULL, 110, 3, NULL, NULL, NULL, 'csv', '2026-01-05 13:12:13'),
(1328, 26, '2026-01-07 12:00:00', 76.80, NULL, 161, 4, NULL, NULL, NULL, 'csv', '2026-01-05 13:12:13'),
(1329, 26, '2026-01-08 12:00:00', 77.80, NULL, 162, 4, NULL, NULL, NULL, 'csv', '2026-01-05 13:12:13'),
(1330, 26, '2026-01-09 12:00:00', 85.70, NULL, 166, 4, NULL, NULL, NULL, 'csv', '2026-01-05 13:12:13'),
(1331, 27, '2026-01-05 12:00:00', 30.70, NULL, 90, 2, NULL, NULL, NULL, 'csv', '2026-01-05 13:12:13'),
(1332, 27, '2026-01-06 12:00:00', 43.20, NULL, 119, 3, NULL, NULL, NULL, 'csv', '2026-01-05 13:12:13'),
(1333, 27, '2026-01-07 12:00:00', 109.40, NULL, 178, 4, NULL, NULL, NULL, 'csv', '2026-01-05 13:12:13'),
(1334, 27, '2026-01-08 12:00:00', 108.00, NULL, 178, 4, NULL, NULL, NULL, 'csv', '2026-01-05 13:12:13'),
(1335, 27, '2026-01-09 12:00:00', 93.60, NULL, 170, 4, NULL, NULL, NULL, 'csv', '2026-01-05 13:12:13'),
(1336, 28, '2026-01-05 12:00:00', 30.70, NULL, 90, 2, NULL, NULL, NULL, 'csv', '2026-01-05 13:12:13'),
(1337, 28, '2026-01-06 12:00:00', 43.20, NULL, 119, 3, NULL, NULL, NULL, 'csv', '2026-01-05 13:12:13'),
(1338, 28, '2026-01-07 12:00:00', 109.40, NULL, 178, 4, NULL, NULL, NULL, 'csv', '2026-01-05 13:12:13'),
(1339, 28, '2026-01-08 12:00:00', 108.00, NULL, 178, 4, NULL, NULL, NULL, 'csv', '2026-01-05 13:12:13'),
(1340, 28, '2026-01-09 12:00:00', 93.60, NULL, 170, 4, NULL, NULL, NULL, 'csv', '2026-01-05 13:12:13'),
(1341, 29, '2026-01-05 12:00:00', 33.50, NULL, 96, 2, NULL, NULL, NULL, 'csv', '2026-01-05 13:12:13'),
(1342, 29, '2026-01-06 12:00:00', 39.30, NULL, 110, 3, NULL, NULL, NULL, 'csv', '2026-01-05 13:12:13'),
(1343, 29, '2026-01-07 12:00:00', 76.80, NULL, 161, 4, NULL, NULL, NULL, 'csv', '2026-01-05 13:12:13'),
(1344, 29, '2026-01-08 12:00:00', 77.80, NULL, 162, 4, NULL, NULL, NULL, 'csv', '2026-01-05 13:12:13'),
(1345, 29, '2026-01-09 12:00:00', 85.70, NULL, 166, 4, NULL, NULL, NULL, 'csv', '2026-01-05 13:12:13'),
(1346, 30, '2026-01-05 12:00:00', 19.60, NULL, 66, 2, NULL, NULL, NULL, 'csv', '2026-01-05 13:12:13'),
(1347, 30, '2026-01-06 12:00:00', 48.10, NULL, 132, 3, NULL, NULL, NULL, 'csv', '2026-01-05 13:12:13'),
(1348, 30, '2026-01-07 12:00:00', 93.80, NULL, 170, 4, NULL, NULL, NULL, 'csv', '2026-01-05 13:12:13'),
(1349, 30, '2026-01-08 12:00:00', 102.40, NULL, 175, 4, NULL, NULL, NULL, 'csv', '2026-01-05 13:12:13'),
(1350, 30, '2026-01-09 12:00:00', 106.90, NULL, 177, 4, NULL, NULL, NULL, 'csv', '2026-01-05 13:12:13'),
(1351, 1, '2026-01-05 12:00:00', 19.60, NULL, 66, 2, NULL, NULL, NULL, 'csv', '2026-01-06 09:28:40'),
(1352, 1, '2026-01-06 12:00:00', 48.10, NULL, 132, 3, NULL, NULL, NULL, 'csv', '2026-01-06 09:28:40'),
(1353, 1, '2026-01-07 12:00:00', 93.80, NULL, 170, 4, NULL, NULL, NULL, 'csv', '2026-01-06 09:28:40'),
(1354, 1, '2026-01-08 12:00:00', 102.40, NULL, 175, 4, NULL, NULL, NULL, 'csv', '2026-01-06 09:28:40'),
(1355, 1, '2026-01-09 12:00:00', 106.90, NULL, 177, 4, NULL, NULL, NULL, 'csv', '2026-01-06 09:28:40'),
(1356, 2, '2026-01-05 12:00:00', 19.60, NULL, 66, 2, NULL, NULL, NULL, 'csv', '2026-01-06 09:28:40'),
(1357, 2, '2026-01-06 12:00:00', 48.10, NULL, 132, 3, NULL, NULL, NULL, 'csv', '2026-01-06 09:28:40'),
(1358, 2, '2026-01-07 12:00:00', 93.80, NULL, 170, 4, NULL, NULL, NULL, 'csv', '2026-01-06 09:28:40'),
(1359, 2, '2026-01-08 12:00:00', 102.40, NULL, 175, 4, NULL, NULL, NULL, 'csv', '2026-01-06 09:28:40'),
(1360, 2, '2026-01-09 12:00:00', 106.90, NULL, 177, 4, NULL, NULL, NULL, 'csv', '2026-01-06 09:28:40'),
(1361, 3, '2026-01-05 12:00:00', 19.60, NULL, 66, 2, NULL, NULL, NULL, 'csv', '2026-01-06 09:28:40'),
(1362, 3, '2026-01-06 12:00:00', 48.10, NULL, 132, 3, NULL, NULL, NULL, 'csv', '2026-01-06 09:28:40'),
(1363, 3, '2026-01-07 12:00:00', 93.80, NULL, 170, 4, NULL, NULL, NULL, 'csv', '2026-01-06 09:28:40'),
(1364, 3, '2026-01-08 12:00:00', 102.40, NULL, 175, 4, NULL, NULL, NULL, 'csv', '2026-01-06 09:28:40'),
(1365, 3, '2026-01-09 12:00:00', 106.90, NULL, 177, 4, NULL, NULL, NULL, 'csv', '2026-01-06 09:28:40'),
(1366, 4, '2026-01-05 12:00:00', 19.60, NULL, 66, 2, NULL, NULL, NULL, 'csv', '2026-01-06 09:28:40'),
(1367, 4, '2026-01-06 12:00:00', 48.10, NULL, 132, 3, NULL, NULL, NULL, 'csv', '2026-01-06 09:28:40'),
(1368, 4, '2026-01-07 12:00:00', 93.80, NULL, 170, 4, NULL, NULL, NULL, 'csv', '2026-01-06 09:28:40'),
(1369, 4, '2026-01-08 12:00:00', 102.40, NULL, 175, 4, NULL, NULL, NULL, 'csv', '2026-01-06 09:28:40'),
(1370, 4, '2026-01-09 12:00:00', 106.90, NULL, 177, 4, NULL, NULL, NULL, 'csv', '2026-01-06 09:28:40'),
(1371, 5, '2026-01-05 12:00:00', 27.80, NULL, 84, 2, NULL, NULL, NULL, 'csv', '2026-01-06 09:28:40'),
(1372, 5, '2026-01-06 12:00:00', 46.20, NULL, 127, 3, NULL, NULL, NULL, 'csv', '2026-01-06 09:28:40'),
(1373, 5, '2026-01-07 12:00:00', 88.50, NULL, 168, 4, NULL, NULL, NULL, 'csv', '2026-01-06 09:28:40'),
(1374, 5, '2026-01-08 12:00:00', 93.40, NULL, 170, 4, NULL, NULL, NULL, 'csv', '2026-01-06 09:28:40'),
(1375, 5, '2026-01-09 12:00:00', 102.90, NULL, 175, 4, NULL, NULL, NULL, 'csv', '2026-01-06 09:28:40'),
(1376, 6, '2026-01-05 12:00:00', 30.70, NULL, 90, 2, NULL, NULL, NULL, 'csv', '2026-01-06 09:28:40'),
(1377, 6, '2026-01-06 12:00:00', 43.20, NULL, 119, 3, NULL, NULL, NULL, 'csv', '2026-01-06 09:28:40'),
(1378, 6, '2026-01-07 12:00:00', 109.40, NULL, 178, 4, NULL, NULL, NULL, 'csv', '2026-01-06 09:28:40'),
(1379, 6, '2026-01-08 12:00:00', 108.00, NULL, 178, 4, NULL, NULL, NULL, 'csv', '2026-01-06 09:28:40'),
(1380, 6, '2026-01-09 12:00:00', 93.60, NULL, 170, 4, NULL, NULL, NULL, 'csv', '2026-01-06 09:28:40'),
(1381, 7, '2026-01-05 12:00:00', 30.70, NULL, 90, 2, NULL, NULL, NULL, 'csv', '2026-01-06 09:28:40'),
(1382, 7, '2026-01-06 12:00:00', 43.20, NULL, 119, 3, NULL, NULL, NULL, 'csv', '2026-01-06 09:28:40'),
(1383, 7, '2026-01-07 12:00:00', 109.40, NULL, 178, 4, NULL, NULL, NULL, 'csv', '2026-01-06 09:28:40'),
(1384, 7, '2026-01-08 12:00:00', 108.00, NULL, 178, 4, NULL, NULL, NULL, 'csv', '2026-01-06 09:28:40'),
(1385, 7, '2026-01-09 12:00:00', 93.60, NULL, 170, 4, NULL, NULL, NULL, 'csv', '2026-01-06 09:28:40'),
(1386, 8, '2026-01-05 12:00:00', 19.60, NULL, 66, 2, NULL, NULL, NULL, 'csv', '2026-01-06 09:28:40'),
(1387, 8, '2026-01-06 12:00:00', 48.10, NULL, 132, 3, NULL, NULL, NULL, 'csv', '2026-01-06 09:28:40'),
(1388, 8, '2026-01-07 12:00:00', 93.80, NULL, 170, 4, NULL, NULL, NULL, 'csv', '2026-01-06 09:28:40'),
(1389, 8, '2026-01-08 12:00:00', 102.40, NULL, 175, 4, NULL, NULL, NULL, 'csv', '2026-01-06 09:28:40'),
(1390, 8, '2026-01-09 12:00:00', 106.90, NULL, 177, 4, NULL, NULL, NULL, 'csv', '2026-01-06 09:28:40'),
(1391, 9, '2026-01-05 12:00:00', 27.80, NULL, 84, 2, NULL, NULL, NULL, 'csv', '2026-01-06 09:28:40'),
(1392, 9, '2026-01-06 12:00:00', 46.20, NULL, 127, 3, NULL, NULL, NULL, 'csv', '2026-01-06 09:28:40'),
(1393, 9, '2026-01-07 12:00:00', 88.50, NULL, 168, 4, NULL, NULL, NULL, 'csv', '2026-01-06 09:28:40'),
(1394, 9, '2026-01-08 12:00:00', 93.40, NULL, 170, 4, NULL, NULL, NULL, 'csv', '2026-01-06 09:28:40'),
(1395, 9, '2026-01-09 12:00:00', 102.90, NULL, 175, 4, NULL, NULL, NULL, 'csv', '2026-01-06 09:28:40'),
(1396, 10, '2026-01-05 12:00:00', 27.80, NULL, 84, 2, NULL, NULL, NULL, 'csv', '2026-01-06 09:28:40'),
(1397, 10, '2026-01-06 12:00:00', 46.20, NULL, 127, 3, NULL, NULL, NULL, 'csv', '2026-01-06 09:28:40'),
(1398, 10, '2026-01-07 12:00:00', 88.50, NULL, 168, 4, NULL, NULL, NULL, 'csv', '2026-01-06 09:28:40'),
(1399, 10, '2026-01-08 12:00:00', 93.40, NULL, 170, 4, NULL, NULL, NULL, 'csv', '2026-01-06 09:28:40'),
(1400, 10, '2026-01-09 12:00:00', 102.90, NULL, 175, 4, NULL, NULL, NULL, 'csv', '2026-01-06 09:28:40'),
(1401, 11, '2026-01-05 12:00:00', 19.60, NULL, 66, 2, NULL, NULL, NULL, 'csv', '2026-01-06 09:28:40'),
(1402, 11, '2026-01-06 12:00:00', 48.10, NULL, 132, 3, NULL, NULL, NULL, 'csv', '2026-01-06 09:28:40'),
(1403, 11, '2026-01-07 12:00:00', 93.80, NULL, 170, 4, NULL, NULL, NULL, 'csv', '2026-01-06 09:28:40'),
(1404, 11, '2026-01-08 12:00:00', 102.40, NULL, 175, 4, NULL, NULL, NULL, 'csv', '2026-01-06 09:28:40'),
(1405, 11, '2026-01-09 12:00:00', 106.90, NULL, 177, 4, NULL, NULL, NULL, 'csv', '2026-01-06 09:28:40'),
(1406, 12, '2026-01-05 12:00:00', 33.50, NULL, 96, 2, NULL, NULL, NULL, 'csv', '2026-01-06 09:28:40'),
(1407, 12, '2026-01-06 12:00:00', 39.30, NULL, 110, 3, NULL, NULL, NULL, 'csv', '2026-01-06 09:28:40'),
(1408, 12, '2026-01-07 12:00:00', 76.80, NULL, 161, 4, NULL, NULL, NULL, 'csv', '2026-01-06 09:28:40'),
(1409, 12, '2026-01-08 12:00:00', 77.80, NULL, 162, 4, NULL, NULL, NULL, 'csv', '2026-01-06 09:28:40'),
(1410, 12, '2026-01-09 12:00:00', 85.70, NULL, 166, 4, NULL, NULL, NULL, 'csv', '2026-01-06 09:28:40'),
(1411, 13, '2026-01-05 12:00:00', 27.80, NULL, 84, 2, NULL, NULL, NULL, 'csv', '2026-01-06 09:28:40'),
(1412, 13, '2026-01-06 12:00:00', 46.20, NULL, 127, 3, NULL, NULL, NULL, 'csv', '2026-01-06 09:28:40'),
(1413, 13, '2026-01-07 12:00:00', 88.50, NULL, 168, 4, NULL, NULL, NULL, 'csv', '2026-01-06 09:28:40'),
(1414, 13, '2026-01-08 12:00:00', 93.40, NULL, 170, 4, NULL, NULL, NULL, 'csv', '2026-01-06 09:28:40'),
(1415, 13, '2026-01-09 12:00:00', 102.90, NULL, 175, 4, NULL, NULL, NULL, 'csv', '2026-01-06 09:28:40'),
(1416, 14, '2026-01-05 12:00:00', 21.10, NULL, 69, 2, NULL, NULL, NULL, 'csv', '2026-01-06 09:28:40'),
(1417, 14, '2026-01-06 12:00:00', 33.60, NULL, 96, 2, NULL, NULL, NULL, 'csv', '2026-01-06 09:28:40'),
(1418, 14, '2026-01-07 12:00:00', 54.80, NULL, 148, 3, NULL, NULL, NULL, 'csv', '2026-01-06 09:28:40'),
(1419, 14, '2026-01-08 12:00:00', 59.00, NULL, 152, 4, NULL, NULL, NULL, 'csv', '2026-01-06 09:28:40'),
(1420, 14, '2026-01-09 12:00:00', 73.10, NULL, 160, 4, NULL, NULL, NULL, 'csv', '2026-01-06 09:28:40'),
(1421, 15, '2026-01-05 12:00:00', 33.50, NULL, 96, 2, NULL, NULL, NULL, 'csv', '2026-01-06 09:28:40'),
(1422, 15, '2026-01-06 12:00:00', 39.30, NULL, 110, 3, NULL, NULL, NULL, 'csv', '2026-01-06 09:28:40'),
(1423, 15, '2026-01-07 12:00:00', 76.80, NULL, 161, 4, NULL, NULL, NULL, 'csv', '2026-01-06 09:28:40'),
(1424, 15, '2026-01-08 12:00:00', 77.80, NULL, 162, 4, NULL, NULL, NULL, 'csv', '2026-01-06 09:28:40'),
(1425, 15, '2026-01-09 12:00:00', 85.70, NULL, 166, 4, NULL, NULL, NULL, 'csv', '2026-01-06 09:28:40'),
(1426, 16, '2026-01-05 12:00:00', 27.80, NULL, 84, 2, NULL, NULL, NULL, 'csv', '2026-01-06 09:28:40'),
(1427, 16, '2026-01-06 12:00:00', 46.20, NULL, 127, 3, NULL, NULL, NULL, 'csv', '2026-01-06 09:28:40'),
(1428, 16, '2026-01-07 12:00:00', 88.50, NULL, 168, 4, NULL, NULL, NULL, 'csv', '2026-01-06 09:28:40'),
(1429, 16, '2026-01-08 12:00:00', 93.40, NULL, 170, 4, NULL, NULL, NULL, 'csv', '2026-01-06 09:28:40'),
(1430, 16, '2026-01-09 12:00:00', 102.90, NULL, 175, 4, NULL, NULL, NULL, 'csv', '2026-01-06 09:28:40'),
(1431, 17, '2026-01-05 12:00:00', 19.60, NULL, 66, 2, NULL, NULL, NULL, 'csv', '2026-01-06 09:28:40'),
(1432, 17, '2026-01-06 12:00:00', 48.10, NULL, 132, 3, NULL, NULL, NULL, 'csv', '2026-01-06 09:28:40'),
(1433, 17, '2026-01-07 12:00:00', 93.80, NULL, 170, 4, NULL, NULL, NULL, 'csv', '2026-01-06 09:28:40'),
(1434, 17, '2026-01-08 12:00:00', 102.40, NULL, 175, 4, NULL, NULL, NULL, 'csv', '2026-01-06 09:28:40'),
(1435, 17, '2026-01-09 12:00:00', 106.90, NULL, 177, 4, NULL, NULL, NULL, 'csv', '2026-01-06 09:28:40'),
(1436, 18, '2026-01-05 12:00:00', 19.60, NULL, 66, 2, NULL, NULL, NULL, 'csv', '2026-01-06 09:28:40'),
(1437, 18, '2026-01-06 12:00:00', 48.10, NULL, 132, 3, NULL, NULL, NULL, 'csv', '2026-01-06 09:28:40'),
(1438, 18, '2026-01-07 12:00:00', 93.80, NULL, 170, 4, NULL, NULL, NULL, 'csv', '2026-01-06 09:28:40'),
(1439, 18, '2026-01-08 12:00:00', 102.40, NULL, 175, 4, NULL, NULL, NULL, 'csv', '2026-01-06 09:28:40'),
(1440, 18, '2026-01-09 12:00:00', 106.90, NULL, 177, 4, NULL, NULL, NULL, 'csv', '2026-01-06 09:28:40'),
(1441, 19, '2026-01-05 12:00:00', 27.80, NULL, 84, 2, NULL, NULL, NULL, 'csv', '2026-01-06 09:28:40'),
(1442, 19, '2026-01-06 12:00:00', 46.20, NULL, 127, 3, NULL, NULL, NULL, 'csv', '2026-01-06 09:28:40'),
(1443, 19, '2026-01-07 12:00:00', 88.50, NULL, 168, 4, NULL, NULL, NULL, 'csv', '2026-01-06 09:28:40'),
(1444, 19, '2026-01-08 12:00:00', 93.40, NULL, 170, 4, NULL, NULL, NULL, 'csv', '2026-01-06 09:28:40'),
(1445, 19, '2026-01-09 12:00:00', 102.90, NULL, 175, 4, NULL, NULL, NULL, 'csv', '2026-01-06 09:28:40'),
(1446, 20, '2026-01-05 12:00:00', 27.80, NULL, 84, 2, NULL, NULL, NULL, 'csv', '2026-01-06 09:28:40'),
(1447, 20, '2026-01-06 12:00:00', 46.20, NULL, 127, 3, NULL, NULL, NULL, 'csv', '2026-01-06 09:28:40'),
(1448, 20, '2026-01-07 12:00:00', 88.50, NULL, 168, 4, NULL, NULL, NULL, 'csv', '2026-01-06 09:28:40'),
(1449, 20, '2026-01-08 12:00:00', 93.40, NULL, 170, 4, NULL, NULL, NULL, 'csv', '2026-01-06 09:28:40'),
(1450, 20, '2026-01-09 12:00:00', 102.90, NULL, 175, 4, NULL, NULL, NULL, 'csv', '2026-01-06 09:28:40'),
(1451, 21, '2026-01-05 12:00:00', 33.50, NULL, 96, 2, NULL, NULL, NULL, 'csv', '2026-01-06 09:28:40'),
(1452, 21, '2026-01-06 12:00:00', 39.30, NULL, 110, 3, NULL, NULL, NULL, 'csv', '2026-01-06 09:28:40'),
(1453, 21, '2026-01-07 12:00:00', 76.80, NULL, 161, 4, NULL, NULL, NULL, 'csv', '2026-01-06 09:28:40'),
(1454, 21, '2026-01-08 12:00:00', 77.80, NULL, 162, 4, NULL, NULL, NULL, 'csv', '2026-01-06 09:28:40'),
(1455, 21, '2026-01-09 12:00:00', 85.70, NULL, 166, 4, NULL, NULL, NULL, 'csv', '2026-01-06 09:28:40'),
(1456, 22, '2026-01-05 12:00:00', 27.80, NULL, 84, 2, NULL, NULL, NULL, 'csv', '2026-01-06 09:28:40'),
(1457, 22, '2026-01-06 12:00:00', 46.20, NULL, 127, 3, NULL, NULL, NULL, 'csv', '2026-01-06 09:28:40'),
(1458, 22, '2026-01-07 12:00:00', 88.50, NULL, 168, 4, NULL, NULL, NULL, 'csv', '2026-01-06 09:28:40'),
(1459, 22, '2026-01-08 12:00:00', 93.40, NULL, 170, 4, NULL, NULL, NULL, 'csv', '2026-01-06 09:28:40'),
(1460, 22, '2026-01-09 12:00:00', 102.90, NULL, 175, 4, NULL, NULL, NULL, 'csv', '2026-01-06 09:28:40'),
(1461, 23, '2026-01-05 12:00:00', 30.70, NULL, 90, 2, NULL, NULL, NULL, 'csv', '2026-01-06 09:28:40'),
(1462, 23, '2026-01-06 12:00:00', 43.20, NULL, 119, 3, NULL, NULL, NULL, 'csv', '2026-01-06 09:28:40'),
(1463, 23, '2026-01-07 12:00:00', 109.40, NULL, 178, 4, NULL, NULL, NULL, 'csv', '2026-01-06 09:28:40'),
(1464, 23, '2026-01-08 12:00:00', 108.00, NULL, 178, 4, NULL, NULL, NULL, 'csv', '2026-01-06 09:28:40'),
(1465, 23, '2026-01-09 12:00:00', 93.60, NULL, 170, 4, NULL, NULL, NULL, 'csv', '2026-01-06 09:28:40'),
(1466, 24, '2026-01-05 12:00:00', 33.50, NULL, 96, 2, NULL, NULL, NULL, 'csv', '2026-01-06 09:28:40'),
(1467, 24, '2026-01-06 12:00:00', 39.30, NULL, 110, 3, NULL, NULL, NULL, 'csv', '2026-01-06 09:28:40'),
(1468, 24, '2026-01-07 12:00:00', 76.80, NULL, 161, 4, NULL, NULL, NULL, 'csv', '2026-01-06 09:28:40'),
(1469, 24, '2026-01-08 12:00:00', 77.80, NULL, 162, 4, NULL, NULL, NULL, 'csv', '2026-01-06 09:28:40'),
(1470, 24, '2026-01-09 12:00:00', 85.70, NULL, 166, 4, NULL, NULL, NULL, 'csv', '2026-01-06 09:28:40'),
(1471, 25, '2026-01-05 12:00:00', 27.80, NULL, 84, 2, NULL, NULL, NULL, 'csv', '2026-01-06 09:28:40'),
(1472, 25, '2026-01-06 12:00:00', 46.20, NULL, 127, 3, NULL, NULL, NULL, 'csv', '2026-01-06 09:28:40'),
(1473, 25, '2026-01-07 12:00:00', 88.50, NULL, 168, 4, NULL, NULL, NULL, 'csv', '2026-01-06 09:28:40'),
(1474, 25, '2026-01-08 12:00:00', 93.40, NULL, 170, 4, NULL, NULL, NULL, 'csv', '2026-01-06 09:28:40'),
(1475, 25, '2026-01-09 12:00:00', 102.90, NULL, 175, 4, NULL, NULL, NULL, 'csv', '2026-01-06 09:28:40');
INSERT INTO `fact_forecast` (`forecast_id`, `district_id`, `forecast_datetime`, `pm25_forecast`, `pm10_forecast`, `aqi_forecast`, `aqi_level_id`, `temperature_forecast`, `humidity_forecast`, `confidence`, `source`, `created_at`) VALUES
(1476, 26, '2026-01-05 12:00:00', 33.50, NULL, 96, 2, NULL, NULL, NULL, 'csv', '2026-01-06 09:28:40'),
(1477, 26, '2026-01-06 12:00:00', 39.30, NULL, 110, 3, NULL, NULL, NULL, 'csv', '2026-01-06 09:28:40'),
(1478, 26, '2026-01-07 12:00:00', 76.80, NULL, 161, 4, NULL, NULL, NULL, 'csv', '2026-01-06 09:28:40'),
(1479, 26, '2026-01-08 12:00:00', 77.80, NULL, 162, 4, NULL, NULL, NULL, 'csv', '2026-01-06 09:28:40'),
(1480, 26, '2026-01-09 12:00:00', 85.70, NULL, 166, 4, NULL, NULL, NULL, 'csv', '2026-01-06 09:28:40'),
(1481, 27, '2026-01-05 12:00:00', 30.70, NULL, 90, 2, NULL, NULL, NULL, 'csv', '2026-01-06 09:28:40'),
(1482, 27, '2026-01-06 12:00:00', 43.20, NULL, 119, 3, NULL, NULL, NULL, 'csv', '2026-01-06 09:28:40'),
(1483, 27, '2026-01-07 12:00:00', 109.40, NULL, 178, 4, NULL, NULL, NULL, 'csv', '2026-01-06 09:28:40'),
(1484, 27, '2026-01-08 12:00:00', 108.00, NULL, 178, 4, NULL, NULL, NULL, 'csv', '2026-01-06 09:28:40'),
(1485, 27, '2026-01-09 12:00:00', 93.60, NULL, 170, 4, NULL, NULL, NULL, 'csv', '2026-01-06 09:28:40'),
(1486, 28, '2026-01-05 12:00:00', 30.70, NULL, 90, 2, NULL, NULL, NULL, 'csv', '2026-01-06 09:28:40'),
(1487, 28, '2026-01-06 12:00:00', 43.20, NULL, 119, 3, NULL, NULL, NULL, 'csv', '2026-01-06 09:28:40'),
(1488, 28, '2026-01-07 12:00:00', 109.40, NULL, 178, 4, NULL, NULL, NULL, 'csv', '2026-01-06 09:28:40'),
(1489, 28, '2026-01-08 12:00:00', 108.00, NULL, 178, 4, NULL, NULL, NULL, 'csv', '2026-01-06 09:28:40'),
(1490, 28, '2026-01-09 12:00:00', 93.60, NULL, 170, 4, NULL, NULL, NULL, 'csv', '2026-01-06 09:28:40'),
(1491, 29, '2026-01-05 12:00:00', 33.50, NULL, 96, 2, NULL, NULL, NULL, 'csv', '2026-01-06 09:28:40'),
(1492, 29, '2026-01-06 12:00:00', 39.30, NULL, 110, 3, NULL, NULL, NULL, 'csv', '2026-01-06 09:28:40'),
(1493, 29, '2026-01-07 12:00:00', 76.80, NULL, 161, 4, NULL, NULL, NULL, 'csv', '2026-01-06 09:28:40'),
(1494, 29, '2026-01-08 12:00:00', 77.80, NULL, 162, 4, NULL, NULL, NULL, 'csv', '2026-01-06 09:28:40'),
(1495, 29, '2026-01-09 12:00:00', 85.70, NULL, 166, 4, NULL, NULL, NULL, 'csv', '2026-01-06 09:28:40'),
(1496, 30, '2026-01-05 12:00:00', 19.60, NULL, 66, 2, NULL, NULL, NULL, 'csv', '2026-01-06 09:28:40'),
(1497, 30, '2026-01-06 12:00:00', 48.10, NULL, 132, 3, NULL, NULL, NULL, 'csv', '2026-01-06 09:28:40'),
(1498, 30, '2026-01-07 12:00:00', 93.80, NULL, 170, 4, NULL, NULL, NULL, 'csv', '2026-01-06 09:28:40'),
(1499, 30, '2026-01-08 12:00:00', 102.40, NULL, 175, 4, NULL, NULL, NULL, 'csv', '2026-01-06 09:28:40'),
(1500, 30, '2026-01-09 12:00:00', 106.90, NULL, 177, 4, NULL, NULL, NULL, 'csv', '2026-01-06 09:28:40'),
(1501, 1, '2026-01-06 12:00:00', 44.90, NULL, 124, 3, NULL, NULL, NULL, 'csv', '2026-01-06 09:35:47'),
(1502, 1, '2026-01-07 12:00:00', 106.20, NULL, 177, 4, NULL, NULL, NULL, 'csv', '2026-01-06 09:35:47'),
(1503, 1, '2026-01-08 12:00:00', 109.40, NULL, 178, 4, NULL, NULL, NULL, 'csv', '2026-01-06 09:35:47'),
(1504, 1, '2026-01-09 12:00:00', 113.20, NULL, 180, 4, NULL, NULL, NULL, 'csv', '2026-01-06 09:35:47'),
(1505, 1, '2026-01-10 12:00:00', 134.60, NULL, 191, 4, NULL, NULL, NULL, 'csv', '2026-01-06 09:35:47'),
(1506, 2, '2026-01-06 12:00:00', 44.90, NULL, 124, 3, NULL, NULL, NULL, 'csv', '2026-01-06 09:35:47'),
(1507, 2, '2026-01-07 12:00:00', 106.20, NULL, 177, 4, NULL, NULL, NULL, 'csv', '2026-01-06 09:35:47'),
(1508, 2, '2026-01-08 12:00:00', 109.40, NULL, 178, 4, NULL, NULL, NULL, 'csv', '2026-01-06 09:35:47'),
(1509, 2, '2026-01-09 12:00:00', 113.20, NULL, 180, 4, NULL, NULL, NULL, 'csv', '2026-01-06 09:35:47'),
(1510, 2, '2026-01-10 12:00:00', 134.60, NULL, 191, 4, NULL, NULL, NULL, 'csv', '2026-01-06 09:35:47'),
(1511, 3, '2026-01-06 12:00:00', 44.90, NULL, 124, 3, NULL, NULL, NULL, 'csv', '2026-01-06 09:35:47'),
(1512, 3, '2026-01-07 12:00:00', 106.20, NULL, 177, 4, NULL, NULL, NULL, 'csv', '2026-01-06 09:35:47'),
(1513, 3, '2026-01-08 12:00:00', 109.40, NULL, 178, 4, NULL, NULL, NULL, 'csv', '2026-01-06 09:35:47'),
(1514, 3, '2026-01-09 12:00:00', 113.20, NULL, 180, 4, NULL, NULL, NULL, 'csv', '2026-01-06 09:35:47'),
(1515, 3, '2026-01-10 12:00:00', 134.60, NULL, 191, 4, NULL, NULL, NULL, 'csv', '2026-01-06 09:35:47'),
(1516, 4, '2026-01-06 12:00:00', 44.90, NULL, 124, 3, NULL, NULL, NULL, 'csv', '2026-01-06 09:35:47'),
(1517, 4, '2026-01-07 12:00:00', 106.20, NULL, 177, 4, NULL, NULL, NULL, 'csv', '2026-01-06 09:35:47'),
(1518, 4, '2026-01-08 12:00:00', 109.40, NULL, 178, 4, NULL, NULL, NULL, 'csv', '2026-01-06 09:35:47'),
(1519, 4, '2026-01-09 12:00:00', 113.20, NULL, 180, 4, NULL, NULL, NULL, 'csv', '2026-01-06 09:35:47'),
(1520, 4, '2026-01-10 12:00:00', 134.60, NULL, 191, 4, NULL, NULL, NULL, 'csv', '2026-01-06 09:35:47'),
(1521, 5, '2026-01-06 12:00:00', 45.30, NULL, 125, 3, NULL, NULL, NULL, 'csv', '2026-01-06 09:35:47'),
(1522, 5, '2026-01-07 12:00:00', 94.30, NULL, 171, 4, NULL, NULL, NULL, 'csv', '2026-01-06 09:35:47'),
(1523, 5, '2026-01-08 12:00:00', 96.60, NULL, 172, 4, NULL, NULL, NULL, 'csv', '2026-01-06 09:35:47'),
(1524, 5, '2026-01-09 12:00:00', 110.40, NULL, 179, 4, NULL, NULL, NULL, 'csv', '2026-01-06 09:35:47'),
(1525, 5, '2026-01-10 12:00:00', 132.70, NULL, 190, 4, NULL, NULL, NULL, 'csv', '2026-01-06 09:35:47'),
(1526, 6, '2026-01-06 12:00:00', 38.30, NULL, 107, 3, NULL, NULL, NULL, 'csv', '2026-01-06 09:35:47'),
(1527, 6, '2026-01-07 12:00:00', 113.60, NULL, 180, 4, NULL, NULL, NULL, 'csv', '2026-01-06 09:35:47'),
(1528, 6, '2026-01-08 12:00:00', 116.20, NULL, 182, 4, NULL, NULL, NULL, 'csv', '2026-01-06 09:35:47'),
(1529, 6, '2026-01-09 12:00:00', 112.20, NULL, 180, 4, NULL, NULL, NULL, 'csv', '2026-01-06 09:35:47'),
(1530, 6, '2026-01-10 12:00:00', 117.80, NULL, 183, 4, NULL, NULL, NULL, 'csv', '2026-01-06 09:35:47'),
(1531, 7, '2026-01-06 12:00:00', 38.30, NULL, 107, 3, NULL, NULL, NULL, 'csv', '2026-01-06 09:35:47'),
(1532, 7, '2026-01-07 12:00:00', 113.60, NULL, 180, 4, NULL, NULL, NULL, 'csv', '2026-01-06 09:35:47'),
(1533, 7, '2026-01-08 12:00:00', 116.20, NULL, 182, 4, NULL, NULL, NULL, 'csv', '2026-01-06 09:35:47'),
(1534, 7, '2026-01-09 12:00:00', 112.20, NULL, 180, 4, NULL, NULL, NULL, 'csv', '2026-01-06 09:35:47'),
(1535, 7, '2026-01-10 12:00:00', 117.80, NULL, 183, 4, NULL, NULL, NULL, 'csv', '2026-01-06 09:35:47'),
(1536, 8, '2026-01-06 12:00:00', 44.90, NULL, 124, 3, NULL, NULL, NULL, 'csv', '2026-01-06 09:35:47'),
(1537, 8, '2026-01-07 12:00:00', 106.20, NULL, 177, 4, NULL, NULL, NULL, 'csv', '2026-01-06 09:35:47'),
(1538, 8, '2026-01-08 12:00:00', 109.40, NULL, 178, 4, NULL, NULL, NULL, 'csv', '2026-01-06 09:35:47'),
(1539, 8, '2026-01-09 12:00:00', 113.20, NULL, 180, 4, NULL, NULL, NULL, 'csv', '2026-01-06 09:35:47'),
(1540, 8, '2026-01-10 12:00:00', 134.60, NULL, 191, 4, NULL, NULL, NULL, 'csv', '2026-01-06 09:35:47'),
(1541, 9, '2026-01-06 12:00:00', 45.30, NULL, 125, 3, NULL, NULL, NULL, 'csv', '2026-01-06 09:35:47'),
(1542, 9, '2026-01-07 12:00:00', 94.30, NULL, 171, 4, NULL, NULL, NULL, 'csv', '2026-01-06 09:35:47'),
(1543, 9, '2026-01-08 12:00:00', 96.60, NULL, 172, 4, NULL, NULL, NULL, 'csv', '2026-01-06 09:35:47'),
(1544, 9, '2026-01-09 12:00:00', 110.40, NULL, 179, 4, NULL, NULL, NULL, 'csv', '2026-01-06 09:35:47'),
(1545, 9, '2026-01-10 12:00:00', 132.70, NULL, 190, 4, NULL, NULL, NULL, 'csv', '2026-01-06 09:35:47'),
(1546, 10, '2026-01-06 12:00:00', 45.30, NULL, 125, 3, NULL, NULL, NULL, 'csv', '2026-01-06 09:35:47'),
(1547, 10, '2026-01-07 12:00:00', 94.30, NULL, 171, 4, NULL, NULL, NULL, 'csv', '2026-01-06 09:35:47'),
(1548, 10, '2026-01-08 12:00:00', 96.60, NULL, 172, 4, NULL, NULL, NULL, 'csv', '2026-01-06 09:35:47'),
(1549, 10, '2026-01-09 12:00:00', 110.40, NULL, 179, 4, NULL, NULL, NULL, 'csv', '2026-01-06 09:35:47'),
(1550, 10, '2026-01-10 12:00:00', 132.70, NULL, 190, 4, NULL, NULL, NULL, 'csv', '2026-01-06 09:35:47'),
(1551, 11, '2026-01-06 12:00:00', 44.90, NULL, 124, 3, NULL, NULL, NULL, 'csv', '2026-01-06 09:35:47'),
(1552, 11, '2026-01-07 12:00:00', 106.20, NULL, 177, 4, NULL, NULL, NULL, 'csv', '2026-01-06 09:35:47'),
(1553, 11, '2026-01-08 12:00:00', 109.40, NULL, 178, 4, NULL, NULL, NULL, 'csv', '2026-01-06 09:35:47'),
(1554, 11, '2026-01-09 12:00:00', 113.20, NULL, 180, 4, NULL, NULL, NULL, 'csv', '2026-01-06 09:35:47'),
(1555, 11, '2026-01-10 12:00:00', 134.60, NULL, 191, 4, NULL, NULL, NULL, 'csv', '2026-01-06 09:35:47'),
(1556, 12, '2026-01-06 12:00:00', 38.10, NULL, 107, 3, NULL, NULL, NULL, 'csv', '2026-01-06 09:35:47'),
(1557, 12, '2026-01-07 12:00:00', 79.40, NULL, 163, 4, NULL, NULL, NULL, 'csv', '2026-01-06 09:35:47'),
(1558, 12, '2026-01-08 12:00:00', 84.50, NULL, 165, 4, NULL, NULL, NULL, 'csv', '2026-01-06 09:35:47'),
(1559, 12, '2026-01-09 12:00:00', 94.10, NULL, 170, 4, NULL, NULL, NULL, 'csv', '2026-01-06 09:35:47'),
(1560, 12, '2026-01-10 12:00:00', 106.90, NULL, 177, 4, NULL, NULL, NULL, 'csv', '2026-01-06 09:35:47'),
(1561, 13, '2026-01-06 12:00:00', 45.30, NULL, 125, 3, NULL, NULL, NULL, 'csv', '2026-01-06 09:35:47'),
(1562, 13, '2026-01-07 12:00:00', 94.30, NULL, 171, 4, NULL, NULL, NULL, 'csv', '2026-01-06 09:35:47'),
(1563, 13, '2026-01-08 12:00:00', 96.60, NULL, 172, 4, NULL, NULL, NULL, 'csv', '2026-01-06 09:35:47'),
(1564, 13, '2026-01-09 12:00:00', 110.40, NULL, 179, 4, NULL, NULL, NULL, 'csv', '2026-01-06 09:35:47'),
(1565, 13, '2026-01-10 12:00:00', 132.70, NULL, 190, 4, NULL, NULL, NULL, 'csv', '2026-01-06 09:35:47'),
(1566, 14, '2026-01-06 12:00:00', 32.60, NULL, 94, 2, NULL, NULL, NULL, 'csv', '2026-01-06 09:35:47'),
(1567, 14, '2026-01-07 12:00:00', 56.30, NULL, 151, 4, NULL, NULL, NULL, 'csv', '2026-01-06 09:35:47'),
(1568, 14, '2026-01-08 12:00:00', 61.20, NULL, 153, 4, NULL, NULL, NULL, 'csv', '2026-01-06 09:35:47'),
(1569, 14, '2026-01-09 12:00:00', 81.50, NULL, 164, 4, NULL, NULL, NULL, 'csv', '2026-01-06 09:35:47'),
(1570, 14, '2026-01-10 12:00:00', 94.10, NULL, 170, 4, NULL, NULL, NULL, 'csv', '2026-01-06 09:35:47'),
(1571, 15, '2026-01-06 12:00:00', 38.10, NULL, 107, 3, NULL, NULL, NULL, 'csv', '2026-01-06 09:35:47'),
(1572, 15, '2026-01-07 12:00:00', 79.40, NULL, 163, 4, NULL, NULL, NULL, 'csv', '2026-01-06 09:35:47'),
(1573, 15, '2026-01-08 12:00:00', 84.50, NULL, 165, 4, NULL, NULL, NULL, 'csv', '2026-01-06 09:35:47'),
(1574, 15, '2026-01-09 12:00:00', 94.10, NULL, 170, 4, NULL, NULL, NULL, 'csv', '2026-01-06 09:35:47'),
(1575, 15, '2026-01-10 12:00:00', 106.90, NULL, 177, 4, NULL, NULL, NULL, 'csv', '2026-01-06 09:35:47'),
(1576, 16, '2026-01-06 12:00:00', 45.30, NULL, 125, 3, NULL, NULL, NULL, 'csv', '2026-01-06 09:35:47'),
(1577, 16, '2026-01-07 12:00:00', 94.30, NULL, 171, 4, NULL, NULL, NULL, 'csv', '2026-01-06 09:35:47'),
(1578, 16, '2026-01-08 12:00:00', 96.60, NULL, 172, 4, NULL, NULL, NULL, 'csv', '2026-01-06 09:35:47'),
(1579, 16, '2026-01-09 12:00:00', 110.40, NULL, 179, 4, NULL, NULL, NULL, 'csv', '2026-01-06 09:35:47'),
(1580, 16, '2026-01-10 12:00:00', 132.70, NULL, 190, 4, NULL, NULL, NULL, 'csv', '2026-01-06 09:35:47'),
(1581, 17, '2026-01-06 12:00:00', 44.90, NULL, 124, 3, NULL, NULL, NULL, 'csv', '2026-01-06 09:35:47'),
(1582, 17, '2026-01-07 12:00:00', 106.20, NULL, 177, 4, NULL, NULL, NULL, 'csv', '2026-01-06 09:35:47'),
(1583, 17, '2026-01-08 12:00:00', 109.40, NULL, 178, 4, NULL, NULL, NULL, 'csv', '2026-01-06 09:35:47'),
(1584, 17, '2026-01-09 12:00:00', 113.20, NULL, 180, 4, NULL, NULL, NULL, 'csv', '2026-01-06 09:35:47'),
(1585, 17, '2026-01-10 12:00:00', 134.60, NULL, 191, 4, NULL, NULL, NULL, 'csv', '2026-01-06 09:35:47'),
(1586, 18, '2026-01-06 12:00:00', 44.90, NULL, 124, 3, NULL, NULL, NULL, 'csv', '2026-01-06 09:35:47'),
(1587, 18, '2026-01-07 12:00:00', 106.20, NULL, 177, 4, NULL, NULL, NULL, 'csv', '2026-01-06 09:35:47'),
(1588, 18, '2026-01-08 12:00:00', 109.40, NULL, 178, 4, NULL, NULL, NULL, 'csv', '2026-01-06 09:35:47'),
(1589, 18, '2026-01-09 12:00:00', 113.20, NULL, 180, 4, NULL, NULL, NULL, 'csv', '2026-01-06 09:35:47'),
(1590, 18, '2026-01-10 12:00:00', 134.60, NULL, 191, 4, NULL, NULL, NULL, 'csv', '2026-01-06 09:35:47'),
(1591, 19, '2026-01-06 12:00:00', 45.30, NULL, 125, 3, NULL, NULL, NULL, 'csv', '2026-01-06 09:35:47'),
(1592, 19, '2026-01-07 12:00:00', 94.30, NULL, 171, 4, NULL, NULL, NULL, 'csv', '2026-01-06 09:35:47'),
(1593, 19, '2026-01-08 12:00:00', 96.60, NULL, 172, 4, NULL, NULL, NULL, 'csv', '2026-01-06 09:35:47'),
(1594, 19, '2026-01-09 12:00:00', 110.40, NULL, 179, 4, NULL, NULL, NULL, 'csv', '2026-01-06 09:35:47'),
(1595, 19, '2026-01-10 12:00:00', 132.70, NULL, 190, 4, NULL, NULL, NULL, 'csv', '2026-01-06 09:35:47'),
(1596, 20, '2026-01-06 12:00:00', 45.30, NULL, 125, 3, NULL, NULL, NULL, 'csv', '2026-01-06 09:35:47'),
(1597, 20, '2026-01-07 12:00:00', 94.30, NULL, 171, 4, NULL, NULL, NULL, 'csv', '2026-01-06 09:35:47'),
(1598, 20, '2026-01-08 12:00:00', 96.60, NULL, 172, 4, NULL, NULL, NULL, 'csv', '2026-01-06 09:35:47'),
(1599, 20, '2026-01-09 12:00:00', 110.40, NULL, 179, 4, NULL, NULL, NULL, 'csv', '2026-01-06 09:35:47'),
(1600, 20, '2026-01-10 12:00:00', 132.70, NULL, 190, 4, NULL, NULL, NULL, 'csv', '2026-01-06 09:35:47'),
(1601, 21, '2026-01-06 12:00:00', 38.10, NULL, 107, 3, NULL, NULL, NULL, 'csv', '2026-01-06 09:35:47'),
(1602, 21, '2026-01-07 12:00:00', 79.40, NULL, 163, 4, NULL, NULL, NULL, 'csv', '2026-01-06 09:35:47'),
(1603, 21, '2026-01-08 12:00:00', 84.50, NULL, 165, 4, NULL, NULL, NULL, 'csv', '2026-01-06 09:35:47'),
(1604, 21, '2026-01-09 12:00:00', 94.10, NULL, 170, 4, NULL, NULL, NULL, 'csv', '2026-01-06 09:35:47'),
(1605, 21, '2026-01-10 12:00:00', 106.90, NULL, 177, 4, NULL, NULL, NULL, 'csv', '2026-01-06 09:35:47'),
(1606, 22, '2026-01-06 12:00:00', 45.30, NULL, 125, 3, NULL, NULL, NULL, 'csv', '2026-01-06 09:35:47'),
(1607, 22, '2026-01-07 12:00:00', 94.30, NULL, 171, 4, NULL, NULL, NULL, 'csv', '2026-01-06 09:35:47'),
(1608, 22, '2026-01-08 12:00:00', 96.60, NULL, 172, 4, NULL, NULL, NULL, 'csv', '2026-01-06 09:35:47'),
(1609, 22, '2026-01-09 12:00:00', 110.40, NULL, 179, 4, NULL, NULL, NULL, 'csv', '2026-01-06 09:35:47'),
(1610, 22, '2026-01-10 12:00:00', 132.70, NULL, 190, 4, NULL, NULL, NULL, 'csv', '2026-01-06 09:35:47'),
(1611, 23, '2026-01-06 12:00:00', 38.30, NULL, 107, 3, NULL, NULL, NULL, 'csv', '2026-01-06 09:35:47'),
(1612, 23, '2026-01-07 12:00:00', 113.60, NULL, 180, 4, NULL, NULL, NULL, 'csv', '2026-01-06 09:35:47'),
(1613, 23, '2026-01-08 12:00:00', 116.20, NULL, 182, 4, NULL, NULL, NULL, 'csv', '2026-01-06 09:35:47'),
(1614, 23, '2026-01-09 12:00:00', 112.20, NULL, 180, 4, NULL, NULL, NULL, 'csv', '2026-01-06 09:35:47'),
(1615, 23, '2026-01-10 12:00:00', 117.80, NULL, 183, 4, NULL, NULL, NULL, 'csv', '2026-01-06 09:35:47'),
(1616, 24, '2026-01-06 12:00:00', 38.10, NULL, 107, 3, NULL, NULL, NULL, 'csv', '2026-01-06 09:35:47'),
(1617, 24, '2026-01-07 12:00:00', 79.40, NULL, 163, 4, NULL, NULL, NULL, 'csv', '2026-01-06 09:35:47'),
(1618, 24, '2026-01-08 12:00:00', 84.50, NULL, 165, 4, NULL, NULL, NULL, 'csv', '2026-01-06 09:35:47'),
(1619, 24, '2026-01-09 12:00:00', 94.10, NULL, 170, 4, NULL, NULL, NULL, 'csv', '2026-01-06 09:35:47'),
(1620, 24, '2026-01-10 12:00:00', 106.90, NULL, 177, 4, NULL, NULL, NULL, 'csv', '2026-01-06 09:35:47'),
(1621, 25, '2026-01-06 12:00:00', 45.30, NULL, 125, 3, NULL, NULL, NULL, 'csv', '2026-01-06 09:35:47'),
(1622, 25, '2026-01-07 12:00:00', 94.30, NULL, 171, 4, NULL, NULL, NULL, 'csv', '2026-01-06 09:35:47'),
(1623, 25, '2026-01-08 12:00:00', 96.60, NULL, 172, 4, NULL, NULL, NULL, 'csv', '2026-01-06 09:35:47'),
(1624, 25, '2026-01-09 12:00:00', 110.40, NULL, 179, 4, NULL, NULL, NULL, 'csv', '2026-01-06 09:35:47'),
(1625, 25, '2026-01-10 12:00:00', 132.70, NULL, 190, 4, NULL, NULL, NULL, 'csv', '2026-01-06 09:35:47'),
(1626, 26, '2026-01-06 12:00:00', 38.10, NULL, 107, 3, NULL, NULL, NULL, 'csv', '2026-01-06 09:35:47'),
(1627, 26, '2026-01-07 12:00:00', 79.40, NULL, 163, 4, NULL, NULL, NULL, 'csv', '2026-01-06 09:35:47'),
(1628, 26, '2026-01-08 12:00:00', 84.50, NULL, 165, 4, NULL, NULL, NULL, 'csv', '2026-01-06 09:35:47'),
(1629, 26, '2026-01-09 12:00:00', 94.10, NULL, 170, 4, NULL, NULL, NULL, 'csv', '2026-01-06 09:35:47'),
(1630, 26, '2026-01-10 12:00:00', 106.90, NULL, 177, 4, NULL, NULL, NULL, 'csv', '2026-01-06 09:35:47'),
(1631, 27, '2026-01-06 12:00:00', 38.30, NULL, 107, 3, NULL, NULL, NULL, 'csv', '2026-01-06 09:35:47'),
(1632, 27, '2026-01-07 12:00:00', 113.60, NULL, 180, 4, NULL, NULL, NULL, 'csv', '2026-01-06 09:35:47'),
(1633, 27, '2026-01-08 12:00:00', 116.20, NULL, 182, 4, NULL, NULL, NULL, 'csv', '2026-01-06 09:35:47'),
(1634, 27, '2026-01-09 12:00:00', 112.20, NULL, 180, 4, NULL, NULL, NULL, 'csv', '2026-01-06 09:35:47'),
(1635, 27, '2026-01-10 12:00:00', 117.80, NULL, 183, 4, NULL, NULL, NULL, 'csv', '2026-01-06 09:35:47'),
(1636, 28, '2026-01-06 12:00:00', 38.30, NULL, 107, 3, NULL, NULL, NULL, 'csv', '2026-01-06 09:35:47'),
(1637, 28, '2026-01-07 12:00:00', 113.60, NULL, 180, 4, NULL, NULL, NULL, 'csv', '2026-01-06 09:35:47'),
(1638, 28, '2026-01-08 12:00:00', 116.20, NULL, 182, 4, NULL, NULL, NULL, 'csv', '2026-01-06 09:35:47'),
(1639, 28, '2026-01-09 12:00:00', 112.20, NULL, 180, 4, NULL, NULL, NULL, 'csv', '2026-01-06 09:35:47'),
(1640, 28, '2026-01-10 12:00:00', 117.80, NULL, 183, 4, NULL, NULL, NULL, 'csv', '2026-01-06 09:35:47'),
(1641, 29, '2026-01-06 12:00:00', 38.10, NULL, 107, 3, NULL, NULL, NULL, 'csv', '2026-01-06 09:35:47'),
(1642, 29, '2026-01-07 12:00:00', 79.40, NULL, 163, 4, NULL, NULL, NULL, 'csv', '2026-01-06 09:35:47'),
(1643, 29, '2026-01-08 12:00:00', 84.50, NULL, 165, 4, NULL, NULL, NULL, 'csv', '2026-01-06 09:35:47'),
(1644, 29, '2026-01-09 12:00:00', 94.10, NULL, 170, 4, NULL, NULL, NULL, 'csv', '2026-01-06 09:35:47'),
(1645, 29, '2026-01-10 12:00:00', 106.90, NULL, 177, 4, NULL, NULL, NULL, 'csv', '2026-01-06 09:35:47'),
(1646, 30, '2026-01-06 12:00:00', 44.90, NULL, 124, 3, NULL, NULL, NULL, 'csv', '2026-01-06 09:35:47'),
(1647, 30, '2026-01-07 12:00:00', 106.20, NULL, 177, 4, NULL, NULL, NULL, 'csv', '2026-01-06 09:35:47'),
(1648, 30, '2026-01-08 12:00:00', 109.40, NULL, 178, 4, NULL, NULL, NULL, 'csv', '2026-01-06 09:35:47'),
(1649, 30, '2026-01-09 12:00:00', 113.20, NULL, 180, 4, NULL, NULL, NULL, 'csv', '2026-01-06 09:35:47'),
(1650, 30, '2026-01-10 12:00:00', 134.60, NULL, 191, 4, NULL, NULL, NULL, 'csv', '2026-01-06 09:35:47'),
(1766, 1, '2026-01-14 12:00:00', 66.80, NULL, 156, 4, NULL, NULL, NULL, 'csv', '2026-01-14 11:54:09'),
(1767, 1, '2026-01-15 12:00:00', 105.20, NULL, 176, 4, NULL, NULL, NULL, 'csv', '2026-01-14 11:54:09'),
(1768, 1, '2026-01-16 12:00:00', 97.80, NULL, 172, 4, NULL, NULL, NULL, 'csv', '2026-01-14 11:54:09'),
(1769, 1, '2026-01-17 12:00:00', 63.30, NULL, 155, 4, NULL, NULL, NULL, 'csv', '2026-01-14 11:54:09'),
(1770, 1, '2026-01-18 12:00:00', 71.00, NULL, 159, 4, NULL, NULL, NULL, 'csv', '2026-01-14 11:54:09'),
(1771, 2, '2026-01-14 12:00:00', 66.80, NULL, 156, 4, NULL, NULL, NULL, 'csv', '2026-01-14 11:54:09'),
(1772, 2, '2026-01-15 12:00:00', 105.20, NULL, 176, 4, NULL, NULL, NULL, 'csv', '2026-01-14 11:54:09'),
(1773, 2, '2026-01-16 12:00:00', 97.80, NULL, 172, 4, NULL, NULL, NULL, 'csv', '2026-01-14 11:54:09'),
(1774, 2, '2026-01-17 12:00:00', 63.30, NULL, 155, 4, NULL, NULL, NULL, 'csv', '2026-01-14 11:54:09'),
(1775, 2, '2026-01-18 12:00:00', 71.00, NULL, 159, 4, NULL, NULL, NULL, 'csv', '2026-01-14 11:54:09'),
(1776, 3, '2026-01-14 12:00:00', 66.80, NULL, 156, 4, NULL, NULL, NULL, 'csv', '2026-01-14 11:54:09'),
(1777, 3, '2026-01-15 12:00:00', 105.20, NULL, 176, 4, NULL, NULL, NULL, 'csv', '2026-01-14 11:54:09'),
(1778, 3, '2026-01-16 12:00:00', 97.80, NULL, 172, 4, NULL, NULL, NULL, 'csv', '2026-01-14 11:54:09'),
(1779, 3, '2026-01-17 12:00:00', 63.30, NULL, 155, 4, NULL, NULL, NULL, 'csv', '2026-01-14 11:54:09'),
(1780, 3, '2026-01-18 12:00:00', 71.00, NULL, 159, 4, NULL, NULL, NULL, 'csv', '2026-01-14 11:54:09'),
(1781, 4, '2026-01-14 12:00:00', 66.80, NULL, 156, 4, NULL, NULL, NULL, 'csv', '2026-01-14 11:54:09'),
(1782, 4, '2026-01-15 12:00:00', 105.20, NULL, 176, 4, NULL, NULL, NULL, 'csv', '2026-01-14 11:54:09'),
(1783, 4, '2026-01-16 12:00:00', 97.80, NULL, 172, 4, NULL, NULL, NULL, 'csv', '2026-01-14 11:54:09'),
(1784, 4, '2026-01-17 12:00:00', 63.30, NULL, 155, 4, NULL, NULL, NULL, 'csv', '2026-01-14 11:54:09'),
(1785, 4, '2026-01-18 12:00:00', 71.00, NULL, 159, 4, NULL, NULL, NULL, 'csv', '2026-01-14 11:54:09'),
(1786, 5, '2026-01-14 12:00:00', 106.90, NULL, 177, 4, NULL, NULL, NULL, 'csv', '2026-01-14 11:54:09'),
(1787, 5, '2026-01-15 12:00:00', 111.30, NULL, 179, 4, NULL, NULL, NULL, 'csv', '2026-01-14 11:54:09'),
(1788, 5, '2026-01-16 12:00:00', 103.10, NULL, 175, 4, NULL, NULL, NULL, 'csv', '2026-01-14 11:54:09'),
(1789, 5, '2026-01-17 12:00:00', 72.20, NULL, 159, 4, NULL, NULL, NULL, 'csv', '2026-01-14 11:54:09'),
(1790, 5, '2026-01-18 12:00:00', 82.00, NULL, 164, 4, NULL, NULL, NULL, 'csv', '2026-01-14 11:54:09'),
(1791, 6, '2026-01-14 12:00:00', 42.50, NULL, 118, 3, NULL, NULL, NULL, 'csv', '2026-01-14 11:54:09'),
(1792, 6, '2026-01-15 12:00:00', 122.50, NULL, 185, 4, NULL, NULL, NULL, 'csv', '2026-01-14 11:54:09'),
(1793, 6, '2026-01-16 12:00:00', 60.10, NULL, 153, 4, NULL, NULL, NULL, 'csv', '2026-01-14 11:54:09'),
(1794, 6, '2026-01-17 12:00:00', 50.40, NULL, 137, 3, NULL, NULL, NULL, 'csv', '2026-01-14 11:54:09'),
(1795, 6, '2026-01-18 12:00:00', 48.20, NULL, 132, 3, NULL, NULL, NULL, 'csv', '2026-01-14 11:54:09'),
(1796, 7, '2026-01-14 12:00:00', 42.50, NULL, 118, 3, NULL, NULL, NULL, 'csv', '2026-01-14 11:54:09'),
(1797, 7, '2026-01-15 12:00:00', 122.50, NULL, 185, 4, NULL, NULL, NULL, 'csv', '2026-01-14 11:54:09'),
(1798, 7, '2026-01-16 12:00:00', 60.10, NULL, 153, 4, NULL, NULL, NULL, 'csv', '2026-01-14 11:54:09'),
(1799, 7, '2026-01-17 12:00:00', 50.40, NULL, 137, 3, NULL, NULL, NULL, 'csv', '2026-01-14 11:54:09'),
(1800, 7, '2026-01-18 12:00:00', 48.20, NULL, 132, 3, NULL, NULL, NULL, 'csv', '2026-01-14 11:54:09'),
(1801, 8, '2026-01-14 12:00:00', 66.80, NULL, 156, 4, NULL, NULL, NULL, 'csv', '2026-01-14 11:54:09'),
(1802, 8, '2026-01-15 12:00:00', 105.20, NULL, 176, 4, NULL, NULL, NULL, 'csv', '2026-01-14 11:54:09'),
(1803, 8, '2026-01-16 12:00:00', 97.80, NULL, 172, 4, NULL, NULL, NULL, 'csv', '2026-01-14 11:54:09'),
(1804, 8, '2026-01-17 12:00:00', 63.30, NULL, 155, 4, NULL, NULL, NULL, 'csv', '2026-01-14 11:54:09'),
(1805, 8, '2026-01-18 12:00:00', 71.00, NULL, 159, 4, NULL, NULL, NULL, 'csv', '2026-01-14 11:54:09'),
(1806, 9, '2026-01-14 12:00:00', 106.90, NULL, 177, 4, NULL, NULL, NULL, 'csv', '2026-01-14 11:54:09'),
(1807, 9, '2026-01-15 12:00:00', 111.30, NULL, 179, 4, NULL, NULL, NULL, 'csv', '2026-01-14 11:54:09'),
(1808, 9, '2026-01-16 12:00:00', 103.10, NULL, 175, 4, NULL, NULL, NULL, 'csv', '2026-01-14 11:54:09'),
(1809, 9, '2026-01-17 12:00:00', 72.20, NULL, 159, 4, NULL, NULL, NULL, 'csv', '2026-01-14 11:54:09'),
(1810, 9, '2026-01-18 12:00:00', 82.00, NULL, 164, 4, NULL, NULL, NULL, 'csv', '2026-01-14 11:54:09'),
(1811, 10, '2026-01-14 12:00:00', 106.90, NULL, 177, 4, NULL, NULL, NULL, 'csv', '2026-01-14 11:54:09'),
(1812, 10, '2026-01-15 12:00:00', 111.30, NULL, 179, 4, NULL, NULL, NULL, 'csv', '2026-01-14 11:54:09'),
(1813, 10, '2026-01-16 12:00:00', 103.10, NULL, 175, 4, NULL, NULL, NULL, 'csv', '2026-01-14 11:54:09'),
(1814, 10, '2026-01-17 12:00:00', 72.20, NULL, 159, 4, NULL, NULL, NULL, 'csv', '2026-01-14 11:54:09'),
(1815, 10, '2026-01-18 12:00:00', 82.00, NULL, 164, 4, NULL, NULL, NULL, 'csv', '2026-01-14 11:54:09'),
(1816, 11, '2026-01-14 12:00:00', 66.80, NULL, 156, 4, NULL, NULL, NULL, 'csv', '2026-01-14 11:54:09'),
(1817, 11, '2026-01-15 12:00:00', 105.20, NULL, 176, 4, NULL, NULL, NULL, 'csv', '2026-01-14 11:54:09'),
(1818, 11, '2026-01-16 12:00:00', 97.80, NULL, 172, 4, NULL, NULL, NULL, 'csv', '2026-01-14 11:54:09'),
(1819, 11, '2026-01-17 12:00:00', 63.30, NULL, 155, 4, NULL, NULL, NULL, 'csv', '2026-01-14 11:54:09'),
(1820, 11, '2026-01-18 12:00:00', 71.00, NULL, 159, 4, NULL, NULL, NULL, 'csv', '2026-01-14 11:54:09'),
(1821, 12, '2026-01-14 12:00:00', 66.10, NULL, 156, 4, NULL, NULL, NULL, 'csv', '2026-01-14 11:54:09'),
(1822, 12, '2026-01-15 12:00:00', 113.60, NULL, 180, 4, NULL, NULL, NULL, 'csv', '2026-01-14 11:54:09'),
(1823, 12, '2026-01-16 12:00:00', 71.90, NULL, 159, 4, NULL, NULL, NULL, 'csv', '2026-01-14 11:54:09'),
(1824, 12, '2026-01-17 12:00:00', 52.50, NULL, 142, 3, NULL, NULL, NULL, 'csv', '2026-01-14 11:54:09'),
(1825, 12, '2026-01-18 12:00:00', 55.20, NULL, 149, 3, NULL, NULL, NULL, 'csv', '2026-01-14 11:54:09'),
(1826, 13, '2026-01-14 12:00:00', 106.90, NULL, 177, 4, NULL, NULL, NULL, 'csv', '2026-01-14 11:54:09'),
(1827, 13, '2026-01-15 12:00:00', 111.30, NULL, 179, 4, NULL, NULL, NULL, 'csv', '2026-01-14 11:54:09'),
(1828, 13, '2026-01-16 12:00:00', 103.10, NULL, 175, 4, NULL, NULL, NULL, 'csv', '2026-01-14 11:54:09'),
(1829, 13, '2026-01-17 12:00:00', 72.20, NULL, 159, 4, NULL, NULL, NULL, 'csv', '2026-01-14 11:54:09'),
(1830, 13, '2026-01-18 12:00:00', 82.00, NULL, 164, 4, NULL, NULL, NULL, 'csv', '2026-01-14 11:54:09'),
(1831, 14, '2026-01-14 12:00:00', 100.60, NULL, 174, 4, NULL, NULL, NULL, 'csv', '2026-01-14 11:54:09'),
(1832, 14, '2026-01-15 12:00:00', 91.50, NULL, 169, 4, NULL, NULL, NULL, 'csv', '2026-01-14 11:54:09'),
(1833, 14, '2026-01-16 12:00:00', 93.60, NULL, 170, 4, NULL, NULL, NULL, 'csv', '2026-01-14 11:54:09'),
(1834, 14, '2026-01-17 12:00:00', 77.10, NULL, 162, 4, NULL, NULL, NULL, 'csv', '2026-01-14 11:54:09'),
(1835, 14, '2026-01-18 12:00:00', 66.60, NULL, 156, 4, NULL, NULL, NULL, 'csv', '2026-01-14 11:54:09'),
(1836, 15, '2026-01-14 12:00:00', 66.10, NULL, 156, 4, NULL, NULL, NULL, 'csv', '2026-01-14 11:54:09'),
(1837, 15, '2026-01-15 12:00:00', 113.60, NULL, 180, 4, NULL, NULL, NULL, 'csv', '2026-01-14 11:54:09'),
(1838, 15, '2026-01-16 12:00:00', 71.90, NULL, 159, 4, NULL, NULL, NULL, 'csv', '2026-01-14 11:54:09'),
(1839, 15, '2026-01-17 12:00:00', 52.50, NULL, 142, 3, NULL, NULL, NULL, 'csv', '2026-01-14 11:54:09'),
(1840, 15, '2026-01-18 12:00:00', 55.20, NULL, 149, 3, NULL, NULL, NULL, 'csv', '2026-01-14 11:54:09'),
(1841, 16, '2026-01-14 12:00:00', 106.90, NULL, 177, 4, NULL, NULL, NULL, 'csv', '2026-01-14 11:54:09'),
(1842, 16, '2026-01-15 12:00:00', 111.30, NULL, 179, 4, NULL, NULL, NULL, 'csv', '2026-01-14 11:54:09'),
(1843, 16, '2026-01-16 12:00:00', 103.10, NULL, 175, 4, NULL, NULL, NULL, 'csv', '2026-01-14 11:54:09'),
(1844, 16, '2026-01-17 12:00:00', 72.20, NULL, 159, 4, NULL, NULL, NULL, 'csv', '2026-01-14 11:54:09'),
(1845, 16, '2026-01-18 12:00:00', 82.00, NULL, 164, 4, NULL, NULL, NULL, 'csv', '2026-01-14 11:54:09'),
(1846, 17, '2026-01-14 12:00:00', 66.80, NULL, 156, 4, NULL, NULL, NULL, 'csv', '2026-01-14 11:54:09'),
(1847, 17, '2026-01-15 12:00:00', 105.20, NULL, 176, 4, NULL, NULL, NULL, 'csv', '2026-01-14 11:54:09'),
(1848, 17, '2026-01-16 12:00:00', 97.80, NULL, 172, 4, NULL, NULL, NULL, 'csv', '2026-01-14 11:54:09'),
(1849, 17, '2026-01-17 12:00:00', 63.30, NULL, 155, 4, NULL, NULL, NULL, 'csv', '2026-01-14 11:54:09'),
(1850, 17, '2026-01-18 12:00:00', 71.00, NULL, 159, 4, NULL, NULL, NULL, 'csv', '2026-01-14 11:54:09'),
(1851, 18, '2026-01-14 12:00:00', 66.80, NULL, 156, 4, NULL, NULL, NULL, 'csv', '2026-01-14 11:54:09'),
(1852, 18, '2026-01-15 12:00:00', 105.20, NULL, 176, 4, NULL, NULL, NULL, 'csv', '2026-01-14 11:54:09'),
(1853, 18, '2026-01-16 12:00:00', 97.80, NULL, 172, 4, NULL, NULL, NULL, 'csv', '2026-01-14 11:54:09'),
(1854, 18, '2026-01-17 12:00:00', 63.30, NULL, 155, 4, NULL, NULL, NULL, 'csv', '2026-01-14 11:54:09'),
(1855, 18, '2026-01-18 12:00:00', 71.00, NULL, 159, 4, NULL, NULL, NULL, 'csv', '2026-01-14 11:54:09'),
(1856, 19, '2026-01-14 12:00:00', 106.90, NULL, 177, 4, NULL, NULL, NULL, 'csv', '2026-01-14 11:54:09'),
(1857, 19, '2026-01-15 12:00:00', 111.30, NULL, 179, 4, NULL, NULL, NULL, 'csv', '2026-01-14 11:54:09'),
(1858, 19, '2026-01-16 12:00:00', 103.10, NULL, 175, 4, NULL, NULL, NULL, 'csv', '2026-01-14 11:54:09'),
(1859, 19, '2026-01-17 12:00:00', 72.20, NULL, 159, 4, NULL, NULL, NULL, 'csv', '2026-01-14 11:54:09'),
(1860, 19, '2026-01-18 12:00:00', 82.00, NULL, 164, 4, NULL, NULL, NULL, 'csv', '2026-01-14 11:54:09'),
(1861, 20, '2026-01-14 12:00:00', 106.90, NULL, 177, 4, NULL, NULL, NULL, 'csv', '2026-01-14 11:54:09'),
(1862, 20, '2026-01-15 12:00:00', 111.30, NULL, 179, 4, NULL, NULL, NULL, 'csv', '2026-01-14 11:54:09'),
(1863, 20, '2026-01-16 12:00:00', 103.10, NULL, 175, 4, NULL, NULL, NULL, 'csv', '2026-01-14 11:54:09'),
(1864, 20, '2026-01-17 12:00:00', 72.20, NULL, 159, 4, NULL, NULL, NULL, 'csv', '2026-01-14 11:54:09'),
(1865, 20, '2026-01-18 12:00:00', 82.00, NULL, 164, 4, NULL, NULL, NULL, 'csv', '2026-01-14 11:54:09'),
(1866, 21, '2026-01-14 12:00:00', 66.10, NULL, 156, 4, NULL, NULL, NULL, 'csv', '2026-01-14 11:54:09'),
(1867, 21, '2026-01-15 12:00:00', 113.60, NULL, 180, 4, NULL, NULL, NULL, 'csv', '2026-01-14 11:54:09'),
(1868, 21, '2026-01-16 12:00:00', 71.90, NULL, 159, 4, NULL, NULL, NULL, 'csv', '2026-01-14 11:54:09'),
(1869, 21, '2026-01-17 12:00:00', 52.50, NULL, 142, 3, NULL, NULL, NULL, 'csv', '2026-01-14 11:54:09'),
(1870, 21, '2026-01-18 12:00:00', 55.20, NULL, 149, 3, NULL, NULL, NULL, 'csv', '2026-01-14 11:54:09'),
(1871, 22, '2026-01-14 12:00:00', 106.90, NULL, 177, 4, NULL, NULL, NULL, 'csv', '2026-01-14 11:54:09'),
(1872, 22, '2026-01-15 12:00:00', 111.30, NULL, 179, 4, NULL, NULL, NULL, 'csv', '2026-01-14 11:54:09'),
(1873, 22, '2026-01-16 12:00:00', 103.10, NULL, 175, 4, NULL, NULL, NULL, 'csv', '2026-01-14 11:54:09'),
(1874, 22, '2026-01-17 12:00:00', 72.20, NULL, 159, 4, NULL, NULL, NULL, 'csv', '2026-01-14 11:54:09'),
(1875, 22, '2026-01-18 12:00:00', 82.00, NULL, 164, 4, NULL, NULL, NULL, 'csv', '2026-01-14 11:54:09'),
(1876, 23, '2026-01-14 12:00:00', 42.50, NULL, 118, 3, NULL, NULL, NULL, 'csv', '2026-01-14 11:54:09'),
(1877, 23, '2026-01-15 12:00:00', 122.50, NULL, 185, 4, NULL, NULL, NULL, 'csv', '2026-01-14 11:54:09'),
(1878, 23, '2026-01-16 12:00:00', 60.10, NULL, 153, 4, NULL, NULL, NULL, 'csv', '2026-01-14 11:54:09'),
(1879, 23, '2026-01-17 12:00:00', 50.40, NULL, 137, 3, NULL, NULL, NULL, 'csv', '2026-01-14 11:54:09'),
(1880, 23, '2026-01-18 12:00:00', 48.20, NULL, 132, 3, NULL, NULL, NULL, 'csv', '2026-01-14 11:54:09'),
(1881, 24, '2026-01-14 12:00:00', 66.10, NULL, 156, 4, NULL, NULL, NULL, 'csv', '2026-01-14 11:54:09'),
(1882, 24, '2026-01-15 12:00:00', 113.60, NULL, 180, 4, NULL, NULL, NULL, 'csv', '2026-01-14 11:54:09'),
(1883, 24, '2026-01-16 12:00:00', 71.90, NULL, 159, 4, NULL, NULL, NULL, 'csv', '2026-01-14 11:54:09'),
(1884, 24, '2026-01-17 12:00:00', 52.50, NULL, 142, 3, NULL, NULL, NULL, 'csv', '2026-01-14 11:54:09'),
(1885, 24, '2026-01-18 12:00:00', 55.20, NULL, 149, 3, NULL, NULL, NULL, 'csv', '2026-01-14 11:54:09'),
(1886, 25, '2026-01-14 12:00:00', 106.90, NULL, 177, 4, NULL, NULL, NULL, 'csv', '2026-01-14 11:54:09'),
(1887, 25, '2026-01-15 12:00:00', 111.30, NULL, 179, 4, NULL, NULL, NULL, 'csv', '2026-01-14 11:54:09'),
(1888, 25, '2026-01-16 12:00:00', 103.10, NULL, 175, 4, NULL, NULL, NULL, 'csv', '2026-01-14 11:54:09'),
(1889, 25, '2026-01-17 12:00:00', 72.20, NULL, 159, 4, NULL, NULL, NULL, 'csv', '2026-01-14 11:54:09'),
(1890, 25, '2026-01-18 12:00:00', 82.00, NULL, 164, 4, NULL, NULL, NULL, 'csv', '2026-01-14 11:54:09'),
(1891, 26, '2026-01-14 12:00:00', 66.10, NULL, 156, 4, NULL, NULL, NULL, 'csv', '2026-01-14 11:54:09'),
(1892, 26, '2026-01-15 12:00:00', 113.60, NULL, 180, 4, NULL, NULL, NULL, 'csv', '2026-01-14 11:54:09'),
(1893, 26, '2026-01-16 12:00:00', 71.90, NULL, 159, 4, NULL, NULL, NULL, 'csv', '2026-01-14 11:54:09'),
(1894, 26, '2026-01-17 12:00:00', 52.50, NULL, 142, 3, NULL, NULL, NULL, 'csv', '2026-01-14 11:54:09'),
(1895, 26, '2026-01-18 12:00:00', 55.20, NULL, 149, 3, NULL, NULL, NULL, 'csv', '2026-01-14 11:54:09'),
(1896, 27, '2026-01-14 12:00:00', 42.50, NULL, 118, 3, NULL, NULL, NULL, 'csv', '2026-01-14 11:54:09'),
(1897, 27, '2026-01-15 12:00:00', 122.50, NULL, 185, 4, NULL, NULL, NULL, 'csv', '2026-01-14 11:54:09'),
(1898, 27, '2026-01-16 12:00:00', 60.10, NULL, 153, 4, NULL, NULL, NULL, 'csv', '2026-01-14 11:54:09'),
(1899, 27, '2026-01-17 12:00:00', 50.40, NULL, 137, 3, NULL, NULL, NULL, 'csv', '2026-01-14 11:54:09'),
(1900, 27, '2026-01-18 12:00:00', 48.20, NULL, 132, 3, NULL, NULL, NULL, 'csv', '2026-01-14 11:54:09'),
(1901, 28, '2026-01-14 12:00:00', 42.50, NULL, 118, 3, NULL, NULL, NULL, 'csv', '2026-01-14 11:54:09'),
(1902, 28, '2026-01-15 12:00:00', 122.50, NULL, 185, 4, NULL, NULL, NULL, 'csv', '2026-01-14 11:54:09'),
(1903, 28, '2026-01-16 12:00:00', 60.10, NULL, 153, 4, NULL, NULL, NULL, 'csv', '2026-01-14 11:54:09'),
(1904, 28, '2026-01-17 12:00:00', 50.40, NULL, 137, 3, NULL, NULL, NULL, 'csv', '2026-01-14 11:54:09'),
(1905, 28, '2026-01-18 12:00:00', 48.20, NULL, 132, 3, NULL, NULL, NULL, 'csv', '2026-01-14 11:54:09'),
(1906, 29, '2026-01-14 12:00:00', 66.10, NULL, 156, 4, NULL, NULL, NULL, 'csv', '2026-01-14 11:54:09'),
(1907, 29, '2026-01-15 12:00:00', 113.60, NULL, 180, 4, NULL, NULL, NULL, 'csv', '2026-01-14 11:54:09'),
(1908, 29, '2026-01-16 12:00:00', 71.90, NULL, 159, 4, NULL, NULL, NULL, 'csv', '2026-01-14 11:54:09'),
(1909, 29, '2026-01-17 12:00:00', 52.50, NULL, 142, 3, NULL, NULL, NULL, 'csv', '2026-01-14 11:54:09'),
(1910, 29, '2026-01-18 12:00:00', 55.20, NULL, 149, 3, NULL, NULL, NULL, 'csv', '2026-01-14 11:54:09'),
(1911, 30, '2026-01-14 12:00:00', 66.80, NULL, 156, 4, NULL, NULL, NULL, 'csv', '2026-01-14 11:54:09'),
(1912, 30, '2026-01-15 12:00:00', 105.20, NULL, 176, 4, NULL, NULL, NULL, 'csv', '2026-01-14 11:54:09'),
(1913, 30, '2026-01-16 12:00:00', 97.80, NULL, 172, 4, NULL, NULL, NULL, 'csv', '2026-01-14 11:54:09'),
(1914, 30, '2026-01-17 12:00:00', 63.30, NULL, 155, 4, NULL, NULL, NULL, 'csv', '2026-01-14 11:54:09'),
(1915, 30, '2026-01-18 12:00:00', 71.00, NULL, 159, 4, NULL, NULL, NULL, 'csv', '2026-01-14 11:54:09'),
(1916, 1, '2026-01-15 12:00:00', 106.40, NULL, 177, 4, NULL, NULL, NULL, 'csv', '2026-01-15 10:07:22'),
(1917, 1, '2026-01-16 12:00:00', 66.40, NULL, 156, 4, NULL, NULL, NULL, 'csv', '2026-01-15 10:07:22'),
(1918, 1, '2026-01-17 12:00:00', 56.30, NULL, 151, 4, NULL, NULL, NULL, 'csv', '2026-01-15 10:07:22'),
(1919, 1, '2026-01-18 12:00:00', 56.00, NULL, 151, 4, NULL, NULL, NULL, 'csv', '2026-01-15 10:07:22'),
(1920, 1, '2026-01-19 12:00:00', 62.60, NULL, 154, 4, NULL, NULL, NULL, 'csv', '2026-01-15 10:07:22'),
(1921, 2, '2026-01-15 12:00:00', 106.40, NULL, 177, 4, NULL, NULL, NULL, 'csv', '2026-01-15 10:07:22'),
(1922, 2, '2026-01-16 12:00:00', 66.40, NULL, 156, 4, NULL, NULL, NULL, 'csv', '2026-01-15 10:07:22'),
(1923, 2, '2026-01-17 12:00:00', 56.30, NULL, 151, 4, NULL, NULL, NULL, 'csv', '2026-01-15 10:07:22'),
(1924, 2, '2026-01-18 12:00:00', 56.00, NULL, 151, 4, NULL, NULL, NULL, 'csv', '2026-01-15 10:07:22'),
(1925, 2, '2026-01-19 12:00:00', 62.60, NULL, 154, 4, NULL, NULL, NULL, 'csv', '2026-01-15 10:07:22'),
(1926, 3, '2026-01-15 12:00:00', 106.40, NULL, 177, 4, NULL, NULL, NULL, 'csv', '2026-01-15 10:07:22'),
(1927, 3, '2026-01-16 12:00:00', 66.40, NULL, 156, 4, NULL, NULL, NULL, 'csv', '2026-01-15 10:07:22'),
(1928, 3, '2026-01-17 12:00:00', 56.30, NULL, 151, 4, NULL, NULL, NULL, 'csv', '2026-01-15 10:07:22'),
(1929, 3, '2026-01-18 12:00:00', 56.00, NULL, 151, 4, NULL, NULL, NULL, 'csv', '2026-01-15 10:07:22'),
(1930, 3, '2026-01-19 12:00:00', 62.60, NULL, 154, 4, NULL, NULL, NULL, 'csv', '2026-01-15 10:07:22'),
(1931, 4, '2026-01-15 12:00:00', 106.40, NULL, 177, 4, NULL, NULL, NULL, 'csv', '2026-01-15 10:07:22'),
(1932, 4, '2026-01-16 12:00:00', 66.40, NULL, 156, 4, NULL, NULL, NULL, 'csv', '2026-01-15 10:07:22'),
(1933, 4, '2026-01-17 12:00:00', 56.30, NULL, 151, 4, NULL, NULL, NULL, 'csv', '2026-01-15 10:07:22'),
(1934, 4, '2026-01-18 12:00:00', 56.00, NULL, 151, 4, NULL, NULL, NULL, 'csv', '2026-01-15 10:07:22'),
(1935, 4, '2026-01-19 12:00:00', 62.60, NULL, 154, 4, NULL, NULL, NULL, 'csv', '2026-01-15 10:07:22'),
(1936, 5, '2026-01-15 12:00:00', 112.00, NULL, 180, 4, NULL, NULL, NULL, 'csv', '2026-01-15 10:07:22'),
(1937, 5, '2026-01-16 12:00:00', 87.50, NULL, 167, 4, NULL, NULL, NULL, 'csv', '2026-01-15 10:07:22'),
(1938, 5, '2026-01-17 12:00:00', 64.50, NULL, 155, 4, NULL, NULL, NULL, 'csv', '2026-01-15 10:07:22'),
(1939, 5, '2026-01-18 12:00:00', 70.80, NULL, 158, 4, NULL, NULL, NULL, 'csv', '2026-01-15 10:07:22'),
(1940, 5, '2026-01-19 12:00:00', 77.30, NULL, 162, 4, NULL, NULL, NULL, 'csv', '2026-01-15 10:07:22'),
(1941, 6, '2026-01-15 12:00:00', 108.30, NULL, 178, 4, NULL, NULL, NULL, 'csv', '2026-01-15 10:07:22'),
(1942, 6, '2026-01-16 12:00:00', 37.30, NULL, 105, 3, NULL, NULL, NULL, 'csv', '2026-01-15 10:07:22'),
(1943, 6, '2026-01-17 12:00:00', 52.50, NULL, 142, 3, NULL, NULL, NULL, 'csv', '2026-01-15 10:07:22'),
(1944, 6, '2026-01-18 12:00:00', 40.90, NULL, 114, 3, NULL, NULL, NULL, 'csv', '2026-01-15 10:07:22'),
(1945, 6, '2026-01-19 12:00:00', 44.40, NULL, 122, 3, NULL, NULL, NULL, 'csv', '2026-01-15 10:07:22'),
(1946, 7, '2026-01-15 12:00:00', 108.30, NULL, 178, 4, NULL, NULL, NULL, 'csv', '2026-01-15 10:07:22'),
(1947, 7, '2026-01-16 12:00:00', 37.30, NULL, 105, 3, NULL, NULL, NULL, 'csv', '2026-01-15 10:07:22'),
(1948, 7, '2026-01-17 12:00:00', 52.50, NULL, 142, 3, NULL, NULL, NULL, 'csv', '2026-01-15 10:07:22'),
(1949, 7, '2026-01-18 12:00:00', 40.90, NULL, 114, 3, NULL, NULL, NULL, 'csv', '2026-01-15 10:07:22'),
(1950, 7, '2026-01-19 12:00:00', 44.40, NULL, 122, 3, NULL, NULL, NULL, 'csv', '2026-01-15 10:07:22'),
(1951, 8, '2026-01-15 12:00:00', 106.40, NULL, 177, 4, NULL, NULL, NULL, 'csv', '2026-01-15 10:07:22'),
(1952, 8, '2026-01-16 12:00:00', 66.40, NULL, 156, 4, NULL, NULL, NULL, 'csv', '2026-01-15 10:07:22'),
(1953, 8, '2026-01-17 12:00:00', 56.30, NULL, 151, 4, NULL, NULL, NULL, 'csv', '2026-01-15 10:07:22'),
(1954, 8, '2026-01-18 12:00:00', 56.00, NULL, 151, 4, NULL, NULL, NULL, 'csv', '2026-01-15 10:07:22'),
(1955, 8, '2026-01-19 12:00:00', 62.60, NULL, 154, 4, NULL, NULL, NULL, 'csv', '2026-01-15 10:07:22'),
(1956, 9, '2026-01-15 12:00:00', 112.00, NULL, 180, 4, NULL, NULL, NULL, 'csv', '2026-01-15 10:07:22'),
(1957, 9, '2026-01-16 12:00:00', 87.50, NULL, 167, 4, NULL, NULL, NULL, 'csv', '2026-01-15 10:07:22'),
(1958, 9, '2026-01-17 12:00:00', 64.50, NULL, 155, 4, NULL, NULL, NULL, 'csv', '2026-01-15 10:07:22'),
(1959, 9, '2026-01-18 12:00:00', 70.80, NULL, 158, 4, NULL, NULL, NULL, 'csv', '2026-01-15 10:07:22'),
(1960, 9, '2026-01-19 12:00:00', 77.30, NULL, 162, 4, NULL, NULL, NULL, 'csv', '2026-01-15 10:07:22'),
(1961, 10, '2026-01-15 12:00:00', 112.00, NULL, 180, 4, NULL, NULL, NULL, 'csv', '2026-01-15 10:07:22'),
(1962, 10, '2026-01-16 12:00:00', 87.50, NULL, 167, 4, NULL, NULL, NULL, 'csv', '2026-01-15 10:07:22'),
(1963, 10, '2026-01-17 12:00:00', 64.50, NULL, 155, 4, NULL, NULL, NULL, 'csv', '2026-01-15 10:07:22'),
(1964, 10, '2026-01-18 12:00:00', 70.80, NULL, 158, 4, NULL, NULL, NULL, 'csv', '2026-01-15 10:07:22'),
(1965, 10, '2026-01-19 12:00:00', 77.30, NULL, 162, 4, NULL, NULL, NULL, 'csv', '2026-01-15 10:07:22'),
(1966, 11, '2026-01-15 12:00:00', 106.40, NULL, 177, 4, NULL, NULL, NULL, 'csv', '2026-01-15 10:07:22'),
(1967, 11, '2026-01-16 12:00:00', 66.40, NULL, 156, 4, NULL, NULL, NULL, 'csv', '2026-01-15 10:07:22'),
(1968, 11, '2026-01-17 12:00:00', 56.30, NULL, 151, 4, NULL, NULL, NULL, 'csv', '2026-01-15 10:07:22'),
(1969, 11, '2026-01-18 12:00:00', 56.00, NULL, 151, 4, NULL, NULL, NULL, 'csv', '2026-01-15 10:07:22'),
(1970, 11, '2026-01-19 12:00:00', 62.60, NULL, 154, 4, NULL, NULL, NULL, 'csv', '2026-01-15 10:07:22'),
(1971, 12, '2026-01-15 12:00:00', 117.10, NULL, 182, 4, NULL, NULL, NULL, 'csv', '2026-01-15 10:07:22'),
(1972, 12, '2026-01-16 12:00:00', 47.80, NULL, 131, 3, NULL, NULL, NULL, 'csv', '2026-01-15 10:07:22'),
(1973, 12, '2026-01-17 12:00:00', 53.60, NULL, 145, 3, NULL, NULL, NULL, 'csv', '2026-01-15 10:07:22'),
(1974, 12, '2026-01-18 12:00:00', 48.50, NULL, 133, 3, NULL, NULL, NULL, 'csv', '2026-01-15 10:07:22'),
(1975, 12, '2026-01-19 12:00:00', 49.80, NULL, 136, 3, NULL, NULL, NULL, 'csv', '2026-01-15 10:07:22'),
(1976, 13, '2026-01-15 12:00:00', 112.00, NULL, 180, 4, NULL, NULL, NULL, 'csv', '2026-01-15 10:07:22'),
(1977, 13, '2026-01-16 12:00:00', 87.50, NULL, 167, 4, NULL, NULL, NULL, 'csv', '2026-01-15 10:07:22'),
(1978, 13, '2026-01-17 12:00:00', 64.50, NULL, 155, 4, NULL, NULL, NULL, 'csv', '2026-01-15 10:07:22'),
(1979, 13, '2026-01-18 12:00:00', 70.80, NULL, 158, 4, NULL, NULL, NULL, 'csv', '2026-01-15 10:07:22'),
(1980, 13, '2026-01-19 12:00:00', 77.30, NULL, 162, 4, NULL, NULL, NULL, 'csv', '2026-01-15 10:07:22'),
(1981, 14, '2026-01-15 12:00:00', 99.20, NULL, 173, 4, NULL, NULL, NULL, 'csv', '2026-01-15 10:07:22'),
(1982, 14, '2026-01-16 12:00:00', 81.70, NULL, 164, 4, NULL, NULL, NULL, 'csv', '2026-01-15 10:07:22'),
(1983, 14, '2026-01-17 12:00:00', 70.80, NULL, 158, 4, NULL, NULL, NULL, 'csv', '2026-01-15 10:07:22'),
(1984, 14, '2026-01-18 12:00:00', 65.90, NULL, 156, 4, NULL, NULL, NULL, 'csv', '2026-01-15 10:07:22'),
(1985, 14, '2026-01-19 12:00:00', 70.30, NULL, 158, 4, NULL, NULL, NULL, 'csv', '2026-01-15 10:07:22'),
(1986, 15, '2026-01-15 12:00:00', 117.10, NULL, 182, 4, NULL, NULL, NULL, 'csv', '2026-01-15 10:07:22'),
(1987, 15, '2026-01-16 12:00:00', 47.80, NULL, 131, 3, NULL, NULL, NULL, 'csv', '2026-01-15 10:07:22'),
(1988, 15, '2026-01-17 12:00:00', 53.60, NULL, 145, 3, NULL, NULL, NULL, 'csv', '2026-01-15 10:07:22'),
(1989, 15, '2026-01-18 12:00:00', 48.50, NULL, 133, 3, NULL, NULL, NULL, 'csv', '2026-01-15 10:07:22'),
(1990, 15, '2026-01-19 12:00:00', 49.80, NULL, 136, 3, NULL, NULL, NULL, 'csv', '2026-01-15 10:07:22'),
(1991, 16, '2026-01-15 12:00:00', 112.00, NULL, 180, 4, NULL, NULL, NULL, 'csv', '2026-01-15 10:07:22'),
(1992, 16, '2026-01-16 12:00:00', 87.50, NULL, 167, 4, NULL, NULL, NULL, 'csv', '2026-01-15 10:07:22'),
(1993, 16, '2026-01-17 12:00:00', 64.50, NULL, 155, 4, NULL, NULL, NULL, 'csv', '2026-01-15 10:07:22'),
(1994, 16, '2026-01-18 12:00:00', 70.80, NULL, 158, 4, NULL, NULL, NULL, 'csv', '2026-01-15 10:07:22'),
(1995, 16, '2026-01-19 12:00:00', 77.30, NULL, 162, 4, NULL, NULL, NULL, 'csv', '2026-01-15 10:07:22'),
(1996, 17, '2026-01-15 12:00:00', 106.40, NULL, 177, 4, NULL, NULL, NULL, 'csv', '2026-01-15 10:07:22'),
(1997, 17, '2026-01-16 12:00:00', 66.40, NULL, 156, 4, NULL, NULL, NULL, 'csv', '2026-01-15 10:07:22'),
(1998, 17, '2026-01-17 12:00:00', 56.30, NULL, 151, 4, NULL, NULL, NULL, 'csv', '2026-01-15 10:07:22'),
(1999, 17, '2026-01-18 12:00:00', 56.00, NULL, 151, 4, NULL, NULL, NULL, 'csv', '2026-01-15 10:07:22'),
(2000, 17, '2026-01-19 12:00:00', 62.60, NULL, 154, 4, NULL, NULL, NULL, 'csv', '2026-01-15 10:07:22'),
(2001, 18, '2026-01-15 12:00:00', 106.40, NULL, 177, 4, NULL, NULL, NULL, 'csv', '2026-01-15 10:07:22'),
(2002, 18, '2026-01-16 12:00:00', 66.40, NULL, 156, 4, NULL, NULL, NULL, 'csv', '2026-01-15 10:07:22'),
(2003, 18, '2026-01-17 12:00:00', 56.30, NULL, 151, 4, NULL, NULL, NULL, 'csv', '2026-01-15 10:07:22'),
(2004, 18, '2026-01-18 12:00:00', 56.00, NULL, 151, 4, NULL, NULL, NULL, 'csv', '2026-01-15 10:07:22'),
(2005, 18, '2026-01-19 12:00:00', 62.60, NULL, 154, 4, NULL, NULL, NULL, 'csv', '2026-01-15 10:07:22'),
(2006, 19, '2026-01-15 12:00:00', 112.00, NULL, 180, 4, NULL, NULL, NULL, 'csv', '2026-01-15 10:07:22'),
(2007, 19, '2026-01-16 12:00:00', 87.50, NULL, 167, 4, NULL, NULL, NULL, 'csv', '2026-01-15 10:07:22'),
(2008, 19, '2026-01-17 12:00:00', 64.50, NULL, 155, 4, NULL, NULL, NULL, 'csv', '2026-01-15 10:07:22'),
(2009, 19, '2026-01-18 12:00:00', 70.80, NULL, 158, 4, NULL, NULL, NULL, 'csv', '2026-01-15 10:07:22'),
(2010, 19, '2026-01-19 12:00:00', 77.30, NULL, 162, 4, NULL, NULL, NULL, 'csv', '2026-01-15 10:07:22'),
(2011, 20, '2026-01-15 12:00:00', 112.00, NULL, 180, 4, NULL, NULL, NULL, 'csv', '2026-01-15 10:07:22'),
(2012, 20, '2026-01-16 12:00:00', 87.50, NULL, 167, 4, NULL, NULL, NULL, 'csv', '2026-01-15 10:07:22'),
(2013, 20, '2026-01-17 12:00:00', 64.50, NULL, 155, 4, NULL, NULL, NULL, 'csv', '2026-01-15 10:07:22'),
(2014, 20, '2026-01-18 12:00:00', 70.80, NULL, 158, 4, NULL, NULL, NULL, 'csv', '2026-01-15 10:07:22'),
(2015, 20, '2026-01-19 12:00:00', 77.30, NULL, 162, 4, NULL, NULL, NULL, 'csv', '2026-01-15 10:07:22'),
(2016, 21, '2026-01-15 12:00:00', 117.10, NULL, 182, 4, NULL, NULL, NULL, 'csv', '2026-01-15 10:07:22'),
(2017, 21, '2026-01-16 12:00:00', 47.80, NULL, 131, 3, NULL, NULL, NULL, 'csv', '2026-01-15 10:07:22'),
(2018, 21, '2026-01-17 12:00:00', 53.60, NULL, 145, 3, NULL, NULL, NULL, 'csv', '2026-01-15 10:07:22'),
(2019, 21, '2026-01-18 12:00:00', 48.50, NULL, 133, 3, NULL, NULL, NULL, 'csv', '2026-01-15 10:07:22'),
(2020, 21, '2026-01-19 12:00:00', 49.80, NULL, 136, 3, NULL, NULL, NULL, 'csv', '2026-01-15 10:07:22'),
(2021, 22, '2026-01-15 12:00:00', 112.00, NULL, 180, 4, NULL, NULL, NULL, 'csv', '2026-01-15 10:07:22'),
(2022, 22, '2026-01-16 12:00:00', 87.50, NULL, 167, 4, NULL, NULL, NULL, 'csv', '2026-01-15 10:07:23'),
(2023, 22, '2026-01-17 12:00:00', 64.50, NULL, 155, 4, NULL, NULL, NULL, 'csv', '2026-01-15 10:07:23'),
(2024, 22, '2026-01-18 12:00:00', 70.80, NULL, 158, 4, NULL, NULL, NULL, 'csv', '2026-01-15 10:07:23'),
(2025, 22, '2026-01-19 12:00:00', 77.30, NULL, 162, 4, NULL, NULL, NULL, 'csv', '2026-01-15 10:07:23'),
(2026, 23, '2026-01-15 12:00:00', 108.30, NULL, 178, 4, NULL, NULL, NULL, 'csv', '2026-01-15 10:07:23'),
(2027, 23, '2026-01-16 12:00:00', 37.30, NULL, 105, 3, NULL, NULL, NULL, 'csv', '2026-01-15 10:07:23'),
(2028, 23, '2026-01-17 12:00:00', 52.50, NULL, 142, 3, NULL, NULL, NULL, 'csv', '2026-01-15 10:07:23'),
(2029, 23, '2026-01-18 12:00:00', 40.90, NULL, 114, 3, NULL, NULL, NULL, 'csv', '2026-01-15 10:07:23'),
(2030, 23, '2026-01-19 12:00:00', 44.40, NULL, 122, 3, NULL, NULL, NULL, 'csv', '2026-01-15 10:07:23'),
(2031, 24, '2026-01-15 12:00:00', 117.10, NULL, 182, 4, NULL, NULL, NULL, 'csv', '2026-01-15 10:07:23'),
(2032, 24, '2026-01-16 12:00:00', 47.80, NULL, 131, 3, NULL, NULL, NULL, 'csv', '2026-01-15 10:07:23'),
(2033, 24, '2026-01-17 12:00:00', 53.60, NULL, 145, 3, NULL, NULL, NULL, 'csv', '2026-01-15 10:07:23'),
(2034, 24, '2026-01-18 12:00:00', 48.50, NULL, 133, 3, NULL, NULL, NULL, 'csv', '2026-01-15 10:07:23'),
(2035, 24, '2026-01-19 12:00:00', 49.80, NULL, 136, 3, NULL, NULL, NULL, 'csv', '2026-01-15 10:07:23'),
(2036, 25, '2026-01-15 12:00:00', 112.00, NULL, 180, 4, NULL, NULL, NULL, 'csv', '2026-01-15 10:07:23'),
(2037, 25, '2026-01-16 12:00:00', 87.50, NULL, 167, 4, NULL, NULL, NULL, 'csv', '2026-01-15 10:07:23'),
(2038, 25, '2026-01-17 12:00:00', 64.50, NULL, 155, 4, NULL, NULL, NULL, 'csv', '2026-01-15 10:07:23'),
(2039, 25, '2026-01-18 12:00:00', 70.80, NULL, 158, 4, NULL, NULL, NULL, 'csv', '2026-01-15 10:07:23'),
(2040, 25, '2026-01-19 12:00:00', 77.30, NULL, 162, 4, NULL, NULL, NULL, 'csv', '2026-01-15 10:07:23'),
(2041, 26, '2026-01-15 12:00:00', 117.10, NULL, 182, 4, NULL, NULL, NULL, 'csv', '2026-01-15 10:07:23'),
(2042, 26, '2026-01-16 12:00:00', 47.80, NULL, 131, 3, NULL, NULL, NULL, 'csv', '2026-01-15 10:07:23'),
(2043, 26, '2026-01-17 12:00:00', 53.60, NULL, 145, 3, NULL, NULL, NULL, 'csv', '2026-01-15 10:07:23'),
(2044, 26, '2026-01-18 12:00:00', 48.50, NULL, 133, 3, NULL, NULL, NULL, 'csv', '2026-01-15 10:07:23'),
(2045, 26, '2026-01-19 12:00:00', 49.80, NULL, 136, 3, NULL, NULL, NULL, 'csv', '2026-01-15 10:07:23'),
(2046, 27, '2026-01-15 12:00:00', 108.30, NULL, 178, 4, NULL, NULL, NULL, 'csv', '2026-01-15 10:07:23'),
(2047, 27, '2026-01-16 12:00:00', 37.30, NULL, 105, 3, NULL, NULL, NULL, 'csv', '2026-01-15 10:07:23'),
(2048, 27, '2026-01-17 12:00:00', 52.50, NULL, 142, 3, NULL, NULL, NULL, 'csv', '2026-01-15 10:07:23'),
(2049, 27, '2026-01-18 12:00:00', 40.90, NULL, 114, 3, NULL, NULL, NULL, 'csv', '2026-01-15 10:07:23'),
(2050, 27, '2026-01-19 12:00:00', 44.40, NULL, 122, 3, NULL, NULL, NULL, 'csv', '2026-01-15 10:07:23'),
(2051, 28, '2026-01-15 12:00:00', 108.30, NULL, 178, 4, NULL, NULL, NULL, 'csv', '2026-01-15 10:07:23'),
(2052, 28, '2026-01-16 12:00:00', 37.30, NULL, 105, 3, NULL, NULL, NULL, 'csv', '2026-01-15 10:07:23'),
(2053, 28, '2026-01-17 12:00:00', 52.50, NULL, 142, 3, NULL, NULL, NULL, 'csv', '2026-01-15 10:07:23'),
(2054, 28, '2026-01-18 12:00:00', 40.90, NULL, 114, 3, NULL, NULL, NULL, 'csv', '2026-01-15 10:07:23'),
(2055, 28, '2026-01-19 12:00:00', 44.40, NULL, 122, 3, NULL, NULL, NULL, 'csv', '2026-01-15 10:07:23'),
(2056, 29, '2026-01-15 12:00:00', 117.10, NULL, 182, 4, NULL, NULL, NULL, 'csv', '2026-01-15 10:07:23'),
(2057, 29, '2026-01-16 12:00:00', 47.80, NULL, 131, 3, NULL, NULL, NULL, 'csv', '2026-01-15 10:07:23'),
(2058, 29, '2026-01-17 12:00:00', 53.60, NULL, 145, 3, NULL, NULL, NULL, 'csv', '2026-01-15 10:07:23'),
(2059, 29, '2026-01-18 12:00:00', 48.50, NULL, 133, 3, NULL, NULL, NULL, 'csv', '2026-01-15 10:07:23'),
(2060, 29, '2026-01-19 12:00:00', 49.80, NULL, 136, 3, NULL, NULL, NULL, 'csv', '2026-01-15 10:07:23'),
(2061, 30, '2026-01-15 12:00:00', 106.40, NULL, 177, 4, NULL, NULL, NULL, 'csv', '2026-01-15 10:07:23'),
(2062, 30, '2026-01-16 12:00:00', 66.40, NULL, 156, 4, NULL, NULL, NULL, 'csv', '2026-01-15 10:07:23'),
(2063, 30, '2026-01-17 12:00:00', 56.30, NULL, 151, 4, NULL, NULL, NULL, 'csv', '2026-01-15 10:07:23'),
(2064, 30, '2026-01-18 12:00:00', 56.00, NULL, 151, 4, NULL, NULL, NULL, 'csv', '2026-01-15 10:07:23'),
(2065, 30, '2026-01-19 12:00:00', 62.60, NULL, 154, 4, NULL, NULL, NULL, 'csv', '2026-01-15 10:07:23');

-- --------------------------------------------------------

--
-- Cấu trúc bảng cho bảng `health_logs`
--

CREATE TABLE `health_logs` (
  `log_id` int(11) NOT NULL PRIMARY KEY,
  `user_id` int(11) NOT NULL,
  `log_date` date NOT NULL COMMENT 'Ngày ghi nhận',
  `symptoms` longtext CHARACTER SET utf8mb4 COLLATE utf8mb4_bin DEFAULT NULL COMMENT 'Danh sách triệu chứng: ["ho", "kho_tho", "met_moi"]' CHECK (json_valid(`symptoms`)),
  `severity` tinyint(1) NOT NULL COMMENT 'Mức độ: 1-5',
  `note` text DEFAULT NULL COMMENT 'Ghi chú',
  `aqi_at_time` int(11) DEFAULT NULL COMMENT 'AQI tại thời điểm ghi nhận',
  `district_id` int(11) DEFAULT NULL COMMENT 'Quận/huyện khi ghi nhận',
  `created_at` timestamp NOT NULL DEFAULT current_timestamp(),
  `updated_at` timestamp NOT NULL DEFAULT current_timestamp() ON UPDATE current_timestamp()
) ENGINE=InnoDB DEFAULT CHARSET=utf8mb4 COLLATE=utf8mb4_unicode_ci COMMENT='Nhật ký sức khỏe người dùng';

--
-- Đang đổ dữ liệu cho bảng `health_logs`
--

INSERT INTO `health_logs` (`log_id`, `user_id`, `log_date`, `symptoms`, `severity`, `note`, `aqi_at_time`, `district_id`, `created_at`, `updated_at`) VALUES
(1, 1, '2025-12-10', '[\"Ho khan\"]', 3, 'Mệt', 182, NULL, '2025-12-10 06:21:10', '2025-12-10 06:21:10'),
(2, 1, '2025-12-10', '[\"M\\u1ec7t m\\u1ecfi\"]', 2, 'ê quên đeo khẩu trang', 182, NULL, '2025-12-10 06:21:35', '2025-12-10 06:21:35'),
(3, 3, '2025-12-10', '[\"Ho khan\",\"Cay m\\u1eaft\",\"\\u0110au h\\u1ecdng\",\"M\\u1ec7t m\\u1ecfi\"]', 4, 'Đi bệnh viện mất thôi', 182, NULL, '2025-12-10 06:34:43', '2025-12-10 06:34:43'),
(4, 3, '2025-12-11', '[\"M\\u1ec7t m\\u1ecfi\",\"Ho khan\"]', 3, 'Đi ngoài đường nhiều thấy mệt trong người', 182, NULL, '2025-12-11 16:54:53', '2025-12-11 16:54:53'),
(5, 1, '2025-12-12', '[\"Kh\\u00f3 th\\u1edf\",\"M\\u1ec7t m\\u1ecfi\"]', 4, 'Sốt', 116, NULL, '2025-12-12 06:14:45', '2025-12-12 06:14:45'),
(6, 1, '2025-12-15', '[\"\\u0110au h\\u1ecdng\",\"Kh\\u00f3 th\\u1edf\"]', 3, 'Đi làm thấy bụi', 173, NULL, '2025-12-15 02:35:55', '2025-12-15 02:35:55'),
(7, 4, '2025-12-15', '[\"Kh\\u00f3 th\\u1edf\",\"M\\u1ec7t m\\u1ecfi\",\"Ng\\u1ee9a da\",\"\\u0110au \\u0111\\u1ea7u\",\"Cay m\\u1eaft\"]', 5, 'Nhập viện vì dính khói từ nhà máy hóa chất', 173, NULL, '2025-12-15 09:37:00', '2025-12-15 09:37:00'),
(8, 4, '2025-12-15', '[\"Kh\\u00f3 th\\u1edf\"]', 3, 'Nhập viện cần hô hấp nhân tạo gấp', 173, NULL, '2025-12-15 09:37:27', '2025-12-15 09:37:27'),
(9, 1, '2025-12-16', '[\"Ho khan\",\"S\\u1ed5 m\\u0169i\"]', 3, 'Mệt', 173, NULL, '2025-12-16 16:32:11', '2025-12-16 16:32:11'),
(10, 4, '2025-12-27', '[\"S\\u1ed5 m\\u0169i\"]', 2, 'Tệ', 188, NULL, '2025-12-27 14:13:10', '2025-12-27 14:13:10'),
(11, 4, '2026-01-16', '[\"\\u0110au h\\u1ecdng\",\"Ng\\u1ee9a da\",\"M\\u1ec7t m\\u1ecfi\",\"Kh\\u00f3 th\\u1edf\"]', 5, 'Nhập viện luôn', 165, NULL, '2026-01-16 03:02:53', '2026-01-16 03:02:53');

-- --------------------------------------------------------

--
-- Cấu trúc bảng cho bảng `newsletter_subscribers`
--

CREATE TABLE `newsletter_subscribers` (
  `id` int(11) NOT NULL PRIMARY KEY,
  `email` varchar(255) NOT NULL,
  `subscribed_at` timestamp NOT NULL DEFAULT current_timestamp(),
  `status` enum('active','unsubscribed') DEFAULT 'active',
  `ip_address` varchar(45) DEFAULT NULL
) ENGINE=InnoDB DEFAULT CHARSET=utf8mb4 COLLATE=utf8mb4_general_ci;

--
-- Đang đổ dữ liệu cho bảng `newsletter_subscribers`
--

INSERT INTO `newsletter_subscribers` (`id`, `email`, `subscribed_at`, `status`, `ip_address`) VALUES
(2, 'mvtho2004@gmail.com', '2026-01-16 03:03:32', 'active', '::1'),
(3, '22111061580@hunre.edu.vn', '2026-01-16 03:05:16', 'active', '::1');

-- --------------------------------------------------------

--
-- Cấu trúc bảng cho bảng `news_items`
--

CREATE TABLE `news_items` (
  `news_id` int(11) NOT NULL PRIMARY KEY,
  `title` varchar(500) NOT NULL,
  `summary` text NOT NULL,
  `content` longtext DEFAULT NULL,
  `category` enum('news','event','tips') DEFAULT 'news',
  `image_url` varchar(500) DEFAULT NULL,
  `author` varchar(200) DEFAULT NULL,
  `external_url` varchar(500) DEFAULT NULL COMMENT 'Link ngoài nếu có',
  `published_at` datetime NOT NULL,
  `is_published` tinyint(1) DEFAULT 1,
  `views` int(11) DEFAULT 0,
  `created_at` timestamp NOT NULL DEFAULT current_timestamp(),
  `updated_at` timestamp NOT NULL DEFAULT current_timestamp() ON UPDATE current_timestamp()
) ENGINE=InnoDB DEFAULT CHARSET=utf8mb4 COLLATE=utf8mb4_unicode_ci COMMENT='Tin tức và sự kiện môi trường';

--
-- Đang đổ dữ liệu cho bảng `news_items`
--

INSERT INTO `news_items` (`news_id`, `title`, `summary`, `content`, `category`, `image_url`, `author`, `external_url`, `published_at`, `is_published`, `views`, `created_at`, `updated_at`) VALUES
(1, 'Phu Quoc reservation in advance', 'Hi everyone. I’d like some advice, opinions, and experiences. Do you think it’s necessary to book accommodation on Phu Quoc in advance for the period around December 16th to December 25th (now), or does it not really matter and booking on Decembe...', NULL, 'news', 'https://images.unsplash.com/photo-1470071459604-3b5ec3a7fe05?q=80&amp;w=2074&amp;auto=format&amp;fit=crop', 'Reddit (u/vietnamrules)', 'https://www.reddit.com/r/VietNam/comments/1pj88on/phu_quoc_reservation_in_advance/', '2025-12-11 00:13:13', 1, 0, '2025-12-10 17:26:58', '2025-12-10 17:26:58'),
(2, 'Any gyms with an air purifier ?', '', NULL, 'news', 'default', 'Reddit (u/angotti1980)', 'https://www.reddit.com/r/VietNam/comments/1phyixo/any_gyms_with_an_air_purifier/', '2025-12-09 11:37:19', 1, 0, '2025-12-10 17:26:58', '2025-12-10 17:26:58'),
(3, 'Hanoi, 3PM today. No, that is not an incoming storm. No, this is not fog; there is no fog at 3PM. This is severe air pollution.', 'This has been the case for the past week. I can&#039;t leave the house without my N95 1870+.\n\nThe first pic was taken at 3PM today. The second pic is for comparison and was taken in July. \n\nSome people are still riding mopeds on the street without masks o...', NULL, 'news', 'https://b.thumbs.redditmedia.com/_hlK7RyQvRZTAvPQsFBfvawn9mPJQcLPzhNiuRXykDg.jpg', 'Reddit (u/a-long-username)', 'https://www.reddit.com/r/VietNam/comments/1pgdjxv/hanoi_3pm_today_no_that_is_not_an_incoming_storm/', '2025-12-07 15:40:05', 1, 0, '2025-12-10 17:26:58', '2025-12-10 17:26:58'),
(4, 'Pollution in HCMC - How bad is it?', 'Hi there, \n\nAm considering a job in HCMC, and am open to an adventure somewhere new, but the biggest thing I&#039;m concerned about is pollution. Does this impact your day-to-day life? Are you able to enjoy time in nature or go for a walk? Have you notice...', NULL, 'news', 'https://images.unsplash.com/photo-1470071459604-3b5ec3a7fe05?q=80&amp;w=2074&amp;auto=format&amp;fit=crop', 'Reddit (u/eternalsunshine58)', 'https://www.reddit.com/r/VietNam/comments/1pgdf14/pollution_in_hcmc_how_bad_is_it/', '2025-12-07 15:31:04', 1, 0, '2025-12-10 17:26:58', '2025-12-10 17:26:58'),
(5, 'How bad is the pollution right now in Hanoi and Northern Vietnam?', 'I’m headed to Hanoi in about a week and have 10 days in northern Vietnam. I’m beginning to get a little concerned about the current air quality in the region. Even outside of Hanoi, in Nin Binh, Mai Chau, Pu Luong, Sapa and Ha Giang are reporting...', NULL, 'news', 'https://images.unsplash.com/photo-1470071459604-3b5ec3a7fe05?q=80&amp;w=2074&amp;auto=format&amp;fit=crop', 'Reddit (u/Fun-Put-9042)', 'https://www.reddit.com/r/VietNam/comments/1pfrrme/how_bad_is_the_pollution_right_now_in_hanoi_and/', '2025-12-06 22:21:32', 1, 0, '2025-12-10 17:26:58', '2025-12-10 17:26:58'),
(6, 'Vietjet Air and other airline’s penalty fares for excess CABIN luggage weight (not checked)', 'Hello, after having checked here on Reddit and online on other websites, airline websites, etc. I am asking here in the hope that some of you might know this:\n\nFor Vietjet Air and other airlines that operate in Vietnam / Southeast Asia\n\nA) the penalt...', NULL, 'news', 'https://images.unsplash.com/photo-1470071459604-3b5ec3a7fe05?q=80&amp;w=2074&amp;auto=format&amp;fit=crop', 'Reddit (u/justme778899)', 'https://www.reddit.com/r/VietNam/comments/1pflrt4/vietjet_air_and_other_airlines_penalty_fares_for/', '2025-12-06 17:02:14', 1, 0, '2025-12-10 17:26:58', '2025-12-10 17:26:58'),
(7, 'Layover at SGN question', 'I&#039;ve done a ton of searching in here but haven&#039;t found the answer to this yet:\n\nI&#039;m laying over in SGN soon to get to Cambodia on two different airlines/reservations (Vietnam Air &amp;amp; Cambodia Angkor Air). I&#039;m not checking my bag.\n\nAm I correct in t...', NULL, 'news', 'https://images.unsplash.com/photo-1470071459604-3b5ec3a7fe05?q=80&amp;w=2074&amp;auto=format&amp;fit=crop', 'Reddit (u/datingintentionallyy)', 'https://www.reddit.com/r/VietNam/comments/1pfcw5e/layover_at_sgn_question/', '2025-12-06 08:36:49', 1, 0, '2025-12-10 17:26:58', '2025-12-10 17:26:58'),
(8, 'Tan Son Nhat is the worst airport experience I have ever had!', 'I am a Vietnamese international student who went to a few of airports recently, and I have to say the Tan Son Nhat International airport (TIA) has been the absolute worst! Here are some of the main points.\n1. Immigration process take waaaay too long ...', NULL, 'news', 'https://images.unsplash.com/photo-1470071459604-3b5ec3a7fe05?q=80&amp;w=2074&amp;auto=format&amp;fit=crop', 'Reddit (u/AlbatrossHelpful5770)', 'https://www.reddit.com/r/VietNam/comments/1pepvhb/tan_son_nhat_is_the_worst_airport_experience_i/', '2025-12-05 15:30:27', 1, 0, '2025-12-10 17:26:58', '2025-12-10 17:26:58'),
(9, 'After CCCD: Getting a driver&#039;s license (GPLX), VNeID level 2, VNeTraffic, buying and registering a vehicle', 'Just as a follow up to now what seems like a series. See more for:\n\nGetting a VN passport abroad for dual citizens: https://www.reddit.com/r/VietNam/comments/1fytpa7/so_lets_chat_about_dual_citizenship/\n\nGetting a CCCD: https://www.reddit.com/r/VietN...', NULL, 'news', 'https://external-preview.redd.it/KLpPLBwiBAF-0RoUKFw0-6yo2Hkj9idmODytjpxlLQ0.jpg?auto=webp&amp;s=8a6584bc9db292dfaa38b9702d5829c4a644e8e9', 'Reddit (u/torquesteer)', 'https://www.reddit.com/r/VietNam/comments/1pdxbnf/after_cccd_getting_a_drivers_license_gplx_vneid/', '2025-12-04 18:09:33', 1, 0, '2025-12-10 17:26:58', '2025-12-10 17:26:58'),
(10, 'Lighthouse (Ke Ga, Phan Thiet)', 'Ideal place to visit if you love travelling to a coastal city and enjoying some fresh air ;)', NULL, 'news', 'https://preview.redd.it/b4aitl7c8y4g1.jpeg?auto=webp&amp;s=b9edcc7b66f27f033d1f7fda3a70fad604c4ee79', 'Reddit (u/TroinX)', 'https://www.reddit.com/r/VietNam/comments/1pcyre2/lighthouse_ke_ga_phan_thiet/', '2025-12-03 15:23:04', 1, 0, '2025-12-10 17:26:58', '2025-12-10 17:26:58'),
(11, 'Hà Nội thực hiện các giải pháp cấp bách nhằm giảm ô nhiễm không khí - Báo Nhân Dân điện tử', 'Hà Nội thực hiện các giải pháp cấp bách nhằm giảm ô nhiễm không khí&amp;nbsp;&amp;nbsp;Báo Nhân Dân điện tử', NULL, 'news', 'https://images.unsplash.com/photo-1532094349884-543bc11b234d?q=80&amp;w=2070', 'Báo Nhân Dân điện tử', 'https://news.google.com/rss/articles/CBMipAFBVV95cUxQT01QZllfdDZobFRZU1JKeklfa1J5U0dmdTRoaG9CeTRja1dKc3lSZ2xyUjUxNTNyZzdZX2x4LU5BRlJ6MTk2dXFoREJYUE9vQ19QSXA3TW05bjlOdTJKVUhRMnkwcjJYQVQ5ZDM0RWFPWG04d3A5SE1NME1uZ0JYWnBaUDQtTEY0QnRwa2RpTXJjeXJhMkZ0LXVuYkVCNG5jV0tqZA?oc=5', '2025-12-10 21:07:53', 1, 0, '2025-12-10 17:26:58', '2025-12-10 17:26:58'),
(12, 'Sáng nay, chỉ số AQI của Hà Nội đồng loạt ở ngưỡng tím - Laodong.vn', 'Sáng nay, chỉ số AQI của Hà Nội đồng loạt ở ngưỡng tím&amp;nbsp;&amp;nbsp;Laodong.vn', NULL, 'news', 'https://images.unsplash.com/photo-1532094349884-543bc11b234d?q=80&amp;w=2070', 'Laodong.vn', 'https://news.google.com/rss/articles/CBMimwFBVV95cUxQcEdUUzlGTjJVVl96Nkl6LTdsVEpOTUkwN2VlbjNfaVoyTjlpWTNiNk9nOWdjLWVsNXlnTjFRWmtlV1p2enczbHRqdEQyc0tWOElUY09yeDFFWTg1Ylo5cXV0eHhVeXc1UmtTTW5fZXdKdktTZzR2cjdLMjYyNkRCQW52eEw4V2N5eHRxU0RXNzQ4TmNRNmNBYVlDVQ?oc=5', '2025-12-10 08:08:00', 1, 0, '2025-12-10 17:26:58', '2025-12-10 17:26:58'),
(13, 'Diễn biến ô nhiễm không khí những ngày tới ở Hà Nội - Báo điện tử Tiền Phong', 'Diễn biến ô nhiễm không khí những ngày tới ở Hà Nội&amp;nbsp;&amp;nbsp;Báo điện tử Tiền Phong', NULL, 'news', 'https://images.unsplash.com/photo-1532094349884-543bc11b234d?q=80&amp;w=2070', 'Báo điện tử Tiền Phong', 'https://news.google.com/rss/articles/CBMikgFBVV95cUxNWGlzV3V6V24wRk9Tby1RbGo5b3lhZTgtbm1KVHlUVUVqRThLazdnSDRGSVA1TDdoeHkxUEVnN0tYMEdmbFJLMURheTMtZUpMWU4yVXp5UC1jVDEza0ZuUFVqUUhqVkVPRFhsSURHNUc0dUpOQ2s4VkpVQnZwaF9fZFdYbzVjX1FweUhqdnlVbk5oUdIBkgFBVV95cUxQUEZ3N0FwdVRGVDZNWDlYZWdZR0xHT2tSZmcxZExLSThaTjJvQm05YmE1X1QzQUhCTi13ZGJLbkctT0ZGTGpDSXIyczZvektUUjd3VExHalJ1dnlneDBRR2ZhWlJ3S181OFlJZm9TMUVaaDNNU2loTTFLNUxGYUV1aEcwWC1ZMDVhQzI2bzVENko4QQ?oc=5', '2025-12-07 18:25:26', 1, 0, '2025-12-10 17:26:58', '2025-12-10 17:26:58'),
(14, 'Hà Nội đang nỗ lực giảm thiểu ô nhiễm không khí thế nào? - VOV', 'Hà Nội đang nỗ lực giảm thiểu ô nhiễm không khí thế nào?&amp;nbsp;&amp;nbsp;VOV', NULL, 'news', 'https://images.unsplash.com/photo-1532094349884-543bc11b234d?q=80&amp;w=2070', 'VOV', 'https://news.google.com/rss/articles/CBMimAFBVV95cUxQdzZwYThWaXppZVhKVjZHX3hVVXFvY21lcDcxQ2x1Sm5ZY2Q4NHlpNUd4ZDEtQzhNRWJwY3VCSXoyVjdtSVNZM2RGNnJZcGhOM3R4S0VuUXc1QVhVWThqSzNYM281VldUZTh1WHNiZThqSnVWdG41VWgwNVNNeXhYYWxoaDZIcFRQMFZuSVBtS0htU09obF96aA?oc=5', '2025-12-10 09:30:38', 1, 0, '2025-12-10 17:26:58', '2025-12-10 17:26:58'),
(15, 'Lại cảnh báo đỏ ô nhiễm không khí tại Hà Nội - Tuổi trẻ', 'Lại cảnh báo đỏ ô nhiễm không khí tại Hà Nội&amp;nbsp;&amp;nbsp;Tuổi trẻ', NULL, 'news', 'https://images.unsplash.com/photo-1532094349884-543bc11b234d?q=80&amp;w=2070', 'Tuổi trẻ', 'https://news.google.com/rss/articles/CBMijgFBVV95cUxQUXcxTHczNHlFN21CcGRKTXdZNG0weHNOaWVWbVdsNEpTb3dnblVzLWNSMXZ1c3VyRVE2ek5GekViTUdpOWxCYXgyWDZKUW40b05PTkQ5ODJ3cHdVTkxtZTVjVnM1QXVaTHZ4T0s1Z0w1SEJYOC13R3dOajhuWFl3TEZHVFRiYU5TRFRNMWln?oc=5', '2025-12-09 08:13:00', 1, 0, '2025-12-10 17:26:58', '2025-12-10 17:26:58'),
(16, 'Chất lượng không khí Hà Nội, Ninh Bình, Hưng Yên ngày 8 và 9/12 dự báo rất xấu, ô nhiễm nặng - VnEconomy', 'Chất lượng không khí Hà Nội, Ninh Bình, Hưng Yên ngày 8 và 9/12 dự báo rất xấu, ô nhiễm nặng&amp;nbsp;&amp;nbsp;VnEconomy', NULL, 'news', 'https://images.unsplash.com/photo-1532094349884-543bc11b234d?q=80&amp;w=2070', 'VnEconomy', 'https://news.google.com/rss/articles/CBMiswFBVV95cUxOWXhILVJqRjAySlRBUHdLVjBYSjBVV2xQSTE4dVZLTW1vcGw2aFN5aFluQXY2RW5wWEJIV0RybjNyRlNzMk9FeG0yTlFOV0NEbzU2WVpLQ3BMdUU4NkF2OEtKeEZoTmxpRHlUSlRFdFVIUllHY2JjN1NSd0UtenNnQ1YzYkxCTlF6UVRjeHViZV9HRHQzR1lSdzBrQWV4eS1FcFV1ZlhRUkE3LVJOaVBwU0dPMA?oc=5', '2025-12-08 07:20:00', 1, 0, '2025-12-10 17:26:58', '2025-12-10 17:26:58'),
(17, 'Khẩn cấp xóa &#039;mùa ô nhiễm không khí&#039; cho Hà Nội và TP.HCM - Báo Thanh Niên', 'Khẩn cấp xóa &#039;mùa ô nhiễm không khí&#039; cho Hà Nội và TP.HCM&amp;nbsp;&amp;nbsp;Báo Thanh Niên', NULL, 'news', 'https://images.unsplash.com/photo-1532094349884-543bc11b234d?q=80&amp;w=2070', 'Báo Thanh Niên', 'https://news.google.com/rss/articles/CBMingFBVV95cUxPRWlWUFJuczB5bXJDWDZXa2k0RXVPSWNDdnhqVmNMaG81UzQtaXdITUlFaVRZREJhMUtIcEZHYXZvcEFpUXJqZUdEQU9Ma2QtaXhwT3J5cHhyVmlFb1ZDMXRSRG5VcEhWTUJULVVLcjRDeE5DME1Ia21nWlJTSGdMdVRyNk8yaVEzZGRFUy02Tl9ZTVhtMXg1b3cySEJtUQ?oc=5', '2025-12-08 17:02:00', 1, 0, '2025-12-10 17:26:58', '2025-12-10 17:26:58'),
(18, '[VIDEO] Quản lý nguồn phát thải nhằm hạn chế ô nhiễm không khí tại đô thị - moitruong.net.vn', '[VIDEO] Quản lý nguồn phát thải nhằm hạn chế ô nhiễm không khí tại đô thị&amp;nbsp;&amp;nbsp;moitruong.net.vn', NULL, 'news', 'https://images.unsplash.com/photo-1532094349884-543bc11b234d?q=80&amp;w=2070', 'moitruong.net.vn', 'https://news.google.com/rss/articles/CBMiqwFBVV95cUxPRF9hTDZlTVE4VUt5SnphR2xPRFEwMTVacUVudTVUWkE1aHNRRzlyYzdMSkswZlhEX01mQ0MxNmd2aVRtM0NsZDltbE5jN0lPMWd0ajl3RFhudElCYm56RE9VQ1pfVHlRZmJtaU1FVHppRjRSWU45c1l4cVJMNGlsVTdfQWs1dFdyNEY3TDl6OWRmREdJWFYwM0pDUWdpTXhlN0o2VnQ3cUF2RlU?oc=5', '2025-12-10 15:47:01', 1, 0, '2025-12-10 17:26:58', '2025-12-10 17:26:58'),
(19, 'Quốc hội yêu cầu cấp bách kiểm soát, ngăn chặn ô nhiễm không khí do bụi mịn tại Hà Nội, Thành phố Hồ Chí Minh - Báo Nhân Dân điện tử', 'Quốc hội yêu cầu cấp bách kiểm soát, ngăn chặn ô nhiễm không khí do bụi mịn tại Hà Nội, Thành phố Hồ Chí Minh&amp;nbsp;&amp;nbsp;Báo Nhân Dân điện tử', NULL, 'news', 'https://images.unsplash.com/photo-1532094349884-543bc11b234d?q=80&amp;w=2070', 'Báo Nhân Dân điện tử', 'https://news.google.com/rss/articles/CBMi2gFBVV95cUxNbjgtc2oxSTRxeGJPTW5wNzYzRmFpMXVzcWctUlM2ZDBKYW1NcXlNY29keEFaeHRjQ1RkbUVUTUhOaGdtSTdUeDhDQW9HRnNDaUZDYXBnWE92Wi1tM3VhT3NFWDFhanRBd3NFVEdqbkdhdE95Q2VoTlZ1VFNFUUxuYjc0dExCcDJxVk9JRWNOdXJFNGpDQmpoRGpTNDM3aEE2QXJSZU10aUMwUk9uVHlwNi1PQnRNMWFyZHE2X3R0elpsOVhWem9VbWR3eTNKakNqV294N3hDN0ZEQQ?oc=5', '2025-12-10 11:16:18', 1, 0, '2025-12-10 17:26:58', '2025-12-10 17:26:58'),
(20, 'Không khí nhiều khu vực ở Hà Nội rất không tốt cho sức khỏe - Laodong.vn', 'Không khí nhiều khu vực ở Hà Nội rất không tốt cho sức khỏe&amp;nbsp;&amp;nbsp;Laodong.vn', NULL, 'news', 'https://images.unsplash.com/photo-1532094349884-543bc11b234d?q=80&amp;w=2070', 'Laodong.vn', 'https://news.google.com/rss/articles/CBMiowFBVV95cUxPQjZMcmdtQm1RQzBiV2lucjBsQ21RUUtwUzcxOUFBakV4Y1YzS2FiMmpKaXA2M2h5SUpjdXV1MU82TVpqaFlGOE1DSXZJeWFfb3kwLUpvTzdVTEpvMV9rVi1lS2JGMllhREtUQWFzMUFSWG1fU1l6cHJtTHBOU2w2RWRReFh3Rm1ibXpYaTBiTVhxWjFJaFA5V3lCRnpReE4wTnlv?oc=5', '2025-12-08 08:55:05', 1, 0, '2025-12-10 17:26:58', '2025-12-10 17:26:58'),
(21, 'Vietnam society is superior to America in almost every ways', '- Yes, you do not have free speech\n- Yes, your travel option is extreme limited\n- Yes, air is polluted.\n\n- But you do not have to pay property taxes\n- But you do not have to pay health insurance, or your health insurance is dirt cheap comparing to wh...', NULL, 'news', 'https://images.unsplash.com/photo-1470071459604-3b5ec3a7fe05?q=80&amp;w=2074&amp;auto=format&amp;fit=crop', 'Reddit (u/Boring-Test5522)', 'https://www.reddit.com/r/VietNam/comments/1qc6bim/vietnam_society_is_superior_to_america_in_almost/', '2026-01-14 05:58:32', 1, 0, '2026-01-14 12:00:26', '2026-01-14 12:00:26'),
(22, 'I don’t understand the hate for Vietjet Air.', '', NULL, 'news', 'https://preview.redd.it/s9ijx2mvixcg1.jpeg?auto=webp&amp;s=0b33981870d37b321a5ea429cdbd4c0ff0392af4', 'Reddit (u/i_dont_know24680)', 'https://www.reddit.com/r/VietNam/comments/1qawfxk/i_dont_understand_the_hate_for_vietjet_air/', '2026-01-12 21:33:26', 1, 0, '2026-01-14 12:00:26', '2026-01-14 12:00:26'),
(23, 'Come on…', 'What is going on??? This is upsetting', NULL, 'news', 'https://preview.redd.it/5cl7fvc8rncg1.jpeg?auto=webp&amp;s=6b4c84f20eee991fd0be52ce7bc66f5f341ef6ba', 'Reddit (u/Original-Line-9941)', 'https://www.reddit.com/r/VietNam/comments/1q9r9w3/come_on/', '2026-01-11 12:42:25', 1, 0, '2026-01-14 12:00:26', '2026-01-14 12:00:26'),
(24, 'Ho Chi Minh City plans to ban petrol vehicles downtown in EV push', 'Hello r/VietNam. This is Dave from Nikkei Asia. \n\nI’m sharing this article for anyone interested. I&#039;m providing a free portion of important info in the article in this body text here.\n\nThe excerpt starts below.\n\n\\-- -- --\n\nHO CHI MINH CITY -- Vi...', NULL, 'news', 'https://external-preview.redd.it/ZP60Lt1C5fFpV3nqGtywF83ii4IXK-zFyyrLstvHxsc.jpeg?auto=webp&amp;s=e0c26711714d84da4b6078749d6e78281534d3bd', 'Reddit (u/NikkeiAsia)', 'https://www.reddit.com/r/VietNam/comments/1q74vpb/ho_chi_minh_city_plans_to_ban_petrol_vehicles/', '2026-01-08 13:51:22', 1, 0, '2026-01-14 12:00:26', '2026-01-14 12:00:26'),
(25, 'What kind of method is this?', 'I recently got an eye swollen and itchy, mostly from air pollution in Vietnam, and it really affected my travel. I&#039;m curious because a friend suggested a grandma do something to my hand and now i have a string on my middl3 finger and wonder,\n\nDoes it...', NULL, 'news', 'https://b.thumbs.redditmedia.com/tJd3X_dU-8R2E6KCLpWngdFny_fcnpSxwaB9yxo-Ouw.jpg', 'Reddit (u/Dankhak)', 'https://www.reddit.com/r/VietNam/comments/1q66xik/what_kind_of_method_is_this/', '2026-01-07 12:29:08', 1, 0, '2026-01-14 12:00:26', '2026-01-14 12:00:26'),
(26, 'Fun times visiting the Da Nang museum shortly after landing at the airport', '', NULL, 'news', 'https://b.thumbs.redditmedia.com/tkkFq1sLYBy0HDtztGaUAzIpW66TCJrUI0iGY_osTGA.jpg', 'Reddit (u/NeighborhoodFatCat)', 'https://www.reddit.com/r/VietNam/comments/1q4kj2j/fun_times_visiting_the_da_nang_museum_shortly/', '2026-01-05 19:33:51', 1, 0, '2026-01-14 12:00:26', '2026-01-14 12:00:26'),
(27, 'Fast track needed? Arrival on HCMC airport and flying to Hanoi', 'Hello,   \nI&#039;m heading to Vietnam next week and I&#039;m wondering if I need to buy fast track service?   \nEstimated landing is 7:15 AM. Afterwards I got next flight at 10AM. The difference is in the flight carriers. (Qatar for international flight, VietJe...', NULL, 'news', 'https://images.unsplash.com/photo-1470071459604-3b5ec3a7fe05?q=80&amp;w=2074&amp;auto=format&amp;fit=crop', 'Reddit (u/kepas06)', 'https://www.reddit.com/r/VietNam/comments/1q3uwm5/fast_track_needed_arrival_on_hcmc_airport_and/', '2026-01-04 23:54:21', 1, 0, '2026-01-14 12:00:26', '2026-01-14 12:00:26'),
(28, 'VietJet Air: Single name on passport/ticket issue – Will I be denied boarding?', 'Hi everyone,\n\nI’m looking for some advice or past experiences regarding a name formatting issue with **VietJet Air**.\n\nMy wife has a **single name** (no surname) on her passport. When booking the flight, we entered it as:\n\n* **First Name:** Ms (Tit...', NULL, 'news', 'https://images.unsplash.com/photo-1470071459604-3b5ec3a7fe05?q=80&amp;w=2074&amp;auto=format&amp;fit=crop', 'Reddit (u/what_am_i_doing24)', 'https://www.reddit.com/r/VietNam/comments/1q2qbje/vietjet_air_single_name_on_passportticket_issue/', '2026-01-03 16:23:33', 1, 0, '2026-01-14 12:00:26', '2026-01-14 12:00:26'),
(29, 'Onward Flight Required if Flying in from Thailand ?', 'So I may spend 3-6 weeks or less in Vietnam as a UK resident and have not booked an outward flight accordingly as I may go overland to Cambodia, by air back to Thailand or on to Sri Lanka. \n\nWill this be an issue going from Thailand to Vietnam on Air...', NULL, 'news', 'https://images.unsplash.com/photo-1470071459604-3b5ec3a7fe05?q=80&amp;w=2074&amp;auto=format&amp;fit=crop', 'Reddit (u/mdeeebeee-101)', 'https://www.reddit.com/r/VietNam/comments/1q2pfur/onward_flight_required_if_flying_in_from_thailand/', '2026-01-03 15:28:44', 1, 0, '2026-01-14 12:00:26', '2026-01-14 12:00:26'),
(30, 'Check this air bnb in Da nang', 'Is it worth staying here in Da nang? Or da nang is a place to explore outside rather spending much on properties ?', NULL, 'news', 'https://preview.redd.it/qry0bpfvv2bg1.jpeg?auto=webp&amp;s=890d8c3fed76a190fa48f153a601ea0ae0cd664a', 'Reddit (u/BedBeginning8986)', 'https://www.reddit.com/r/VietNam/comments/1q2nb2g/check_this_air_bnb_in_da_nang/', '2026-01-03 13:26:53', 1, 0, '2026-01-14 12:00:26', '2026-01-14 12:00:26'),
(31, 'Chất lượng không khí Hà Nội rất xấu - VnExpress', 'Chất lượng không khí Hà Nội rất xấu&amp;nbsp;&amp;nbsp;VnExpress', NULL, 'news', 'https://images.unsplash.com/photo-1532094349884-543bc11b234d?q=80&amp;w=2070', 'VnExpress', 'https://news.google.com/rss/articles/CBMiekFVX3lxTE1EQjZQVnpKdmRWZFE4aWJxNEtoWUptTS1vLUpMZl9xN1RMWlY1TktPMUZwWENsanFFRXQtUDBBSVZ1NFhiSjlnQS1VaUduZEpyQ3hJeEVCeldOek5RdVdXRHFEZ2ctVkpyYXhkNnc2YTE2cFJQNWZaWnV3?oc=5', '2026-01-13 09:43:07', 1, 0, '2026-01-14 12:00:26', '2026-01-14 12:00:26'),
(32, 'Hà Nội những ngày ô nhiễm không khí - Diễn đàn Đô thị', 'Hà Nội những ngày ô nhiễm không khí&amp;nbsp;&amp;nbsp;Diễn đàn Đô thị', NULL, 'news', 'https://images.unsplash.com/photo-1532094349884-543bc11b234d?q=80&amp;w=2070', 'Diễn đàn Đô thị', 'https://news.google.com/rss/articles/CBMiiAFBVV95cUxNZHBTZ2xIazdPMXY5R0FtVkJEOXg0UEJFODFVcWhKR0h4blp0UTRDcHlsZS12UHhpbGJab1VMN1ZTZEk1SjFRRmpUNnhXakdZNHQ4d2htYlMzS2FxVDNIZ29sTDhHOHJ3WnNPdGxJMVhEaHZxOEs2Nl81NXNULWdkYzFhU1k1Sm1I?oc=5', '2026-01-14 10:37:30', 1, 0, '2026-01-14 12:00:26', '2026-01-14 12:00:26'),
(33, 'Điểm mặt những &#039;thủ phạm&#039; gây ô nhiễm không khí miền Bắc - Báo Thanh Niên', 'Điểm mặt những &#039;thủ phạm&#039; gây ô nhiễm không khí miền Bắc&amp;nbsp;&amp;nbsp;Báo Thanh Niên', NULL, 'news', 'https://images.unsplash.com/photo-1532094349884-543bc11b234d?q=80&amp;w=2070', 'Báo Thanh Niên', 'https://news.google.com/rss/articles/CBMingFBVV95cUxPYTRzQlhRZFZlWUU3bldUMjNCWDZjVGhxaGRBZFZBVHQ1Mmp0S3JXZDYyMTl6MmxXSmF6R09yTGtPaVZaR0lacmpJVzM5WXNTanBwOUVDbnh6aVZRdVotSGhwZHZDSURHeE5uNkRleldEMXJjaVdtYWZ0aDdjZnFsMEZvellHWWV4TEIyLTc5QmkwS0ZFOUlDN0RlckRLQQ?oc=5', '2026-01-14 09:28:00', 1, 0, '2026-01-14 12:00:26', '2026-01-14 12:00:26'),
(34, 'Nhiều nơi ở miền Bắc ô nhiễm không khí, chất lượng không khí tại Hà Nội ở mức xấu - VTV.vn', 'Nhiều nơi ở miền Bắc ô nhiễm không khí, chất lượng không khí tại Hà Nội ở mức xấu&amp;nbsp;&amp;nbsp;VTV.vn', NULL, 'news', 'https://images.unsplash.com/photo-1532094349884-543bc11b234d?q=80&amp;w=2070', 'VTV.vn', 'https://news.google.com/rss/articles/CBMiugFBVV95cUxQR2cteDlOR0owbFdwSzJieVBxeG9mbW1BVTk3UUJjZzBpeEZPLUR3VlViQUlzM08wQS00UU5udGlHTVRabTAySlEwejVZQTYzNFNlLUZFUEx6VFY4VThrTlZnY3k5WXM0alpkNDM5WlRJd3RsWXFNUGN3eGRGQS15ME9OU1NFRElfS3kyZGVwVDJJSDZYc3V1U1AtT0otckx6UG9xM01RbkpxNXFVbGtsdWYtVmhJX0NRQ3c?oc=5', '2026-01-14 09:06:00', 1, 0, '2026-01-14 12:00:26', '2026-01-14 12:00:26'),
(35, 'Hà Tĩnh ban hành Kế hoạch quản lý chất lượng môi trường không khí giai đoạn 2025-2030 - Cổng thông tin điện tử tỉnh Hà Tĩnh', 'Hà Tĩnh ban hành Kế hoạch quản lý chất lượng môi trường không khí giai đoạn 2025-2030&amp;nbsp;&amp;nbsp;Cổng thông tin điện tử tỉnh Hà Tĩnh', NULL, 'news', 'https://images.unsplash.com/photo-1532094349884-543bc11b234d?q=80&amp;w=2070', 'Cổng thông tin điện tử tỉnh Hà Tĩnh', 'https://news.google.com/rss/articles/CBMitwFBVV95cUxOUE5GVE1jOTczaVJXQmtDUmdnY1BzYzEzY1BfdDBuVnktaW5fSWtZdWtIVmxQUGp5Y2RwcGVBMG1hd19CR3BhblBlcDJIVW95LXVGQi10cGpIZ1p6TTRWTEJhZVN4eVI2N28yZnFYX21WWl9Pc3B1NENfTFZIeHF6T01kMnBrc1g3MXZrN0FpcEhhQWhCUkZmYk1qZERXSE4xSnZJUmFsQ3I0cF9WOVhYa0NvOE95c2c?oc=5', '2026-01-14 09:39:35', 1, 0, '2026-01-14 12:00:26', '2026-01-14 12:00:26'),
(36, 'Sáng 13/1, Hà Nội ô nhiễm không khí thứ 2 thế giới - moitruong.net.vn', 'Sáng 13/1, Hà Nội ô nhiễm không khí thứ 2 thế giới&amp;nbsp;&amp;nbsp;moitruong.net.vn', NULL, 'news', 'https://images.unsplash.com/photo-1532094349884-543bc11b234d?q=80&amp;w=2070', 'moitruong.net.vn', 'https://news.google.com/rss/articles/CBMijgFBVV95cUxPMFZOdS11eFF6MlpoMGtBVkxNZFdVR2Z2Rkl6ak5TSWtibjdiNl9IcmJKWWJDel85cl82aE9lRmdtRjI4VnlIaUxnWERESjhRZFVxeGN6NWRvV050UmRlMk0zbll1NjBna2lCNnR5d1pNNERkODlHdXpRX0ktUXQzeHNHVmZWSnhtb1I4V2x3?oc=5', '2026-01-13 11:07:01', 1, 0, '2026-01-14 12:00:26', '2026-01-14 12:00:26'),
(37, 'Bụi mịn dày đặc, không khí Hà Nội ô nhiễm thứ 2 thế giới - Znews', 'Bụi mịn dày đặc, không khí Hà Nội ô nhiễm thứ 2 thế giới&amp;nbsp;&amp;nbsp;Znews', NULL, 'news', 'https://images.unsplash.com/photo-1532094349884-543bc11b234d?q=80&amp;w=2070', 'Znews', 'https://news.google.com/rss/articles/CBMikwFBVV95cUxQZEVjRXAwYTdTZE5XbDFURXdoOG81Z1dtTE5iU0NKalNEaVpNdjBQUTRvUGt4RW1oemVMZmltTHh3Si1FejNPRVo2YnpzS3dEU05zb0J3dTVZVy1hS2c1T05BSUJIWVlNaUU1OUZIMF81Y3pXWnJTclIyWFNuTVB4dEFVNE1WSjFJNWRzM0FEcFBvWFk?oc=5', '2026-01-13 09:45:48', 1, 0, '2026-01-14 12:00:26', '2026-01-14 12:00:26'),
(38, 'Các bệnh hô hấp do ô nhiễm môi trường, không khí - Bệnh Viện Đa Khoa Quốc Tế Thu Cúc', 'Các bệnh hô hấp do ô nhiễm môi trường, không khí&amp;nbsp;&amp;nbsp;Bệnh Viện Đa Khoa Quốc Tế Thu Cúc', NULL, 'news', 'https://images.unsplash.com/photo-1532094349884-543bc11b234d?q=80&amp;w=2070', 'Bệnh Viện Đa Khoa Quốc Tế Thu Cúc', 'https://news.google.com/rss/articles/CBMimwFBVV95cUxPcjFwcE9JT2dsUW03ckFSSUxLbUw0MEpZM1NBQ2prMGpEdzhObHlLeEwxcXVkWVdSMzhPM2ZaeU5Id2hKUlNEc2VpOUpxN1Z5ZFNOa3JzbWRySkg0ckNWTVF4TmxLX1ZVbFpIU09VVXF5ZTFoNkp1TDBUakc3SzRKSDIyb1dWanpmaTBCT3F2cDRlZVFneS1KMW5Zaw?oc=5', '2026-01-10 15:00:00', 1, 0, '2026-01-14 12:00:26', '2026-01-14 12:00:26'),
(39, 'Người chạy bộ nên bảo vệ phổi trong thời tiết lạnh thế nào? - Laodong.vn', 'Người chạy bộ nên bảo vệ phổi trong thời tiết lạnh thế nào?&amp;nbsp;&amp;nbsp;Laodong.vn', NULL, 'news', 'https://images.unsplash.com/photo-1532094349884-543bc11b234d?q=80&amp;w=2070', 'Laodong.vn', 'https://news.google.com/rss/articles/CBMinwFBVV95cUxNMFE5aTRLQ3lYOExrZ3VLQlpuX0NpcUExckZWVGhzYndGek91Zi1XNmE5bmVpTnNpTkt5QTQ2YzZ6bmFfblA0WGlZRUNCdnZQTXZtd1lZNi05UENET2ZYd1dLYlRsdTdWZ1M5MEJrbzBhTnpwX3BGX2lEdGQzLXFyT2IwNzZOM3RTOGw1cTR0RDVNbjcxSHpNOEFLVVlsdVU?oc=5', '2026-01-14 16:16:00', 1, 0, '2026-01-14 12:00:26', '2026-01-14 12:00:26'),
(40, 'Ngày 11 tháng 1 năm 2026: Thành phố Hồ Chí Minh nằm trong top 10 thành phố ô nhiễm nhất thế giới. - IQAir', 'Ngày 11 tháng 1 năm 2026: Thành phố Hồ Chí Minh nằm trong top 10 thành phố ô nhiễm nhất thế giới.&amp;nbsp;&amp;nbsp;IQAir', NULL, 'news', 'https://images.unsplash.com/photo-1532094349884-543bc11b234d?q=80&amp;w=2070', 'IQAir', 'https://news.google.com/rss/articles/CBMiqwFBVV95cUxPSkVRMGtPdENzT1VXMzFOUVQ2XzRCWGZCNnBiYmZfNzc1bndIUXN2TmRnRGo5aERWUGwwTzFMblUxb08wcGhta0lSdUlkS0ZEM0Y3MV9uYVRnQVo5Q1AwZGhLTk1QMTBOeF95NU9uQlI2Ry05LTMwV3RyVUV1bDJkenhKMWc0MU1Xb3NNOEJlVHFqQmMzLWRVYzVEd29FQmRIUzhOVHRIaG92TEk?oc=5', '2026-01-11 20:45:55', 1, 0, '2026-01-14 12:00:26', '2026-01-14 12:00:26'),
(41, 'Không khí Hà Nội tiếp tục ô nhiễm, ở mức rất kém - VnEconomy', 'Không khí Hà Nội tiếp tục ô nhiễm, ở mức rất kém&amp;nbsp;&amp;nbsp;VnEconomy', NULL, 'news', 'https://images.unsplash.com/photo-1532094349884-543bc11b234d?q=80&amp;w=2070', 'VnEconomy', 'https://news.google.com/rss/articles/CBMifEFVX3lxTFBUS093NmE4RVBVMW4ta1lINjdVWHBrTDdCRHNXZGxqSlNpODF3Z2ZpTFNDWlh3SXV4TDRRWFFfX3l5a012aUFMQ0Etb2FFVXBBaVZicE4wenBJbWIxaE9QQnhyUFNJSGFQVFpPNXNyQ3gtc3BHYlpuMll6Z3U?oc=5', '2026-01-13 11:02:00', 1, 0, '2026-01-14 13:02:32', '2026-01-14 13:02:32'),
(42, 'Which seat #s for ocean view on the reunification rail?', 'I’m going from Da Nang to Hue in the HD2 Train in carriage 1. \n\nWhite seats are available. Thank you!', NULL, 'news', 'https://preview.redd.it/2ixh0x0e0hdg1.jpeg?auto=webp&amp;s=596d6397a1a8df2fe09994d0b082076c79026c1c', 'Reddit (u/thenameisjankins)', 'https://www.reddit.com/r/VietNam/comments/1qddsjo/which_seat_s_for_ocean_view_on_the_reunification/', '2026-01-15 15:05:23', 1, 0, '2026-01-15 10:08:43', '2026-01-15 10:08:43'),
(43, 'Air quality in Ninh Binh', 'I just got to Ninh Binh and can’t believe how bad the air quality is. On the AQI scale, it’s technically a little better than Hanoi, but it looks about the same. I came here because of the beautiful scenery, but I can’t even see anything becaus...', NULL, 'news', 'https://images.unsplash.com/photo-1470071459604-3b5ec3a7fe05?q=80&amp;w=2074&amp;auto=format&amp;fit=crop', 'Reddit (u/Sea-Trade865)', 'https://www.reddit.com/r/VietNam/comments/1qdd9fn/air_quality_in_ninh_binh/', '2026-01-15 14:33:11', 1, 0, '2026-01-15 10:08:43', '2026-01-15 10:08:43'),
(44, 'PSA: If you lose your passport in Vietnam, be prepared for a bureaucratic nightmare (my 8-day ordeal)', '**\\[AI-assisted post disclaimer\\]**\n\nThis post was written with help from AI to organize and clarify the chaotic timeline of what happened. All events are real and happened to me in January 2026.  \n\\_\\_\\_\\_\\_\\_\\_\\_\\_\\_\\_  \n  \nHey everyone, just wante...', NULL, 'news', 'https://images.unsplash.com/photo-1470071459604-3b5ec3a7fe05?q=80&amp;w=2074&amp;auto=format&amp;fit=crop', 'Reddit (u/tenchuchoy)', 'https://www.reddit.com/r/VietNam/comments/1qcyjd0/psa_if_you_lose_your_passport_in_vietnam_be/', '2026-01-15 03:32:10', 1, 0, '2026-01-15 10:08:43', '2026-01-15 10:08:43'),
(45, '[Video] Ô nhiễm không khí bao trùm miền Bắc - Báo Nhân Dân điện tử', '[Video] Ô nhiễm không khí bao trùm miền Bắc&amp;nbsp;&amp;nbsp;Báo Nhân Dân điện tử', NULL, 'news', 'https://images.unsplash.com/photo-1532094349884-543bc11b234d?q=80&amp;w=2070', 'Báo Nhân Dân điện tử', 'https://news.google.com/rss/articles/CBMiggFBVV95cUxONjdfbFZKSFp1WW5aOTBXQjM1V2hfUTZ4d2lYX0pYUXJLNEVpZUJPUUdaT01lNVZTT293R3lVUTNzM1hrUlRGR1hHQXptUHhRcDJMVWZLc2R6Szk2QWRYdklkZGt3TzdPVnhwWjBlYzJRS1VlTkFMY294WUI2WnhJcTRB?oc=5', '2026-01-15 14:39:00', 1, 0, '2026-01-15 10:08:43', '2026-01-15 10:08:43'),
(46, 'Hà Nội kéo dài chuỗi ngày ô nhiễm không khí, cần có biện pháp bảo vệ sức khoẻ người dân - nguonluc.com.vn', 'Hà Nội kéo dài chuỗi ngày ô nhiễm không khí, cần có biện pháp bảo vệ sức khoẻ người dân&amp;nbsp;&amp;nbsp;nguonluc.com.vn', NULL, 'news', 'https://images.unsplash.com/photo-1532094349884-543bc11b234d?q=80&amp;w=2070', 'nguonluc.com.vn', 'https://news.google.com/rss/articles/CBMivwFBVV95cUxQTTI1eUoxQzl1WVh6bHdoc1E2MmtmX2piNXR5ZXRYLUl1YkNWdWxJOHhqOUhmb21LV1FweDdkWFlRZUphSThUb1NWYnhQWnYwSkhXaWxVVk15Q1laRjdGd3F2bldkWW5kUVhhUFM5bzFXVzZGbWtWRjNBWXpQUlZicVBLVWlaSk9penQwMm5KdndKdGl3Q3BZQnhZY3M1WnZiSzhFOGJOMG5YSk42aWYtV3JmUDBteVlHQzJrMVRuYw?oc=5', '2026-01-15 13:55:45', 1, 0, '2026-01-15 10:08:43', '2026-01-15 10:08:43'),
(47, 'Ô nhiễm không khí kéo dài, Hà Nội còn phải “nín thở” đến khi nào? - kinhtemoitruong.vn', 'Ô nhiễm không khí kéo dài, Hà Nội còn phải “nín thở” đến khi nào?&amp;nbsp;&amp;nbsp;kinhtemoitruong.vn', NULL, 'news', 'https://images.unsplash.com/photo-1532094349884-543bc11b234d?q=80&amp;w=2070', 'kinhtemoitruong.vn', 'https://news.google.com/rss/articles/CBMiogFBVV95cUxPODJudDVQZ3p5cjljc0FMVkhYNHg0VFNxY0VwQmVDN3pVN1dOT1Y4Rk0tWUNLUDR6V004Z0c4TUIzSXV2dWFDaEN1X3MtSTdQaE5KY1ZGWFAwMHJVTnBRd1puRGtSUFluTHVNVjdrTTBjY1g5U25LLWxlMUlWU09zSWJTbjBhM2Jsd1NvaVI5OHRnaDBZQnRXb2pBT1JiZUZpakE?oc=5', '2026-01-15 09:44:00', 1, 0, '2026-01-15 10:08:43', '2026-01-15 10:08:43'),
(48, 'Sáng nay nhiều tỉnh miền Bắc tiếp tục ô nhiễm không khí - Báo Sức khỏe &amp; Đời sống', 'Sáng nay nhiều tỉnh miền Bắc tiếp tục ô nhiễm không khí&amp;nbsp;&amp;nbsp;Báo Sức khỏe &amp; Đời sống', NULL, 'news', 'https://images.unsplash.com/photo-1532094349884-543bc11b234d?q=80&amp;w=2070', 'Báo Sức khỏe &amp; Đời sống', 'https://news.google.com/rss/articles/CBMipwFBVV95cUxNMnRGSTRUem5WeWpQdnNUSHRhMmhUd2xWdTVicHZOd0RvSmhOMGx3bGFaYzZBYl9WaFlrMFJGVGw3ekRjcWs4ZVVmMlBGM2hBSzctZWpJcTlmWjk4a1NMUngzblVTbjU1UG1YV3FmSXVtQkRUQU1fRGN4T0hKbE9NODdDRENfN0hKb09VaURWTWZtemxkUi05b1R1NkRhbXhscVBjaExlMA?oc=5', '2026-01-15 08:41:00', 1, 0, '2026-01-15 10:08:43', '2026-01-15 10:08:43'),
(49, 'Chống ô nhiễm không khí phải bắt đầu từ tư duy liên vùng - Báo Kinh tế đô thị', 'Chống ô nhiễm không khí phải bắt đầu từ tư duy liên vùng&amp;nbsp;&amp;nbsp;Báo Kinh tế đô thị', NULL, 'news', 'https://images.unsplash.com/photo-1532094349884-543bc11b234d?q=80&amp;w=2070', 'Báo Kinh tế đô thị', 'https://news.google.com/rss/articles/CBMilgFBVV95cUxPbXFsanlrWmdMOGxKcnNvM2xKSnVZa1FrYl9ETGFPRUd1aFFxNjJiSk1Ta1FqS1BXMk1acHd0QzBjY1NuRFRUM3kwLVd2d285cEdCazZwZ3RDakJWYnBPaXhOeXZ2N0lZdUlOM3RqcVNndG5zdE5KMUVTeTR4RnhGb2dsYkZqT0h6aWxBbl9iaVNYNDNxWlE?oc=5', '2026-01-15 06:40:18', 1, 0, '2026-01-15 10:08:43', '2026-01-15 10:08:43'),
(50, 'Miền Bắc ô nhiễm không khí kéo dài - VTV.vn', 'Miền Bắc ô nhiễm không khí kéo dài&amp;nbsp;&amp;nbsp;VTV.vn', NULL, 'news', 'https://images.unsplash.com/photo-1532094349884-543bc11b234d?q=80&amp;w=2070', 'VTV.vn', 'https://news.google.com/rss/articles/CBMifEFVX3lxTE9UaVA3anJFeUhNSy1FMHY0OUFhMVNkUTVSeEdDLVlQbzgtRTlNd01hMjlHb0o1UmxrYXc1d0tkekhReDhVNHZRbTB2Y1lJMUpoX2hMc3VVRmd3M1Eta2lxUmJXYk1YVy10Wmw2YXcwTjZRcDdnM2w1bWwxazM?oc=5', '2026-01-15 06:33:00', 1, 0, '2026-01-15 10:08:43', '2026-01-15 10:08:43'),
(51, 'Thái Lan tạo mưa nhân tạo đối phó với ô nhiễm bụi mịn - Vietnam+ (VietnamPlus)', 'Thái Lan tạo mưa nhân tạo đối phó với ô nhiễm bụi mịn&amp;nbsp;&amp;nbsp;Vietnam+ (VietnamPlus)', NULL, 'news', 'https://images.unsplash.com/photo-1532094349884-543bc11b234d?q=80&amp;w=2070', 'Vietnam+ (VietnamPlus)', 'https://news.google.com/rss/articles/CBMinAFBVV95cUxPdzNGMmozdkl4WWo2QUdTdFJLU282X0JEbE9oNjY2MDdfOWVnc3E1NzJrU3JkblpSNGN6UnBWckVhU05yLVd2YS1VelFqTHBHbTB3UWplUlZsNEhTWUo4NFZPTHZfRjlDM2xSc195ZGlYOXlpeF9FcDV2R3Z1bkFaOTdKS1oycHVtWmpVOVFlM051d2dPbENKMlQ4OXM?oc=5', '2026-01-15 10:41:50', 1, 0, '2026-01-15 10:08:43', '2026-01-15 10:08:43'),
(52, 'Hà Nội &#039;nghẹt thở&#039; vì bụi mịn, ô nhiễm chạm mức báo động - Tiin.vn', 'Hà Nội &#039;nghẹt thở&#039; vì bụi mịn, ô nhiễm chạm mức báo động&amp;nbsp;&amp;nbsp;Tiin.vn', NULL, 'news', 'https://images.unsplash.com/photo-1532094349884-543bc11b234d?q=80&amp;w=2070', 'Tiin.vn', 'https://news.google.com/rss/articles/CBMilAFBVV95cUxPbmtFQ1FmSFp2dXZDZlNFRmVkUmdfTzRoTVltdndKdjloQzJQaVRQOHRtTDdCRDhYbktRaUdaUWNGZFNzTGdvaF9hMVhOYkhzSVh5U1dxREhsVzF0cHp2Tm1OTVdCMjc1M09OTXBRRDRCNzd2WmozLXo2bWplMHktTTVFZUtPVXhEeldldjFQQ2k1Z0Qz?oc=5', '2026-01-15 14:18:00', 1, 0, '2026-01-15 10:08:43', '2026-01-15 10:08:43'),
(53, 'Ô nhiễm không khí tại Hà Nội và 3 tỉnh ở mức xấu - Báo Thanh Niên', 'Ô nhiễm không khí tại Hà Nội và 3 tỉnh ở mức xấu&amp;nbsp;&amp;nbsp;Báo Thanh Niên', NULL, 'news', 'https://images.unsplash.com/photo-1532094349884-543bc11b234d?q=80&amp;w=2070', 'Báo Thanh Niên', 'https://news.google.com/rss/articles/CBMilwFBVV95cUxQcE14Mk1GN2haeGJYLWRVN3EtRno1Q2lCdjBTVWlpQlBPenJGWFl0XzRXbTdIcTdBTFczX1RmLW5CVFkxbUNYQklxOVZzNWx3YlpWQU5MOHlLeURXYThDQVo1MVRVazRRQWozNUpFWDFPaVlFT1M3WlNpLXhfN1dvNG9CS295Q2dnVlp5Z3RCNkpGYnRSRkQ4?oc=5', '2026-01-12 08:10:00', 1, 0, '2026-01-15 12:00:41', '2026-01-15 12:00:41'),
(54, 'Thái Lan: Ô nhiễm bụi mịn PM2.5 tại Bangkok ngày càng nghiêm trọng - moitruong.net.vn', 'Thái Lan: Ô nhiễm bụi mịn PM2.5 tại Bangkok ngày càng nghiêm trọng&amp;nbsp;&amp;nbsp;moitruong.net.vn', NULL, 'news', 'https://images.unsplash.com/photo-1532094349884-543bc11b234d?q=80&amp;w=2070', 'moitruong.net.vn', 'https://news.google.com/rss/articles/CBMiowFBVV95cUxNUzhURGN5bjVuR2NxVFQ0WUhSTldIdE05TVl0U2RKSDcyY0NNd2hpcDEzS2hKZjRBc3RiVWVuQndfRUxkc3NnSm0tRlJwM01MVndBUzVzZEw4anVsUzA3X3ozYWZJeXBSS2FwUnJiTGFsUjZPZTdaTUhtZVQ2WGNLUENaMXl4Szcwa2JTQS1PaklwX2VuZ2g5OE5SYUJ4VGpEU0dr?oc=5', '2026-01-15 20:00:01', 1, 0, '2026-01-16 02:08:44', '2026-01-16 02:08:44'),
(55, 'Sáng nay ô nhiễm không khí bao trùm Hà Nội - Báo Sức khỏe &amp; Đời sống', 'Sáng nay ô nhiễm không khí bao trùm Hà Nội&amp;nbsp;&amp;nbsp;Báo Sức khỏe &amp; Đời sống', NULL, 'news', 'https://images.unsplash.com/photo-1532094349884-543bc11b234d?q=80&amp;w=2070', 'Báo Sức khỏe &amp; Đời sống', 'https://news.google.com/rss/articles/CBMilgFBVV95cUxOTmRZWEtkRTU2TDRLaWI0RmYtbmdwSzV3dlhZME5BSnB3MTZ3dkc1NGtPc2c1dDFkX1NBV1IyUWF0cDJyM1N1SEJ6SndKTmM2ZF9XRUlNUjNXRTljRHMyY0VMLWJYWkpSVUE5X1BBdEc2Qml1MmRSc0VLNGd5NXVtZTg4LVFqZ3ZJVFN6aEwwZFRVeUdWcGc?oc=5', '2026-01-16 09:12:00', 1, 0, '2026-01-16 02:14:58', '2026-01-16 02:14:58'),
(56, 'Ô nhiễm không khí ở mức rất kém tại nhiều tỉnh, thành miền Bắc - baotintuc.vn', 'Ô nhiễm không khí ở mức rất kém tại nhiều tỉnh, thành miền Bắc&amp;nbsp;&amp;nbsp;baotintuc.vn', NULL, 'news', 'https://images.unsplash.com/photo-1532094349884-543bc11b234d?q=80&amp;w=2070', 'baotintuc.vn', 'https://news.google.com/rss/articles/CBMivAFBVV95cUxNbUFiQTROUkRkcGd2R0Fzbzg0V0lFMm9uUUFCMTl2WHlsdFQzNDkxbWpYOGF6Vlo4WUptTWFtbE9TSFREUnFpeFA2b192b0FLWUZNemtrdEFobVNYS0otVkxQZzMwazNGNDYtUWhzbEhkSmlERzJib1d3WmliQmZyalI3MmJGOGhjNm1Oa095ZTJZX2J2U05leG9MTW1ORFBFWEFlbnBmMk8tVHhmcjcwR0pVTTRsZ1BHTFlRNw?oc=5', '2026-01-16 09:38:00', 1, 0, '2026-01-16 03:03:13', '2026-01-16 03:03:13'),
(57, 'Sáng nay ô nhiễm không khí bao trùm Hà Nội - Eva.vn', 'Sáng nay ô nhiễm không khí bao trùm Hà Nội&amp;nbsp;&amp;nbsp;Eva.vn', NULL, 'news', 'https://images.unsplash.com/photo-1532094349884-543bc11b234d?q=80&amp;w=2070', 'Eva.vn', 'https://news.google.com/rss/articles/CBMiiAFBVV95cUxQUnNva1BSblNuWXJhYW1xYmwzMjUycm44cVpVb0RzdnloaElvUEpaMnVnMDdCdVpUNWRYd2RPdDN3U3FiNUVvTjhlMmh1RDU0NDNpVDZFczcySFBjMWhqTWYzM3htVV9wakpxcjl0bGtvZTRVbzZfNDR3OTFjMEhSUEVRY2Fra184?oc=5', '2026-01-16 10:20:00', 1, 0, '2026-01-16 03:31:10', '2026-01-16 03:31:10');

-- --------------------------------------------------------

--
-- Cấu trúc bảng cho bảng `pollution_reports`
--

CREATE TABLE `pollution_reports` (
  `report_id` int(11) NOT NULL PRIMARY KEY,
  `user_id` int(11) NOT NULL,
  `district_id` int(11) NOT NULL,
  `address` varchar(500) NOT NULL COMMENT 'Địa chỉ cụ thể',
  `type_id` int(11) NOT NULL COMMENT 'Loại ô nhiễm',
  `custom_type` varchar(100) DEFAULT NULL COMMENT 'Loại tùy chỉnh nếu type=other',
  `description` text NOT NULL COMMENT 'Mô tả chi tiết',
  `image_url` varchar(500) DEFAULT NULL COMMENT 'URL hình ảnh',
  `latitude` decimal(10,7) DEFAULT NULL COMMENT 'Vĩ độ (nếu có GPS)',
  `longitude` decimal(10,7) DEFAULT NULL COMMENT 'Kinh độ (nếu có GPS)',
  `status` enum('pending','verified','rejected') DEFAULT 'pending',
  `verified_by` int(11) DEFAULT NULL COMMENT 'Admin ID đã duyệt',
  `verified_at` timestamp NULL DEFAULT NULL,
  `rejection_reason` text DEFAULT NULL COMMENT 'Lý do từ chối',
  `created_at` timestamp NOT NULL DEFAULT current_timestamp(),
  `updated_at` timestamp NOT NULL DEFAULT current_timestamp() ON UPDATE current_timestamp()
) ENGINE=InnoDB DEFAULT CHARSET=utf8mb4 COLLATE=utf8mb4_unicode_ci COMMENT='Báo cáo ô nhiễm từ người dùng';

--
-- Đang đổ dữ liệu cho bảng `pollution_reports`
--

INSERT INTO `pollution_reports` (`report_id`, `user_id`, `district_id`, `address`, `type_id`, `custom_type`, `description`, `image_url`, `latitude`, `longitude`, `status`, `verified_by`, `verified_at`, `rejection_reason`, `created_at`, `updated_at`) VALUES
(1, 3, 10, 'Khu 41 A Phú Diễn', 5, 'Bụi mịn quá rõ', 'Nhiều bụi quá ảnh hưởng nhà cửa', '', NULL, NULL, 'verified', 1, '2025-12-12 08:33:29', '', '2025-12-10 06:36:10', '2025-12-12 08:33:29'),
(2, 3, 5, '169 Xuân thủy', 2, '', 'Khói bụi từ công trình xây dựng', '', NULL, NULL, 'verified', 1, '2025-12-12 06:11:53', NULL, '2025-12-11 16:56:41', '2025-12-12 06:11:53'),
(3, 3, 8, 'Aeonmall Long Biên', 3, '', 'Bụi và khói xe ô tô quá nhiều', '', NULL, NULL, 'rejected', 1, '2025-12-15 03:06:40', '', '2025-12-15 02:38:21', '2025-12-15 03:06:40'),
(5, 2, 5, 'Xuân thủy', 5, 'Bão bụi', 'Khói, bão đến nơi', 'uploads/report_693f7a98e42767.67584819.jpg', NULL, NULL, 'verified', 1, '2025-12-15 03:06:42', NULL, '2025-12-15 03:03:52', '2025-12-15 03:06:42'),
(6, 2, 1, 'Quang Trung', 1, NULL, '22h30-0h khói bụi dày đặc', 'uploads/report_693f7af21cbf16.88288703.jpg', NULL, NULL, 'verified', 1, '2025-12-15 03:06:46', NULL, '2025-12-15 03:05:22', '2025-12-15 03:06:46'),
(7, 2, 9, 'Tây Tựu', 3, NULL, 'Tắc đường 1 cách khủng khiếp', 'uploads/report_69427847561d23.57730733.jpg', NULL, NULL, 'verified', 1, '2025-12-17 09:55:03', NULL, '2025-12-17 09:30:47', '2025-12-17 09:55:03'),
(8, 2, 10, '41A Phú Diễn', 5, 'Hóa chất', 'Ô nhiễm không khí', 'uploads/report_6968e70e48b626.07302423.jpg', NULL, NULL, 'pending', NULL, NULL, NULL, '2026-01-15 13:09:34', '2026-01-15 13:09:34'),
(9, 2, 10, 'Cầu diễn', 5, 'Không khí ô nhiễm', 'Không gian sống bừa bộn ảnh hưởng chất lượng', 'uploads/report_69699e330a8a76.23251633.png', NULL, NULL, 'pending', NULL, NULL, NULL, '2026-01-16 02:10:59', '2026-01-16 02:10:59');

-- --------------------------------------------------------

--
-- Cấu trúc bảng cho bảng `system_settings`
--

CREATE TABLE `system_settings` (
  `id` int(11) NOT NULL PRIMARY KEY CHECK (`id` = 1),
  `maintenance_mode` tinyint(1) NOT NULL DEFAULT 0,
  `refresh_interval` varchar(16) NOT NULL DEFAULT '15m',
  `last_updated` datetime DEFAULT NULL,
  `updated_by` varchar(100) DEFAULT NULL
) ENGINE=InnoDB DEFAULT CHARSET=utf8mb4 COLLATE=utf8mb4_general_ci;

--
-- Đang đổ dữ liệu cho bảng `system_settings`
--

INSERT INTO `system_settings` (`id`, `maintenance_mode`, `refresh_interval`, `last_updated`, `updated_by`) VALUES
(1, 0, '15m', '2025-12-16 23:24:26', 'admin');

-- --------------------------------------------------------

--
-- Cấu trúc bảng cho bảng `users`
--

CREATE TABLE `users` (
  `user_id` int(11) NOT NULL PRIMARY KEY,
  `username` varchar(100) NOT NULL COMMENT 'Tên đăng nhập hoặc email',
  `email` varchar(255) NOT NULL,
  `password_hash` varchar(255) NOT NULL COMMENT 'Bcrypt hash',
  `role` enum('admin','user') DEFAULT 'user' COMMENT 'Vai trò: admin hoặc user',
  `full_name` varchar(200) DEFAULT NULL,
  `phone` varchar(20) DEFAULT NULL,
  `avatar_url` varchar(500) DEFAULT NULL,
  `is_active` tinyint(1) DEFAULT 1 COMMENT '1=active, 0=banned',
  `last_login` timestamp NULL DEFAULT NULL,
  `created_at` timestamp NOT NULL DEFAULT current_timestamp(),
  `updated_at` timestamp NOT NULL DEFAULT current_timestamp() ON UPDATE current_timestamp()
) ENGINE=InnoDB DEFAULT CHARSET=utf8mb4 COLLATE=utf8mb4_unicode_ci COMMENT='Bảng người dùng';

--
-- Đang đổ dữ liệu cho bảng `users`
--

INSERT INTO `users` (`user_id`, `username`, `email`, `password_hash`, `role`, `full_name`, `phone`, `avatar_url`, `is_active`, `last_login`, `created_at`, `updated_at`) VALUES
(1, 'admin', 'admin@airhanoi.vn', '$2y$10$vfgg2ZCUDYlY2OgkJScqT.iLMiHWOBuXkxWvlL5zowF1HeV.XTMJm', 'admin', 'System Administrator', NULL, NULL, 1, '2026-01-16 03:14:11', '2025-12-10 04:04:58', '2026-01-16 03:14:11'),
(2, 'user1', 'user1@airhanoi.vn', '$2y$10$tWux.FVBOlbE1gpu.nM0vutEb/XLQq6s.uxeXbVn8t9VNoAf46Lde', 'user', 'Standard User', NULL, NULL, 1, '2025-12-11 08:19:45', '2025-12-10 04:04:58', '2026-01-16 03:21:25'),
(3, 'user@airhanoi.vn', 'user@airhanoi.vn', '$2y$10$n/8bDAq1mdkVqYBU6Dlg7e5iXe4EkIG6fZym.boYE3U9uhYlcBLbq', 'user', 'Tho', NULL, NULL, 1, '2025-12-17 02:01:47', '2025-12-10 06:26:15', '2025-12-17 02:01:47'),
(4, '22111061580@hunre.edu.vn', '22111061580@hunre.edu.vn', '$2y$10$vpxd9s2hw4NL/T9KfvVHs.3HHufnEAVm4xZNo3g/shI.NmD6mVVTC', 'user', 'Thọ', NULL, NULL, 1, '2026-01-16 03:06:24', '2025-12-11 07:54:46', '2026-01-16 03:06:24'),
(5, 'Thọ hehe', 'adairhanoi@gmail.com', '$2y$10$VWfU50iHs45voqJEz62DUOOsGaKBZLVfzUbQc8t/EitXhtUwr1vba', 'user', NULL, NULL, NULL, 1, NULL, '2026-01-16 03:15:11', '2026-01-16 03:15:11');

-- --------------------------------------------------------

--
-- Cấu trúc bảng cho bảng `user_settings`
--

CREATE TABLE `user_settings` (
  `settings_id` int(11) NOT NULL PRIMARY KEY,
  `user_id` int(11) NOT NULL,
  `alert_district_id` int(11) DEFAULT NULL COMMENT 'Quận/huyện muốn nhận cảnh báo',
  `alert_threshold` int(11) DEFAULT 150 COMMENT 'Ngưỡng AQI để cảnh báo',
  `enable_email_alerts` tinyint(1) DEFAULT 1,
  `enable_sms_alerts` tinyint(1) DEFAULT 0,
  `language` enum('vi','en') DEFAULT 'vi',
  `temperature_unit` enum('c','f') DEFAULT 'c',
  `theme` varchar(20) DEFAULT 'auto' COMMENT 'light, dark, auto',
  `created_at` timestamp NOT NULL DEFAULT current_timestamp(),
  `updated_at` timestamp NOT NULL DEFAULT current_timestamp() ON UPDATE current_timestamp()
) ENGINE=InnoDB DEFAULT CHARSET=utf8mb4 COLLATE=utf8mb4_unicode_ci COMMENT='Cài đặt người dùng';

--
-- Đang đổ dữ liệu cho bảng `user_settings`
--

INSERT INTO `user_settings` (`settings_id`, `user_id`, `alert_district_id`, `alert_threshold`, `enable_email_alerts`, `enable_sms_alerts`, `language`, `temperature_unit`, `theme`, `created_at`, `updated_at`) VALUES
(1, 1, NULL, 150, 1, 0, 'vi', 'c', 'auto', '2025-12-10 04:04:58', '2025-12-10 04:04:58'),
(2, 2, NULL, 150, 1, 0, 'vi', 'c', 'auto', '2025-12-10 04:04:58', '2025-12-10 04:04:58'),
(3, 3, NULL, 150, 1, 0, 'vi', 'c', 'auto', '2025-12-10 06:26:15', '2025-12-10 06:26:15'),
(4, 4, NULL, 150, 1, 0, 'vi', 'c', 'auto', '2025-12-11 07:54:46', '2025-12-11 07:54:46');

-- --------------------------------------------------------

--
-- Cấu trúc đóng vai cho view `v_latest_air_quality`
-- (See below for the actual view)
--


-- --------------------------------------------------------

--
-- Cấu trúc đóng vai cho view `v_pending_reports_count`
-- (See below for the actual view)
--


-- --------------------------------------------------------

--
-- Cấu trúc cho view `v_latest_air_quality`
--
DROP TABLE IF EXISTS `v_latest_air_quality`;

CREATE ALGORITHM=UNDEFINED DEFINER=`root`@`localhost` SQL SECURITY DEFINER VIEW `v_latest_air_quality`  AS SELECT `d`.`district_id` AS `district_id`, `d`.`name` AS `district_name`, `d`.`latitude` AS `latitude`, `d`.`longitude` AS `longitude`, `aq`.`datetime` AS `datetime`, `aq`.`pm25` AS `pm25`, `aq`.`pm10` AS `pm10`, `aq`.`temperature` AS `temperature`, `aq`.`humidity` AS `humidity`, `aq`.`aqi` AS `aqi`, `aqs`.`level_name` AS `pollution_level`, `aqs`.`color_code` AS `aqi_color` FROM ((`dim_districts` `d` left join (select `aq1`.`record_id` AS `record_id`,`aq1`.`district_id` AS `district_id`,`aq1`.`datetime` AS `datetime`,`aq1`.`pm25` AS `pm25`,`aq1`.`pm10` AS `pm10`,`aq1`.`temperature` AS `temperature`,`aq1`.`humidity` AS `humidity`,`aq1`.`aqi` AS `aqi`,`aq1`.`aqi_level_id` AS `aqi_level_id`,`aq1`.`wind_speed` AS `wind_speed`,`aq1`.`wind_direction` AS `wind_direction`,`aq1`.`pressure` AS `pressure`,`aq1`.`source` AS `source`,`aq1`.`created_at` AS `created_at` from (`fact_air_quality` `aq1` join (select `fact_air_quality`.`district_id` AS `district_id`,max(`fact_air_quality`.`datetime`) AS `max_datetime` from `fact_air_quality` group by `fact_air_quality`.`district_id`) `aq2` on(`aq1`.`district_id` = `aq2`.`district_id` and `aq1`.`datetime` = `aq2`.`max_datetime`))) `aq` on(`d`.`district_id` = `aq`.`district_id`)) left join `dim_aqi_scale` `aqs` on(`aq`.`aqi_level_id` = `aqs`.`aqi_level_id`)) ;

-- --------------------------------------------------------

--
-- Cấu trúc cho view `v_pending_reports_count`
--
DROP TABLE IF EXISTS `v_pending_reports_count`;

CREATE ALGORITHM=UNDEFINED DEFINER=`root`@`localhost` SQL SECURITY DEFINER VIEW `v_pending_reports_count`  AS SELECT count(0) AS `pending_count` FROM `pollution_reports` WHERE `pollution_reports`.`status` = 'pending' ;

--
-- Chỉ mục cho các bảng đã đổ
--

--
-- Chỉ mục cho bảng `chat_history`
--
ALTER TABLE `chat_history`

  ADD KEY `fk_chat_user` (`user_id`),
  ADD KEY `idx_user_created` (`user_id`,`created_at`);

--
-- Chỉ mục cho bảng `dim_aqi_scale`
--
ALTER TABLE `dim_aqi_scale`

  ADD KEY `idx_aqi_range` (`min_aqi`,`max_aqi`);

--
-- Chỉ mục cho bảng `dim_districts`
--
ALTER TABLE `dim_districts`

  ADD UNIQUE KEY `uk_district_name` (`name`),
  ADD KEY `idx_location` (`latitude`,`longitude`);

--
-- Chỉ mục cho bảng `dim_pollution_types`
--
ALTER TABLE `dim_pollution_types`

  ADD UNIQUE KEY `uk_type_code` (`type_code`);

--
-- Chỉ mục cho bảng `fact_air_quality`
--
ALTER TABLE `fact_air_quality`

  ADD KEY `fk_air_quality_district` (`district_id`),
  ADD KEY `fk_air_quality_aqi_level` (`aqi_level_id`),
  ADD KEY `idx_datetime` (`datetime`),
  ADD KEY `idx_district_datetime` (`district_id`,`datetime`),
  ADD KEY `idx_air_quality_latest` (`district_id`,`datetime`);

--
-- Chỉ mục cho bảng `fact_forecast`
--
ALTER TABLE `fact_forecast`

  ADD KEY `fk_forecast_district` (`district_id`),
  ADD KEY `fk_forecast_aqi_level` (`aqi_level_id`),
  ADD KEY `idx_forecast_datetime` (`forecast_datetime`),
  ADD KEY `idx_district_forecast_datetime` (`district_id`,`forecast_datetime`),
  ADD KEY `idx_forecast_latest` (`district_id`,`forecast_datetime`);

--
-- Chỉ mục cho bảng `health_logs`
--
ALTER TABLE `health_logs`

  ADD KEY `fk_health_user` (`user_id`),
  ADD KEY `fk_health_district` (`district_id`),
  ADD KEY `idx_log_date` (`log_date`),
  ADD KEY `idx_user_date` (`user_id`,`log_date`);

--
-- Chỉ mục cho bảng `newsletter_subscribers`
--
ALTER TABLE `newsletter_subscribers`

  ADD UNIQUE KEY `email` (`email`),
  ADD KEY `idx_email` (`email`),
  ADD KEY `idx_status` (`status`);

--
-- Chỉ mục cho bảng `news_items`
--
ALTER TABLE `news_items`

  ADD KEY `idx_category` (`category`),
  ADD KEY `idx_published` (`is_published`,`published_at`);

--
-- Chỉ mục cho bảng `pollution_reports`
--
ALTER TABLE `pollution_reports`

  ADD KEY `fk_report_user` (`user_id`),
  ADD KEY `fk_report_district` (`district_id`),
  ADD KEY `fk_report_type` (`type_id`),
  ADD KEY `fk_report_verified_by` (`verified_by`),
  ADD KEY `idx_status` (`status`),
  ADD KEY `idx_created_at` (`created_at`),
  ADD KEY `idx_reports_user_status` (`user_id`,`status`);

--
-- Chỉ mục cho bảng `system_settings`
--


--
-- Chỉ mục cho bảng `users`
--
ALTER TABLE `users`

  ADD UNIQUE KEY `uk_email` (`email`),
  ADD UNIQUE KEY `uk_username` (`username`),
  ADD KEY `idx_role` (`role`),
  ADD KEY `idx_active` (`is_active`);

--
-- Chỉ mục cho bảng `user_settings`
--
ALTER TABLE `user_settings`

  ADD UNIQUE KEY `uk_user_settings` (`user_id`),
  ADD KEY `fk_settings_district` (`alert_district_id`);

--
-- AUTO_INCREMENT cho các bảng đã đổ
--

--
-- AUTO_INCREMENT cho bảng `chat_history`
--
ALTER TABLE `chat_history`
  MODIFY `chat_id` bigint(20) NOT NULL AUTO_INCREMENT;

--
-- AUTO_INCREMENT cho bảng `dim_aqi_scale`
--
ALTER TABLE `dim_aqi_scale`
  MODIFY `aqi_level_id` int(11) NOT NULL AUTO_INCREMENT, AUTO_INCREMENT=7;

--
-- AUTO_INCREMENT cho bảng `dim_districts`
--
ALTER TABLE `dim_districts`
  MODIFY `district_id` int(11) NOT NULL AUTO_INCREMENT, AUTO_INCREMENT=31;

--
-- AUTO_INCREMENT cho bảng `dim_pollution_types`
--
ALTER TABLE `dim_pollution_types`
  MODIFY `type_id` int(11) NOT NULL AUTO_INCREMENT, AUTO_INCREMENT=6;

--
-- AUTO_INCREMENT cho bảng `fact_air_quality`
--
ALTER TABLE `fact_air_quality`
  MODIFY `record_id` bigint(20) NOT NULL AUTO_INCREMENT, AUTO_INCREMENT=391;

--
-- AUTO_INCREMENT cho bảng `fact_forecast`
--
ALTER TABLE `fact_forecast`
  MODIFY `forecast_id` bigint(20) NOT NULL AUTO_INCREMENT, AUTO_INCREMENT=2066;

--
-- AUTO_INCREMENT cho bảng `health_logs`
--
ALTER TABLE `health_logs`
  MODIFY `log_id` int(11) NOT NULL AUTO_INCREMENT, AUTO_INCREMENT=12;

--
-- AUTO_INCREMENT cho bảng `newsletter_subscribers`
--
ALTER TABLE `newsletter_subscribers`
  MODIFY `id` int(11) NOT NULL AUTO_INCREMENT, AUTO_INCREMENT=4;

--
-- AUTO_INCREMENT cho bảng `news_items`
--
ALTER TABLE `news_items`
  MODIFY `news_id` int(11) NOT NULL AUTO_INCREMENT, AUTO_INCREMENT=58;

--
-- AUTO_INCREMENT cho bảng `pollution_reports`
--
ALTER TABLE `pollution_reports`
  MODIFY `report_id` int(11) NOT NULL AUTO_INCREMENT, AUTO_INCREMENT=10;

--
-- AUTO_INCREMENT cho bảng `users`
--
ALTER TABLE `users`
  MODIFY `user_id` int(11) NOT NULL AUTO_INCREMENT, AUTO_INCREMENT=6;

--
-- AUTO_INCREMENT cho bảng `user_settings`
--
ALTER TABLE `user_settings`
  MODIFY `settings_id` int(11) NOT NULL AUTO_INCREMENT, AUTO_INCREMENT=5;

--
-- Các ràng buộc cho các bảng đã đổ
--

--
-- Các ràng buộc cho bảng `chat_history`
--
ALTER TABLE `chat_history`
  ADD CONSTRAINT `fk_chat_user` FOREIGN KEY (`user_id`) REFERENCES `users` (`user_id`) ON DELETE CASCADE;

--
-- Các ràng buộc cho bảng `fact_air_quality`
--
ALTER TABLE `fact_air_quality`
  ADD CONSTRAINT `fk_air_quality_aqi_level` FOREIGN KEY (`aqi_level_id`) REFERENCES `dim_aqi_scale` (`aqi_level_id`),
  ADD CONSTRAINT `fk_air_quality_district` FOREIGN KEY (`district_id`) REFERENCES `dim_districts` (`district_id`) ON DELETE CASCADE;

--
-- Các ràng buộc cho bảng `fact_forecast`
--
ALTER TABLE `fact_forecast`
  ADD CONSTRAINT `fk_forecast_aqi_level` FOREIGN KEY (`aqi_level_id`) REFERENCES `dim_aqi_scale` (`aqi_level_id`),
  ADD CONSTRAINT `fk_forecast_district` FOREIGN KEY (`district_id`) REFERENCES `dim_districts` (`district_id`) ON DELETE CASCADE;

--
-- Các ràng buộc cho bảng `health_logs`
--
ALTER TABLE `health_logs`
  ADD CONSTRAINT `fk_health_district` FOREIGN KEY (`district_id`) REFERENCES `dim_districts` (`district_id`) ON DELETE SET NULL,
  ADD CONSTRAINT `fk_health_user` FOREIGN KEY (`user_id`) REFERENCES `users` (`user_id`) ON DELETE CASCADE;

--
-- Các ràng buộc cho bảng `pollution_reports`
--
ALTER TABLE `pollution_reports`
  ADD CONSTRAINT `fk_report_district` FOREIGN KEY (`district_id`) REFERENCES `dim_districts` (`district_id`),
  ADD CONSTRAINT `fk_report_type` FOREIGN KEY (`type_id`) REFERENCES `dim_pollution_types` (`type_id`),
  ADD CONSTRAINT `fk_report_user` FOREIGN KEY (`user_id`) REFERENCES `users` (`user_id`) ON DELETE CASCADE,
  ADD CONSTRAINT `fk_report_verified_by` FOREIGN KEY (`verified_by`) REFERENCES `users` (`user_id`) ON DELETE SET NULL;

--
-- Các ràng buộc cho bảng `user_settings`
--
ALTER TABLE `user_settings`
  ADD CONSTRAINT `fk_settings_district` FOREIGN KEY (`alert_district_id`) REFERENCES `dim_districts` (`district_id`) ON DELETE SET NULL,
  ADD CONSTRAINT `fk_settings_user` FOREIGN KEY (`user_id`) REFERENCES `users` (`user_id`) ON DELETE CASCADE;
COMMIT;

/*!40101 SET CHARACTER_SET_CLIENT=@OLD_CHARACTER_SET_CLIENT */;
/*!40101 SET CHARACTER_SET_RESULTS=@OLD_CHARACTER_SET_RESULTS */;
/*!40101 SET COLLATION_CONNECTION=@OLD_COLLATION_CONNECTION */;
